-- MySQL dump 10.13  Distrib 5.7.12, for Win64 (x86_64)
--
-- Host: localhost    Database: qltt
-- ------------------------------------------------------
-- Server version	5.7.12

/*!40101 SET @OLD_CHARACTER_SET_CLIENT=@@CHARACTER_SET_CLIENT */;
/*!40101 SET @OLD_CHARACTER_SET_RESULTS=@@CHARACTER_SET_RESULTS */;
/*!40101 SET @OLD_COLLATION_CONNECTION=@@COLLATION_CONNECTION */;
/*!40101 SET NAMES utf8 */;
/*!40103 SET @OLD_TIME_ZONE=@@TIME_ZONE */;
/*!40103 SET TIME_ZONE='+00:00' */;
/*!40014 SET @OLD_UNIQUE_CHECKS=@@UNIQUE_CHECKS, UNIQUE_CHECKS=0 */;
/*!40014 SET @OLD_FOREIGN_KEY_CHECKS=@@FOREIGN_KEY_CHECKS, FOREIGN_KEY_CHECKS=0 */;
/*!40101 SET @OLD_SQL_MODE=@@SQL_MODE, SQL_MODE='NO_AUTO_VALUE_ON_ZERO' */;
/*!40111 SET @OLD_SQL_NOTES=@@SQL_NOTES, SQL_NOTES=0 */;

--
-- Current Database: `qltt`
--

USE `qltt`;

--
-- Table structure for table `t_finance`
--

DROP TABLE IF EXISTS `t_finance`;
/*!40101 SET @saved_cs_client     = @@character_set_client */;
/*!40101 SET character_set_client = utf8 */;
CREATE TABLE `t_finance` (
  `ID` varchar(32) NOT NULL,
  `APPROFILETYPE` varchar(255) DEFAULT NULL,
  `BUYMONEY` float DEFAULT NULL,
  `BUYPROJECTNO` varchar(255) DEFAULT NULL,
  `BUYPROJECTORG` varchar(255) DEFAULT NULL,
  `BUYUSE` varchar(255) DEFAULT NULL,
  `BUYYEAR` varchar(255) DEFAULT NULL,
  `CATEGORY` varchar(255) DEFAULT NULL,
  `COLLECTORG` varchar(255) DEFAULT NULL,
  `EXPENSEACCOUNT` varchar(255) DEFAULT NULL,
  `HAPPENYEAR` int(11) DEFAULT NULL,
  `MONEYAREA` varchar(255) DEFAULT NULL,
  `MONEYSOURCE` varchar(255) DEFAULT NULL,
  `MONEYTOTAL` float DEFAULT NULL,
  `MONEYUSE` varchar(255) DEFAULT NULL,
  `PAYTIME` datetime DEFAULT NULL,
  `ZBWNO` varchar(255) DEFAULT NULL,
  PRIMARY KEY (`ID`)
) ENGINE=InnoDB DEFAULT CHARSET=utf8;
/*!40101 SET character_set_client = @saved_cs_client */;

--
-- Dumping data for table `t_finance`
--

/*!40000 ALTER TABLE `t_finance` DISABLE KEYS */;
INSERT INTO `t_finance` (`ID`, `APPROFILETYPE`, `BUYMONEY`, `BUYPROJECTNO`, `BUYPROJECTORG`, `BUYUSE`, `BUYYEAR`, `CATEGORY`, `COLLECTORG`, `EXPENSEACCOUNT`, `HAPPENYEAR`, `MONEYAREA`, `MONEYSOURCE`, `MONEYTOTAL`, `MONEYUSE`, `PAYTIME`, `ZBWNO`) VALUES ('402880e6478c6d8201478c72e8ff0008',NULL,NULL,NULL,NULL,NULL,NULL,NULL,NULL,NULL,NULL,NULL,NULL,NULL,NULL,NULL,NULL);
INSERT INTO `t_finance` (`ID`, `APPROFILETYPE`, `BUYMONEY`, `BUYPROJECTNO`, `BUYPROJECTORG`, `BUYUSE`, `BUYYEAR`, `CATEGORY`, `COLLECTORG`, `EXPENSEACCOUNT`, `HAPPENYEAR`, `MONEYAREA`, `MONEYSOURCE`, `MONEYTOTAL`, `MONEYUSE`, `PAYTIME`, `ZBWNO`) VALUES ('402880e6478c6d8201478c74a6000010',NULL,NULL,NULL,NULL,NULL,NULL,NULL,NULL,NULL,NULL,NULL,NULL,NULL,NULL,NULL,NULL);
INSERT INTO `t_finance` (`ID`, `APPROFILETYPE`, `BUYMONEY`, `BUYPROJECTNO`, `BUYPROJECTORG`, `BUYUSE`, `BUYYEAR`, `CATEGORY`, `COLLECTORG`, `EXPENSEACCOUNT`, `HAPPENYEAR`, `MONEYAREA`, `MONEYSOURCE`, `MONEYTOTAL`, `MONEYUSE`, `PAYTIME`, `ZBWNO`) VALUES ('402880f259074906015907542ecc0011',NULL,NULL,NULL,NULL,NULL,NULL,NULL,NULL,NULL,NULL,NULL,NULL,NULL,NULL,NULL,NULL);
INSERT INTO `t_finance` (`ID`, `APPROFILETYPE`, `BUYMONEY`, `BUYPROJECTNO`, `BUYPROJECTORG`, `BUYUSE`, `BUYYEAR`, `CATEGORY`, `COLLECTORG`, `EXPENSEACCOUNT`, `HAPPENYEAR`, `MONEYAREA`, `MONEYSOURCE`, `MONEYTOTAL`, `MONEYUSE`, `PAYTIME`, `ZBWNO`) VALUES ('402881e547bb946e0147bb9834db0013',NULL,NULL,NULL,NULL,NULL,NULL,NULL,NULL,NULL,NULL,NULL,NULL,NULL,NULL,NULL,NULL);
INSERT INTO `t_finance` (`ID`, `APPROFILETYPE`, `BUYMONEY`, `BUYPROJECTNO`, `BUYPROJECTORG`, `BUYUSE`, `BUYYEAR`, `CATEGORY`, `COLLECTORG`, `EXPENSEACCOUNT`, `HAPPENYEAR`, `MONEYAREA`, `MONEYSOURCE`, `MONEYTOTAL`, `MONEYUSE`, `PAYTIME`, `ZBWNO`) VALUES ('40289481515cf0fe01515d076d6f003e',NULL,NULL,NULL,NULL,NULL,NULL,NULL,NULL,NULL,NULL,NULL,NULL,NULL,NULL,NULL,NULL);
INSERT INTO `t_finance` (`ID`, `APPROFILETYPE`, `BUYMONEY`, `BUYPROJECTNO`, `BUYPROJECTORG`, `BUYUSE`, `BUYYEAR`, `CATEGORY`, `COLLECTORG`, `EXPENSEACCOUNT`, `HAPPENYEAR`, `MONEYAREA`, `MONEYSOURCE`, `MONEYTOTAL`, `MONEYUSE`, `PAYTIME`, `ZBWNO`) VALUES ('4028948151dc770f0151dc7e8b100003',NULL,NULL,NULL,NULL,NULL,NULL,NULL,NULL,NULL,NULL,NULL,NULL,NULL,NULL,NULL,NULL);
/*!40000 ALTER TABLE `t_finance` ENABLE KEYS */;

--
-- Table structure for table `t_finance_files`
--

DROP TABLE IF EXISTS `t_finance_files`;
/*!40101 SET @saved_cs_client     = @@character_set_client */;
/*!40101 SET character_set_client = utf8 */;
CREATE TABLE `t_finance_files` (
  `id` varchar(32) NOT NULL,
  `financeId` varchar(32) DEFAULT NULL,
  PRIMARY KEY (`id`),
  KEY `FK_ij2p74feypwcda4n0n96pyd10` (`financeId`),
  KEY `FK_28m7vvi0cy5r5keke68b6f7rt` (`id`),
  CONSTRAINT `FK_28m7vvi0cy5r5keke68b6f7rt` FOREIGN KEY (`id`) REFERENCES `t_s_attachment` (`ID`),
  CONSTRAINT `FK_ij2p74feypwcda4n0n96pyd10` FOREIGN KEY (`financeId`) REFERENCES `t_finance` (`ID`)
) ENGINE=InnoDB DEFAULT CHARSET=utf8;
/*!40101 SET character_set_client = @saved_cs_client */;

--
-- Dumping data for table `t_finance_files`
--

/*!40000 ALTER TABLE `t_finance_files` DISABLE KEYS */;
/*!40000 ALTER TABLE `t_finance_files` ENABLE KEYS */;

--
-- Table structure for table `t_s_attachment`
--

DROP TABLE IF EXISTS `t_s_attachment`;
/*!40101 SET @saved_cs_client     = @@character_set_client */;
/*!40101 SET character_set_client = utf8 */;
CREATE TABLE `t_s_attachment` (
  `ID` varchar(32) NOT NULL,
  `attachmentcontent` longblob,
  `attachmenttitle` varchar(100) DEFAULT NULL,
  `businesskey` varchar(32) DEFAULT NULL,
  `createdate` datetime DEFAULT NULL,
  `extend` varchar(32) DEFAULT NULL,
  `note` longtext,
  `realpath` varchar(100) DEFAULT NULL,
  `subclassname` longtext,
  `swfpath` longtext,
  `BUSENTITYNAME` varchar(100) DEFAULT NULL,
  `INFOTYPEID` varchar(32) DEFAULT NULL,
  `USERID` varchar(32) DEFAULT NULL,
  PRIMARY KEY (`ID`),
  KEY `FK_mnq23hlc835n4ufgjl7nkn3bd` (`USERID`)
) ENGINE=InnoDB DEFAULT CHARSET=utf8;
/*!40101 SET character_set_client = @saved_cs_client */;

--
-- Dumping data for table `t_s_attachment`
--

/*!40000 ALTER TABLE `t_s_attachment` DISABLE KEYS */;
INSERT INTO `t_s_attachment` (`ID`, `attachmentcontent`, `attachmenttitle`, `businesskey`, `createdate`, `extend`, `note`, `realpath`, `subclassname`, `swfpath`, `BUSENTITYNAME`, `INFOTYPEID`, `USERID`) VALUES ('402880f2590749060159075431330013',NULL,'4afbfbedab64034f9015f1bca8c379310b551dab',NULL,NULL,'jpg',NULL,'upload/files/20161216191115J7j8Dw1N.jpg',NULL,'upload/files/20161216191115J7j8Dw1N.swf',NULL,NULL,NULL);
INSERT INTO `t_s_attachment` (`ID`, `attachmentcontent`, `attachmenttitle`, `businesskey`, `createdate`, `extend`, `note`, `realpath`, `subclassname`, `swfpath`, `BUSENTITYNAME`, `INFOTYPEID`, `USERID`) VALUES ('402880f25907490601590754343a0014',NULL,'e1fe9925bc315c60addea1b98eb1cb1349547719',NULL,NULL,'jpg',NULL,'upload/files/20161216191116rMyqV3XX.jpg',NULL,'upload/files/20161216191116rMyqV3XX.swf',NULL,NULL,NULL);
INSERT INTO `t_s_attachment` (`ID`, `attachmentcontent`, `attachmenttitle`, `businesskey`, `createdate`, `extend`, `note`, `realpath`, `subclassname`, `swfpath`, `BUSENTITYNAME`, `INFOTYPEID`, `USERID`) VALUES ('402880f2590749060159075436400015',NULL,'ppx01814elfynejrpjjhm47',NULL,NULL,'png',NULL,'upload/files/20161216191116LdpGOmwr.png',NULL,'upload/files/20161216191116LdpGOmwr.swf',NULL,NULL,NULL);
INSERT INTO `t_s_attachment` (`ID`, `attachmentcontent`, `attachmenttitle`, `businesskey`, `createdate`, `extend`, `note`, `realpath`, `subclassname`, `swfpath`, `BUSENTITYNAME`, `INFOTYPEID`, `USERID`) VALUES ('402880f2590749060159075438570016',NULL,'profile_small',NULL,NULL,'jpg',NULL,'upload/files/201612161911174ruvdxws.jpg',NULL,'upload/files/201612161911174ruvdxws.swf',NULL,NULL,NULL);
INSERT INTO `t_s_attachment` (`ID`, `attachmentcontent`, `attachmenttitle`, `businesskey`, `createdate`, `extend`, `note`, `realpath`, `subclassname`, `swfpath`, `BUSENTITYNAME`, `INFOTYPEID`, `USERID`) VALUES ('402881865907db74015908069bf6000c',0xFFD8FFE000104A46494600010101004800480000FFDB00430006040506050406060506070706080A100A0A09090A140E0F0C1017141818171416161A1D251F1A1B231C1616202C20232627292A29191F2D302D283025282928FFDB0043010707070A080A130A0A13281A161A2828282828282828282828282828282828282828282828282828282828282828282828282828282828282828282828282828FFC000110800C4010C03011100021101031101FFC4001F0000010501010101010100000000000000000102030405060708090A0BFFC400B5100002010303020403050504040000017D01020300041105122131410613516107227114328191A1082342B1C11552D1F02433627282090A161718191A25262728292A3435363738393A434445464748494A535455565758595A636465666768696A737475767778797A838485868788898A92939495969798999AA2A3A4A5A6A7A8A9AAB2B3B4B5B6B7B8B9BAC2C3C4C5C6C7C8C9CAD2D3D4D5D6D7D8D9DAE1E2E3E4E5E6E7E8E9EAF1F2F3F4F5F6F7F8F9FAFFC4001F0100030101010101010101010000000000000102030405060708090A0BFFC400B51100020102040403040705040400010277000102031104052131061241510761711322328108144291A1B1C109233352F0156272D10A162434E125F11718191A262728292A35363738393A434445464748494A535455565758595A636465666768696A737475767778797A82838485868788898A92939495969798999AA2A3A4A5A6A7A8A9AAB2B3B4B5B6B7B8B9BAC2C3C4C5C6C7C8C9CAD2D3D4D5D6D7D8D9DAE2E3E4E5E6E7E8E9EAF2F3F4F5F6F7F8F9FAFFDA000C03010002110311003F00FAA6800A002800A002800A002800A002800A002800A002800A002800A002800A002800A002800A002800A002800A002800A002800A002800A002800A002800A002800A002800A002800A002800A002800A002800A002800A002800A002800A002800A002800A002800A002800A002800A002800A002800A002800A002800A002800A002800A002800A002800A002800A002800A002800A0028011D9510B3B055032493800526ECAEC2D7D0E4EFFC7FA25A48634965BA60704C0995FCCE01AF2EB67186A6ED7B9E952CAB13515ED6F529AFC4BD249F9ADAF40F5DAA7FAD60B3DC3F666CF24C42EC5DB6F1FE833101AE2587FEBAC440FCC66B78671869F5309E558987D93A0D3F54B1D457758DDC138FF61C123F0EB5DF4EBD3A9AC25738AA529D3769AB172B6330A002800A002800A002800A002800A002800A002800A002800A002800A002800A002800A002800A002800A002800A00280388F8B575341E1F86188954B8982484775009C7E24578B9DD594285A3D4F5B26A51A988F7BA23C86BE34FB20A401400E8DDA370F1B3238E8CA7047E22AE13941DE2EC44E9C66AD2573AFF000FF8FB52D3D963BF26FAD871F31C48A3D9BBFE3F9D7B584CEAAD3F76AEA8F1B1792D3A9EF52D1FE07A9E89ACD96B5682E2C260EBD194F0C87D08ED5F5187C4D3C4479A9B3E66BE1EA509725456668D7418850014005001400500140050014005001400500140050014005001400500140050014005001400500140050014019FAEE936DAD69D259DD83E5B72197AAB0E847BD6188C3C311074E7B1B50AF3A135521B9E7EFF000C26F30ECD523D99E374273FCEBC07C3FAE933DC59FBB6B0264F85E36FCFAAB67FD98063F9D52E1F8F5992F3F9F48146FF00E1A5FC4A5ACAF20B8C7F0BA98C9FC7915855C82697EEE5737A59FC5E9523638ED4F4BBDD2E7F2B50B692073D370E1BE87A1AF1ABE12AE1DDAA23D8C3E2E96215E9B29D731D25DD2353BAD26F52EAC6531CABC1F461E847715D386C554C34F9A0CE6C4E169E261C9347B778575FB7F1069C278BE4993E59A2CF28DFE07B1AFB8C163218AA7CF1DCF8AC5E16785A9C9236ABB0E50A002800A002800A002800A002800A002800A002800A002800A002800A00A5AAEAB61A45A9B9D4EEE0B5807F1CCE1413E83D4D4CA4A2AECD29519D6972D3576703ABFC65F0D59965B2177A838E8618F6A1FC5B1FCAB9678DA51F33DAA1C398CABAB5CABCCE52F7E3A5CB31FB16870A2F6335C127F202B09662BA44F529F093FB753EE4558FE396AC1C79BA458327A2C8E0FE7CD4FF0068BEB135970942DA547F71E87E00F897A6F8B2E0D9BC4D63A8E372C323861201D7637723D3AD7650C546B68B73C0CCB26AF80F7A5AC7B9DED749E385001400500364758D0B3B0551C924E00A4E4A2AEC695F4465CBE24D1A27DAFAA5986F4F341AE778CA09D9CD1B2C2D67AA8BFB8B967A8D9DF0CD9DD413FF00D739037F2AD215A9D4F8657339D39C3E25616FACADB50B57B7BC852685BAAB8C8A752942AC7966AE8215254E5CD1766790F8DBC1F2E86C6EACF74BA731EA79688FA1F51EFF009D7C8E65953C3FEF29EB1FC8FAACB73455FF007757E2FCCE46BC53DB363C29AD49A16B115D293E49F92641FC49DFF11D4577E5D8B786AA9F47B9E7E6383589A4D755B1EF7148B2C6B246C191806523B83DEBEEE32525747C434D3B31D5420A002800A002800A002800A002800A002800A002800A00280026803CAFC7FF0016ACB47696C74011DFEA0B95697398623F51F78FB0E3DEB8B118C8D3D23AB3E872CE1FAB8BB54ABEEC7F16783EB7ACEA1AE5F35DEAD772DD4E7A173C28F451D147B0AF22A559D477933EEF0981A1848F2D28D8CFACCEC0A0028027B2BB9AC2F20BCB5731DC40E258D81E8C0E455D39B84949186268C6BD29539ECD1F6568F78BA8E93677AA30B710A4A07A6E507FAD7D1C5F324CFC8AAC3D9CDC3B32DD51985001401E59F17AF6E0EA16963B996D7CAF34A8E8EC491CFAE31FAD7CC67D5A6A5182D8FA3C8A8C24A551EE79ED7CD5CFA5B58744ED14824899A39072190E08FC45542A4A0EF1644E9C26AD2573D03C1FE3D9A1963B3D724F32163B56E4FDE4FF007BD47BF5AFA2CBB397754EBFDE7CEE6193A49D4A1F71E9D34515CDBBC72AAC9148B8653C8606BE95C54E367B33E75371775B9E19E31D09B41D65E05C9B593E7818FF0077D3EA3A7E55F0F99E0FEAB56CB67B1F6B96E33EB34B5DD6E61579C7A47B1FC2DD4CDEF87BECD23665B36F2F9FEE1E57FA8FC2BED726C47B5A167BA3E2F37A1EC710DAD9EA7655EB9E58500140050014005001400500140050014005001400500417D776F63692DCDE4D1C36F129679246C2A8F52693692BB2A1094E4A31576CF9E7E24FC51BAD79A5D3B42692D74AE55E51F2C9703FF655F6EA7BFA579389C6397BB0D8FBACA387A34AD5B12AF2EDD8F30AF38FAB4ADA20A06140050014001CE0E064F614D2BBB133928C5B67D8FE14B57B2F0C6936B2822486D224607B10A335F494D5A291F906266A75A725D5B356ACC033400D2EA0E0B007DCD2B8ECCCCD7F42B0D76DD62BF8892A729229C321F635CD89C253C4C796A237C3E26A61E5CD4D9C6CFF000C2124F91AA4AA3B078837F222BC79F0FC1FC323D68E7F517C514723E26F0A6A1A06249C2CD6AC70268FA03E8476AF1F1B95D5C2AE6DD1EBE0B34A78A7CBB339FAF34F4CF5FF0085BAC3DFE8EF653B169ACC85524F2633D3F2E47E55F6592E29D6A3C92DD1F1B9BE1550ADCD1D993FC4ED305EF86DEE157335A1F354F7DBD187E5CFE15A671875570EDF5446535FD8E212E8F43C66BE20FB53B8F84B7661D7EE2D89F967809C7BA9CFF226BE8320AB6AAE1DD1E067D4EF4E33ECCF5DAFAD3E582800A002800A002800A002800A002800A002800A00ADA9DFDB6996135E5FCE905B42A5E491CE028A52928ABB2E9D3954928415DB3E64F895E3EBBF175E18202F068D1366283A1908FE37F7F41DBEB5E262B14EABE58EC7E89936490C1C555A9ACFF2387AE33E842800A002800A0028034BC372DA41E21D325D4B8B28EE63798E33F20604F15AD1694D396C716630A93C34E34BE268FA135AF8BFE18D3D08B39A7D465ECB6F190BF8B36057B13C6528F5B9F9FE1F87F1959EB1E5F5381D77E366B175B9347B2B6B14ECF29F39FF00A28FD6B92798C9FC28F7B0DC294D6B5E77F4385D53C61E22D5189BDD66F9D4FF0002CA635FC9702B92589AB2DD9EDD0C9B0747E182319A7999B734D2B37A9724FF003ACFDA4BB9DAB0B452B28A35745F14EB9A24AB2699AA5D43839D8642E87EAAD906B48626A43667262729C26215A705F23DFF00E17FC458BC5886C6FD12DF5789771553F24CA3AB2FA1F515EBE1B12AB2B3DCF83CDF279E5F2E68EB07D4EDF57B48AFB4CBAB69D43472C6CA41FA75AD2BD35529CA323C9A53709A947747CEDF5AFCEE6AD268FD0A0F9A299DBFC249197C473C63EEBDB1CFE0C3FC6BDCC824D566BC8F0B3E8AF6517E67AA6AD109F4CBB898643C2EA7F106BEA6BC54A9C93EC7CCD2972CD33E731D07D2BF39968D9FA1C5DD2674BF0EE431F8C74FC7F1175FCD4D7A793CAD8A89E66731BE199EE35F707C60500140050014005001400500140050014005003279A382179667548D14B3331C05039249A4DD869393B23E64F8ABE3C97C57A81B5B2764D16DDBF76BD3CE61FF002D1BFA0EDD7AD78D8BC4FB47CB1D8FD0F22C996123EDAAAF7DFE07035C27D205001400500140050014005002D002500140050014017F42D4E6D1B59B2D46D98ACB6D2AC831DC03C8FA1191F8D69466E134D1C78FC3C713879D397547D8CE7ED164C63FF96919DBF88E2BE866B9A0D23F255EECB53E727468DD91C10CA4A907B11C1AFCE6AC5C66D33F42A52528268EFF00E105A3B6A77D7654F971C4220DFED139C7E42BE8320A4F9A550F033EAAAD1A7D773D235A985B6917B31E91C2EDF929AFA3C44B96949F91F3D463CD522BCCF9D87DD1F4AFCEA4EEDB3F438AB248E97E1D4664F18D863F877B1FC14D7A7932BE291E5E732B6159EE35F707C60500140050014005001400500140050014001A00F07F8E5E383733C9E1BD2E5FDC467FD36453F7DBFE79FD077F7E3B1AF331B89B7EEE27D970E653CDFED5557A7F99E375E51F6C140050014005001919C679F4EF4D26F626538C7593B17ADB49D4AEB1F66D3AF6507A14B773FD2B45466F6472CF30C343E29AFBCB5FF08BEBF8CFF626A78FFAF57FF0A7F57ABFCA65FDAD83FF009F8BEF2B5CE8FA9DAE7ED3A6DF42075DF6EE3FA54BA335BA358661869FC3517DE50C8CE33CFA77A869ADCEA8CE32D62C291414005001401B3E0FD125F117892C34C841FDF483CC6FEEC63963F97F315BE1E9BA95123CECD716B09869547BF4F53EC18D4246AAA30A0600F6AFA13F286EFA9CCEADE07D2353BF7BB95268A57399044FB439F5231D7E95E657CAA8569F3C96A77D0CCABD087245E86F699A7DB6996896B630AC30A7451FCC9EE7DEBBA9518518F2C1591C752ACAACB9A6EECCFF001AA4B278575458012E606E07A77FD3358E3937879A8F636C1B4ABC1CB6B9E095F9F33EFCEEFE11D99975BBABB23E5821DA0FFB4C7FC01AFA0C8295EA4AA763E7F3EAB684699EB55F587CB850014005001400500140050014005001401C3FC58F178F0AF874FD9987F69DDE63B61FDDFEF3FE03F522B9F135BD942FD4F5727CBDE3ABA8BF856ACF97198B316662CC4E4927249F535E03777767EA3082845463B2129141400AA0B305504B138000C927D05349BD11339C60B9A4EC8F41F0BFC27F10EB4A935DC69A5DAB73BAE41F308F641CFE78AEDA5819CB59688F9CC6F1361E85E34BDE7F81EA1A17C1CF0DD82AB5F8B8D4A51D4CCFB13FEF95C7EA4D7743054E3BEA7CCE2788B195F48BE55E476FA6E81A4698A174FD36CED80EF1C2A0FE78CD74C6118EC8F22A622AD5779C9BF99A78AB310C50018A00CBD53C3DA46AA85751D32CEE41EF242A4FE7D6A254E32DD1B53C4D5A4EF0935F3381F10FC18D0AF559F48967D3263D141F323FFBE4F23F035CB53034E5B687B785E24C5D1D2A7BCBCCF20F17F80B5DF0B6E92FADC4D640E05DDBE5A3FF0081775FC7F3AF3AB612A53D7747D6E033DC3633DDBF2CBB3394AE53DA0A00F4BF81BAEE8DA1EB97CDAC4C96D2DC44B1C13C9C20E72CA4F6CF1CFB57A180A90836A5B9F2BC4D85C457841D2574B73E8BB5BAB7BB884B693C53C47A3C6E187E62BD74D3D8F83942507692B1353242800201183D29357038BD43E1D6937576D34325C5B2B1CB47111B7F0C8E2BC8AD92D0A93E6D8F56967188A51E5DCE9745D26CF46B25B5B08B6460E493CB31F527B9AF470F87861E1C90479F5AB4EBCB9EA3BB2FD6E6414005001400500140050014005001400C9A4486279256091A29666270001C9343761A4DBB23E4BF885E2593C55E27B9BFC9FB2AFEEAD90FF0C60F07EA7A9FAD7818AADED67E47EA192E0160B0E93F89EACE6AB98F5C2803A0F07784F53F166A1F66D322C468479D70E311C43DCF73E80735D1430F2ACF4D8F2F32CD68E021796B2E88FA33C13F0FF46F0AC6B24117DA750C7CD773005FFE023A28FA7E66BD9A5878525A6E7E7B8FCD6BE3A5EFBB2EC7602B73CD0A00A3A96AFA6E96A1B52D42D2CD4F7B89963FFD088A00C98FC77E1291F62789F442DE9F6E8BFC68036ECAFED2FA3F32C6EA0B98FF00BD0C81C7E60D0059A002800A006C88B22323AAB230C15619047A1A069DB54787FC54F85A904536B1E1880AA2E5EE2C906703BB463F9AFE5E95E6E2B069FBF03EB725CFE5092A189775D1FF0099E2B5E4B3EE534F54140CB7A66A57DA55C09F4CBB9ED251FC50B95FCC0E0FE35A42ACE1AC59CB88C150C42B558A67AFF813E31C9E6C767E2C0A5188517D1AE36FFD7451DBDC7E55E950C7733E5A87C8667C34E9A7530BAAEC7B7C32A4D124913ABC6E032B29C820F420D7A47C8B4D3B31F4082800A002800A002800A002800A002800A002800A00F31F8F5E207D2BC2C9A75BB159F53631B1079112E0BFE7C0FC4D71E36AFB3A765D4F7F87B04B138AE796D1D4F9C6BC33F490A00E8BC0DE16BBF16EB89636A4C70A8DF713E32224CF5F727A01FE15D187A0EB4ADD0F2B36CCE380A5CDBC9EC8FAA3C3FA2D8E81A543A7E990086DE21D3BB1EECC7B93EB5EEC20A0AD13F32AF5EA622A3A951DDB34AACC4C5F17789F4AF0968936ABAEDD2DB5A45C0CF2D2376445EACC7D05007C9BF113E3E7897C473496FA048FA1697D008581B8907AB49FC3F45FCCD4DCA48F1FB9964BB99A6BB91E7998E5A4958BB13EE4E4D0322DABFDD1F950059D3EF2EB4DB859F4EB99ECE7539125BC8D1B0FC548A00F66F875FB41F883439E2B6F1496D6B4CC80D29005CC63D43701FE8DCFBD17158FABFC37AEE9DE24D1ADB55D1AE92EACAE177248BFA823A823A107915449A74005000466803E68F8D7E144F0F78896F2CA30961A86E91540E23907DE51EC7391F8D78D8EA3C92E75B33F41E1BCC5E2293A151FBD1FC8F3AAE03E9C2800A00F71FD9FBC5324A27F0E5E485844866B42C7A2E7E64FA0C823EA6BD7C0D7E65C8CF83E26CB9519AC4D35A3DFD4F6BAF44F930A002800A002800A002800A002800A002800A002803E76FDA1EECCDE31B3B6CFCB6F660E3DD9893FC8579198CBDE48FBCE13A76A339F76796579C7D6076A2D713692BB3EA8F84FE194F0DF84EDD64402FAEC0B8B96EFB88E17FE0238FCEBE830D49538247E579BE35E331329F45A23B4AE83CC21BDB986CAD26B9BA9162B7851A492463808A06493EC00A00F83BE2EF8FEEFE2078A65BD7774D2E0263B0B727848FF00BE47F7DBA93F41DAA4A48E1A8185003E28E49A548E14792473854452CCC7D001C9A0075CDBCD6B3343750CB04CBD63950A30FC0F340115007B27ECCBE389BC39E368B44B9958E95AC3888A13C47718F91C7D7EE9F5CAFA5084D1F665512140050079D7C79B15BAF004F39037DA4F1CAA7D32769FD1AB931B1E6A4CF6F87AABA78D8A5D743E68AF08FD342800A00EB3E14DC3DB7C43D0D90E37CE623F46520D7560DDAAA3C5E20829E0677E87D602BDE3F310A002800A002800A002800A002800A002800A002803E6CF8FF1347E3D0EC3892CE223F02C2BC6CC17EF133F40E159278592ECCF36AE03EA0D6F0959AEA3E29D22CDC6526BB89187A8DC09FD056D875CD5123CFCD2AFB2C2549AEC7D8A38AFA23F2716803C7FF6A6D75F49F85F2DA40E565D52E12D0E3AF97CBBFE6171F8D2635B9F1793D49A451EC5F0FBE01F88FC53A7C3A8EA13C5A2D8CC03C5E7C65E6914F4611823683FED107DA8B0AE741AF7ECC9ACDADA3CBA2EBB677F328CF933C2602DEC1B2C33F5C53B073107ECD57BA27843C67AED8F8C445A56BA1561B792F70823C13E626E3C2939539EE07069207A8FFDAABC5BE1BF105CE8F65A1DC5B5FEA166EED3DD5B90CA8846047BC7DEE79C0CE31EF4D823C0690CB3A6DC3DA6A56773092B2C33C72291D8AB023F95007E9321CA83EA335440B40050079EFC76BB5B6F87B771B1F9AE668A251EBF36E3FA29AE5C64AD499ED70FD37531D0B74D4F996BC13F4E0A002803B7F83162D7DF1134C20652DB7DC31F40AA40FD48AECC0C6F553EC7CFF125654F04E3DF43EA515EE1F9B8500140050014005001400500140050014005001401E2BFB46E90CF0695AC46A4AC6CD6B29F40DF32FEA08FC6BCECC29DE2A67D6F0AE2542ACA8BEBA9E1B5E41F766BF846F174EF1568F79210121BB89D89EC37007F9D6D87972D44CF3F35A4EAE12A41763EC507D2BE88FC9C2803E7CFDB1A091BC2BE1F9D41F2A3BF656FAB4471FC8D26544F09F82BA45A6BBF14BC3B61A82ABDAB5C195E36E43EC4670A7D412A38A486F63EF9038AA202803E3BFDADE2B34F89968D6C13ED1269B19B9C7760EE173EFB47E4054B291E2740C28037BC07A3C9E20F1A687A54409375791A363B206DCC7F0504D00CFD121D2A880A002803E78F8FBE244D4B5E8347B57DD069F93291D0CCC3A7FC047EA4D7919855BB505D0FBAE17C0B841E264B7D17A1E555E71F5C14005007BEFECF5E1E6B5D2AEF5CB84224BC3E54191FF2CD4F27F16FFD06BD9C052E58F33EA7E7DC4F8D55ABAA117A47F33D7EBBCF980A002800A002800A002800A002800A002800A0028032BC53A2DBF88740BDD2EEB88EE13686EE8DD5587D0E0D454829C5C59BE17112C3558D586E8F91358D36EB48D4EE74FBF8FCBB9B7728E3FA8F62391F5AF9EA94DD3938B3F58C1E2A18AA4AAC1E8CA759DEC743575667D49F093C549E25F0B42B2C80EA366A21B853D4E07CAFF461FA835F4186ACAAC2FD4FCB738C04B058871FB2F547715D0794711F19BC24DE33F87BA9E976EA0DE851716993FF002D93951F8F2BFF0002A4C68F85B47D4AFBC3FAE5A6A3645ADF50B19C489BD794753CAB0FCC11F5148A3EC3F04FC7AF07EB9A6C4758BD4D17510A04B05D6426EEE524C608FAE0FB53B9361BE35F8FDE10D12C65FEC6BB1ADEA04111C36A0F960FFB7211803E993ED45C2C7C87E28D7AFF00C4FAFDEEB1ABCA25BDBB7DEE40C2A8E8154765000007B5228CAA002803E9FF00D94FE1F4B6C9278CB5684A3CD198B4E471CF967EFCBFF02E83DB27B8A684D9F48D3242803CFBE2AF8FA1F0B58359D83A49AD4EBFBB4EA2053FC6C3F90EFF004AE5C4E21518D96E7B393E533C754BCB482DDFE87CCD23BCB23C92B33C8E4B3331C9627924FBD784E4E4EECFD329D38D38A8455921B48B0A00E8BC09E17B8F1678821B08432DB8C3DCCC07FAB8FBFE27A0F7FA57461A83AB2B743CACDF318E068397DA7B1F59585A41616505A5A4622B7810471A0E8AA0600AF7D249591F974E6E727296ECB14C90A002800A002800A002800A002800A002800A002800A00F3AF8B3E005F14D98BED3955359B75C2E7813A7F709F5F43F874AE4C561956575B9EDE4D9B4B0153965AC1EFE5E67CD97104B6D71241711BC5346C51E37186523A822BC4945C5D99FA4D1AB0AD05383BA66A7857C437DE18D662D474D70245F95E36FBB2A7756F6FE479AD28D695295D1C998E5F4F1F49D39EFD19F4FF827C65A5F8B6C04D6126CB9403CEB573FBC88FF0051EE38AF769568D55789F99E3B2FAD829F2555F3E8CE97AD6A711F3DFC7BF8292EB97571E24F0844A7527F9EEEC410A2E0FF007D3B07F51FC5F5EA9A1A67CB3756F3DA5CCB6D750CB05C44DB648A5528E87D083C8A451150312810F8629279A38608DE59A43B523452CCC7D001C93401F42FC1EF80377797106AFE3B80DBD9A90F1E96DFEB25F4F37FBABFECF53DF1D0BB09B3EA68A3486248E25548D00555518000E800A6484922468CEEC151464B138007BD1704AFA23C93E20FC5DB5B0596C7C2EC97579CAB5D9198A3FF0077FBE7F4FAD706231B18690D59F4B95F0F54C4B552BFBB1EDD59E0D77733DE5D4B737734935C4AC5A492439663EA4D79129B9BBC8FBEA1421420A9D3564886A4D4280357C35A06A1E23D563B0D2A1324CDCB31E1235FEF31EC3F9F6AD695195595A270E3F30A581A6E751FA2EE7D4BE05F0A59F847455B2B4FDE4CC77CF3918695FD7D80E8076AF7A8D28D28F2A3F32C7E3AA636ABAB53E4BB1D156A710500140050014005001400500140050014005001400500140050070DF113E1DE9FE2D8CDC4645A6ACAB84B955E1C0E8AE3B8F7EA3F4AE6AF868D65E67AD9666F5B012D358F63E74F13787354F0D5F7D9757B56858FDC90731C83D55BBFF3F6AF1AAD09D276923F42C0E67431B1BD37AF6EA6758DE5CD85DC773633CB6F7319CA4B131565FC6B384E50778B3AABE1E9E221C9555D1EB5E14F8D5776CA907892D3ED6838FB4DBE164FAB2F43F862BD2A59874A88F91C770B6BCD8697C99EA5A1F8FF00C33AD05169AB5BACA7FE594E7CA71ED86C7E95DD0AF4E7B33E6B119662B0EFF79062F8AFC11E18F1942A75ED2AD6F5B1849C0DB228F69170DFAD6BB9C3AA3CCF51FD9A7C253C85ACF51D66D01FE012A4807FDF4B9FD68B05C769DFB357846DDC35EDF6B3798FE133246A7FEF9507F5A2C173D2FC29E04F0C784549D0347B4B3931869C2EE94FD646CB7EB40B72E6ADE2BD074752751D5ACA023F84CA0B7FDF2326A255610DD9D347075EB3B53837F23CFBC43F1B34BB7578F43B29EFA5E82497F751FF00F147F215C9531F08FC3A9EEE1786313575AAF957E2792F8ABC6FAEF89CB2EA57856D49C8B687E4887D47F17E24D79F571552AEFB1F5781C930D83B4A2AF2EECE66B98F5C28003C0C9E9409B4B73BBF03FC34D63C4CD1DC4E8DA7E98793712AFCCE3FD85EFF0053C7D6BB6860A55359688F9ECCB8868E153852F7A5F81F44785BC37A678634E167A4DB88D0F2EE79791BD58F73FCBB57AF4E9C69AB44F82C562EAE2E7ED2ABBB366B43982800A002800A002800A002800A002800A002800A002800A002800A002802A6A7A759EA966F6BA8DB45736EFF007A39543034A51525665D3A93A52E683B33C8BC59F052290BCFE19BBF25BAFD96E4965FA2BF51F8E6BCFAB808CB58687D46078A2AD3B4710B9977EA792EBFE16D6FC3EE5756D36E2041FF002D76EE8CFD1C64579F530F529EE8FABC2E6D85C52F727AF6317861D88FCEB03D1D196ACF51BEB239B3BDBAB7FF00AE53327F235A2AB38ECCE6A982C3D5F8E09FC8D78BC6BE2789709AFEA58F79C9FE75A2C555FE6391E4B8197FCBB439FC6FE287521BC41A960FA4D8FE543C555FE605926057FCBB465DE6B3A9DEE7ED9A95ECE0F5125C3B0FCB359BAD51EECE9A797E1A9FC34D2F9140000E4000D436DEE75462A3A24148A168026B2B4B9BE9843636F35CCA7A24285CFE42AE34E52D91856C551A2AF52491DF7873E11788F552AF7C91E976E7A99CEE931EC83FA915D94F01396B2D0F0317C4F86A5A525CCFF03D73C25F0BBC3FE1F68E7784EA17ABC89AE40214FAAA741FA9F7AF4296169D3D6DA9F298DCEF158CD24ECBB23BB0315D279014005001400500140050014005001400500140050014005001400500140050014005001400D745742AE0329E082320D009DB54729AD7C3BF0BEAE59EE34982394FFCB4B7CC4DFF008EE05633C3D39EE8F42866B8BC3FC137F99C76A3F03B4B9493A7EAB7B6FE8B2AACA3FA1AE6965F4DECCF5E8F14E261F1C53306E7E066A4A4FD9B59B371DBCC8597F91358BCB9F491DF0E2D5F6A9FE2536F825E2019DB7FA5B7FC09C7FECB53FD9D3EE6CB8B28758304F823E2038DD7FA5AFF00C09CFF00ECB47F674BB89F1651E9065DB7F819A8923ED1AD5A20EFE5C0CDFCC8AA59777918CF8B57D9A7F89B563F0374D420DF6B17937A88A358C7EB9AD6397C16ECE2A9C558997C1148EA34BF857E12B0C13A6FDA9C7F15D48D27E9D3F4ADE184A51D91E656CEF1B5B473B7A1D858D85A5845E558DB416D1FF7618C20FD2BA1452D8F36752751DE4EE590314C80A002800A002800A002800A002800A002800A002800A002800A002800A002800A002800A002800A002800A002800A002800A002800A002800A002800A002800A002800A002800A002800A002800A002800A002800A002800A002800A002800A002800A002800A002800A002800A002800A002800A002800A002800A002800A002800A002800A002800A002800A002800A002800A002800A002800A002800A002800A002800A002800A002800A002800A002800A002800A002800A002800A002800A002800A002800A002803FFD9,'4afbfbedab64034f9015f1bca8c379310b551dab',NULL,'2016-12-16 22:26:07','jpg',NULL,'upload/files/20161216222607YvbDnX3S.jpg','org.jeecgframework.web.system.pojo.base.TSDocument','upload/files/20161216222607YvbDnX3S.swf',NULL,NULL,NULL);
INSERT INTO `t_s_attachment` (`ID`, `attachmentcontent`, `attachmenttitle`, `businesskey`, `createdate`, `extend`, `note`, `realpath`, `subclassname`, `swfpath`, `BUSENTITYNAME`, `INFOTYPEID`, `USERID`) VALUES ('4028948151dc770f0151dc7e8c5a0005',NULL,'u=2838363326,1449558984&fm=21&gp=0',NULL,NULL,'jpg',NULL,'upload/files/20151226121419XByRRIAP.jpg',NULL,'upload/files/20151226121419XByRRIAP.swf',NULL,NULL,NULL);
INSERT INTO `t_s_attachment` (`ID`, `attachmentcontent`, `attachmenttitle`, `businesskey`, `createdate`, `extend`, `note`, `realpath`, `subclassname`, `swfpath`, `BUSENTITYNAME`, `INFOTYPEID`, `USERID`) VALUES ('4028948151dc770f0151dc7e8d050006',NULL,'u=1363640605,4248245426&fm=21&gp=0',NULL,NULL,'jpg',NULL,'upload/files/20151226121419g57TQ4dt.jpg',NULL,'upload/files/20151226121419g57TQ4dt.swf',NULL,NULL,NULL);
INSERT INTO `t_s_attachment` (`ID`, `attachmentcontent`, `attachmenttitle`, `businesskey`, `createdate`, `extend`, `note`, `realpath`, `subclassname`, `swfpath`, `BUSENTITYNAME`, `INFOTYPEID`, `USERID`) VALUES ('4028948151dc770f0151dc7e8d7e0007',NULL,'u=3142339483,1901057718&fm=21&gp=0',NULL,NULL,'jpg',NULL,'upload/files/20151226121420U1FbymIQ.jpg',NULL,'upload/files/20151226121420U1FbymIQ.swf',NULL,NULL,NULL);
INSERT INTO `t_s_attachment` (`ID`, `attachmentcontent`, `attachmenttitle`, `businesskey`, `createdate`, `extend`, `note`, `realpath`, `subclassname`, `swfpath`, `BUSENTITYNAME`, `INFOTYPEID`, `USERID`) VALUES ('4028948151dc770f0151dc7e8e020008',NULL,'u=175527439,2098210574&fm=21&gp=0',NULL,NULL,'jpg',NULL,'upload/files/20151226121420DtR5hB67.jpg',NULL,'upload/files/20151226121420DtR5hB67.swf',NULL,NULL,NULL);
INSERT INTO `t_s_attachment` (`ID`, `attachmentcontent`, `attachmenttitle`, `businesskey`, `createdate`, `extend`, `note`, `realpath`, `subclassname`, `swfpath`, `BUSENTITYNAME`, `INFOTYPEID`, `USERID`) VALUES ('4028948151dc770f0151dc7e8e8b0009',NULL,'u=4125376057,1493775393&fm=21&gp=0',NULL,NULL,'jpg',NULL,'upload/files/20151226121420FiCmHjrJ.jpg',NULL,'upload/files/20151226121420FiCmHjrJ.swf',NULL,NULL,NULL);
/*!40000 ALTER TABLE `t_s_attachment` ENABLE KEYS */;

--
-- Table structure for table `t_s_base_user`
--

DROP TABLE IF EXISTS `t_s_base_user`;
/*!40101 SET @saved_cs_client     = @@character_set_client */;
/*!40101 SET character_set_client = utf8 */;
CREATE TABLE `t_s_base_user` (
  `ID` varchar(32) NOT NULL,
  `activitiSync` smallint(6) DEFAULT NULL,
  `browser` varchar(20) DEFAULT NULL,
  `password` varchar(100) DEFAULT NULL,
  `realname` varchar(50) DEFAULT NULL,
  `signature` blob,
  `status` smallint(6) DEFAULT NULL,
  `userkey` varchar(200) DEFAULT NULL,
  `username` varchar(10) NOT NULL,
  `departid` varchar(32) DEFAULT NULL,
  PRIMARY KEY (`ID`),
  KEY `FK_15jh1g4iem1857546ggor42et` (`departid`),
  CONSTRAINT `FK_15jh1g4iem1857546ggor42et` FOREIGN KEY (`departid`) REFERENCES `t_s_depart` (`ID`)
) ENGINE=InnoDB DEFAULT CHARSET=utf8;
/*!40101 SET character_set_client = @saved_cs_client */;

--
-- Dumping data for table `t_s_base_user`
--

/*!40000 ALTER TABLE `t_s_base_user` DISABLE KEYS */;
INSERT INTO `t_s_base_user` (`ID`, `activitiSync`, `browser`, `password`, `realname`, `signature`, `status`, `userkey`, `username`, `departid`) VALUES ('402881e4461f9c6401461fa2e6f50002',NULL,NULL,'4be1dd049390623054515c6d433c4e3c','tingfeng',NULL,1,NULL,'tingfeng','4028d881436d514601436d5214d70015');
INSERT INTO `t_s_base_user` (`ID`, `activitiSync`, `browser`, `password`, `realname`, `signature`, `status`, `userkey`, `username`, `departid`) VALUES ('402881e44648134a014648174a45000c',NULL,NULL,'e0d5cae5376f58ac','jeecg测试',NULL,1,NULL,'ceshi','4028d881436d514601436d5214d70015');
INSERT INTO `t_s_base_user` (`ID`, `activitiSync`, `browser`, `password`, `realname`, `signature`, `status`, `userkey`, `username`, `departid`) VALUES ('4028d881436d514601436d5215ac0043',NULL,NULL,'c44b01947c9e6e3f','管理员',NULL,1,NULL,'admin','4028d881436d514601436d5214d70015');
INSERT INTO `t_s_base_user` (`ID`, `activitiSync`, `browser`, `password`, `realname`, `signature`, `status`, `userkey`, `username`, `departid`) VALUES ('4028d881436d514601436d5215b20044',NULL,NULL,'97c07a884bf272b5','张代浩',NULL,1,NULL,'scott','4028d881436d514601436d5214f30017');
INSERT INTO `t_s_base_user` (`ID`, `activitiSync`, `browser`, `password`, `realname`, `signature`, `status`, `userkey`, `username`, `departid`) VALUES ('4028d881436d514601436d5215b80045',0,NULL,'f2322ec2fb9f40d1','采购员',NULL,1,NULL,'cgy','4028d881436d514601436d5214d70015');
INSERT INTO `t_s_base_user` (`ID`, `activitiSync`, `browser`, `password`, `realname`, `signature`, `status`, `userkey`, `username`, `departid`) VALUES ('4028d881436d514601436d5215bc0046',1,NULL,'a324509dc1a3089a','采购审批员',NULL,1,NULL,'cgspy','4028d881436d514601436d5214d70015');
/*!40000 ALTER TABLE `t_s_base_user` ENABLE KEYS */;

--
-- Table structure for table `t_s_config`
--

DROP TABLE IF EXISTS `t_s_config`;
/*!40101 SET @saved_cs_client     = @@character_set_client */;
/*!40101 SET character_set_client = utf8 */;
CREATE TABLE `t_s_config` (
  `ID` varchar(32) NOT NULL,
  `code` varchar(100) DEFAULT NULL,
  `content` longtext,
  `name` varchar(100) NOT NULL,
  `note` longtext,
  `userid` varchar(32) DEFAULT NULL,
  PRIMARY KEY (`ID`),
  KEY `FK_m3q8r50ror4fl7fjkvd82tqgn` (`userid`),
  CONSTRAINT `FK_m3q8r50ror4fl7fjkvd82tqgn` FOREIGN KEY (`userid`) REFERENCES `t_s_user` (`id`)
) ENGINE=InnoDB DEFAULT CHARSET=utf8;
/*!40101 SET character_set_client = @saved_cs_client */;

--
-- Dumping data for table `t_s_config`
--

/*!40000 ALTER TABLE `t_s_config` DISABLE KEYS */;
/*!40000 ALTER TABLE `t_s_config` ENABLE KEYS */;

--
-- Table structure for table `t_s_depart`
--

DROP TABLE IF EXISTS `t_s_depart`;
/*!40101 SET @saved_cs_client     = @@character_set_client */;
/*!40101 SET character_set_client = utf8 */;
CREATE TABLE `t_s_depart` (
  `ID` varchar(32) NOT NULL,
  `departname` varchar(100) NOT NULL,
  `description` longtext,
  `parentdepartid` varchar(32) DEFAULT NULL,
  PRIMARY KEY (`ID`),
  KEY `FK_knnm3wb0bembwvm0il7tf6686` (`parentdepartid`),
  CONSTRAINT `FK_knnm3wb0bembwvm0il7tf6686` FOREIGN KEY (`parentdepartid`) REFERENCES `t_s_depart` (`ID`)
) ENGINE=InnoDB DEFAULT CHARSET=utf8;
/*!40101 SET character_set_client = @saved_cs_client */;

--
-- Dumping data for table `t_s_depart`
--

/*!40000 ALTER TABLE `t_s_depart` DISABLE KEYS */;
INSERT INTO `t_s_depart` (`ID`, `departname`, `description`, `parentdepartid`) VALUES ('4028d881436d514601436d5214d70015','信息部','12',NULL);
INSERT INTO `t_s_depart` (`ID`, `departname`, `description`, `parentdepartid`) VALUES ('4028d881436d514601436d5214ef0016','设计部',NULL,NULL);
INSERT INTO `t_s_depart` (`ID`, `departname`, `description`, `parentdepartid`) VALUES ('4028d881436d514601436d5214f30017','研发室','研发技术难题','4028d881436d514601436d5214ef0016');
/*!40000 ALTER TABLE `t_s_depart` ENABLE KEYS */;

--
-- Table structure for table `t_s_fileno`
--

DROP TABLE IF EXISTS `t_s_fileno`;
/*!40101 SET @saved_cs_client     = @@character_set_client */;
/*!40101 SET character_set_client = utf8 */;
CREATE TABLE `t_s_fileno` (
  `ID` varchar(32) NOT NULL,
  `filenobefore` varchar(32) DEFAULT NULL,
  `filenonum` int(11) DEFAULT NULL,
  `filenotype` varchar(32) DEFAULT NULL,
  `filenoYear` date DEFAULT NULL,
  PRIMARY KEY (`ID`)
) ENGINE=InnoDB DEFAULT CHARSET=utf8;
/*!40101 SET character_set_client = @saved_cs_client */;

--
-- Dumping data for table `t_s_fileno`
--

/*!40000 ALTER TABLE `t_s_fileno` DISABLE KEYS */;
/*!40000 ALTER TABLE `t_s_fileno` ENABLE KEYS */;

--
-- Table structure for table `t_s_function`
--

DROP TABLE IF EXISTS `t_s_function`;
/*!40101 SET @saved_cs_client     = @@character_set_client */;
/*!40101 SET character_set_client = utf8 */;
CREATE TABLE `t_s_function` (
  `ID` varchar(32) NOT NULL,
  `functioniframe` smallint(6) DEFAULT NULL,
  `functionlevel` smallint(6) DEFAULT NULL,
  `functionname` varchar(50) NOT NULL,
  `functionorder` varchar(255) DEFAULT NULL,
  `functionurl` varchar(100) DEFAULT NULL,
  `parentfunctionid` varchar(32) DEFAULT NULL,
  `iconid` varchar(32) DEFAULT NULL,
  `desk_iconid` varchar(32) DEFAULT NULL,
  PRIMARY KEY (`ID`),
  KEY `FK_brd7b3keorj8pmxcv8bpahnxp` (`parentfunctionid`),
  KEY `FK_q5tqo3v4ltsp1pehdxd59rccx` (`iconid`),
  KEY `FK_gbdacaoju6d5u53rp4jo4rbs9` (`desk_iconid`),
  CONSTRAINT `FK_brd7b3keorj8pmxcv8bpahnxp` FOREIGN KEY (`parentfunctionid`) REFERENCES `t_s_function` (`ID`),
  CONSTRAINT `FK_gbdacaoju6d5u53rp4jo4rbs9` FOREIGN KEY (`desk_iconid`) REFERENCES `t_s_icon` (`ID`),
  CONSTRAINT `FK_q5tqo3v4ltsp1pehdxd59rccx` FOREIGN KEY (`iconid`) REFERENCES `t_s_icon` (`ID`)
) ENGINE=InnoDB DEFAULT CHARSET=utf8;
/*!40101 SET character_set_client = @saved_cs_client */;

--
-- Dumping data for table `t_s_function`
--

/*!40000 ALTER TABLE `t_s_function` DISABLE KEYS */;
INSERT INTO `t_s_function` (`ID`, `functioniframe`, `functionlevel`, `functionname`, `functionorder`, `functionurl`, `parentfunctionid`, `iconid`, `desk_iconid`) VALUES ('297e7eb6469a4a8901469a54eff60006',NULL,2,'文章管理','3','cmsArticleController.do?cmsArticle','402881e44695183a0146951af2b70004','4028d881436d514601436d5214b30002',NULL);
INSERT INTO `t_s_function` (`ID`, `functioniframe`, `functionlevel`, `functionname`, `functionorder`, `functionurl`, `parentfunctionid`, `iconid`, `desk_iconid`) VALUES ('402880e6477d61da01477d71430f001a',NULL,1,'JqueryFile示例','10','fileUploadController.do?fileUploadSample','4028d881436d514601436d52150d001b','4028d881436d514601436d5214b30002',NULL);
INSERT INTO `t_s_function` (`ID`, `functioniframe`, `functionlevel`, `functionname`, `functionorder`, `functionurl`, `parentfunctionid`, `iconid`, `desk_iconid`) VALUES ('402880e6478c6d8201478c71c5460001',NULL,2,'微相册','03','weixinPhotoAlbumController.do?weixinPhotoAlbum','4028d881436d514601436d5449330189','4028d881436d514601436d5214b30002',NULL);
INSERT INTO `t_s_function` (`ID`, `functioniframe`, `functionlevel`, `functionname`, `functionorder`, `functionurl`, `parentfunctionid`, `iconid`, `desk_iconid`) VALUES ('402880f25906117601590614ca94000a',NULL,0,'支付窗平台','3','',NULL,'4028d881436d514601436d5214b30002',NULL);
INSERT INTO `t_s_function` (`ID`, `functioniframe`, `functionlevel`, `functionname`, `functionorder`, `functionurl`, `parentfunctionid`, `iconid`, `desk_iconid`) VALUES ('402880f2590623420159062581630001',NULL,1,'基础设置','1','','402880f25906117601590614ca94000a','4028d881436d514601436d5214ba0007',NULL);
INSERT INTO `t_s_function` (`ID`, `functioniframe`, `functionlevel`, `functionname`, `functionorder`, `functionurl`, `parentfunctionid`, `iconid`, `desk_iconid`) VALUES ('402880f25906234201590626596e0004',NULL,1,'消息素材','2','','402880f25906117601590614ca94000a','4028d881436d514601436d5214ba0007',NULL);
INSERT INTO `t_s_function` (`ID`, `functioniframe`, `functionlevel`, `functionname`, `functionorder`, `functionurl`, `parentfunctionid`, `iconid`, `desk_iconid`) VALUES ('402880f2590623420159062692fc0006',NULL,1,'用户管理','3','','402880f25906117601590614ca94000a','4028d881436d514601436d5214ba0007',NULL);
INSERT INTO `t_s_function` (`ID`, `functioniframe`, `functionlevel`, `functionname`, `functionorder`, `functionurl`, `parentfunctionid`, `iconid`, `desk_iconid`) VALUES ('402880f25906234201590626c28e0008',NULL,1,'群发管理','4','','402880f25906117601590614ca94000a','4028d881436d514601436d5214ba0007',NULL);
INSERT INTO `t_s_function` (`ID`, `functioniframe`, `functionlevel`, `functionname`, `functionorder`, `functionurl`, `parentfunctionid`, `iconid`, `desk_iconid`) VALUES ('402880f2590623420159062783c4000a',NULL,2,'支付窗账号管理','1','alipay/alipayAccount.do?list','402880f2590623420159062581630001','4028d881436d514601436d5214b30002',NULL);
INSERT INTO `t_s_function` (`ID`, `functioniframe`, `functionlevel`, `functionname`, `functionorder`, `functionurl`, `parentfunctionid`, `iconid`, `desk_iconid`) VALUES ('402880f25906234201590627ef06000c',NULL,2,'支付窗关键字管理','2','alipay/alipayAutoresponse.do?list','402880f2590623420159062581630001','4028d881436d514601436d5214b30002',NULL);
INSERT INTO `t_s_function` (`ID`, `functioniframe`, `functionlevel`, `functionname`, `functionorder`, `functionurl`, `parentfunctionid`, `iconid`, `desk_iconid`) VALUES ('402880f259062342015906288369000f',NULL,2,'支付窗菜单管理','3','alipay/alipayMenu.do?list','402880f2590623420159062581630001','4028d881436d514601436d5214b30002',NULL);
INSERT INTO `t_s_function` (`ID`, `functioniframe`, `functionlevel`, `functionname`, `functionorder`, `functionurl`, `parentfunctionid`, `iconid`, `desk_iconid`) VALUES ('402880f25906234201590628d62c0011',NULL,2,'支付窗关注回复','4','alipay/alipayGzentity.do?list','402880f2590623420159062581630001','4028d881436d514601436d5214b30002',NULL);
INSERT INTO `t_s_function` (`ID`, `functioniframe`, `functionlevel`, `functionname`, `functionorder`, `functionurl`, `parentfunctionid`, `iconid`, `desk_iconid`) VALUES ('402880f2590623420159062d921c0013',NULL,2,'支付窗文本消息','1','alipay/alipayTexttemplate.do?list','402880f25906234201590626596e0004','4028d881436d514601436d5214b30002',NULL);
INSERT INTO `t_s_function` (`ID`, `functioniframe`, `functionlevel`, `functionname`, `functionorder`, `functionurl`, `parentfunctionid`, `iconid`, `desk_iconid`) VALUES ('402880f2590623420159062df7fe0016',NULL,2,'支付窗图文消息','2','alipay/alipayNewstemplate.do?list','402880f25906234201590626596e0004','4028d881436d514601436d5214b30002',NULL);
INSERT INTO `t_s_function` (`ID`, `functioniframe`, `functionlevel`, `functionname`, `functionorder`, `functionurl`, `parentfunctionid`, `iconid`, `desk_iconid`) VALUES ('402880f2590623420159062ea59f0018',NULL,2,'支付窗用户管理','1','alipay/alipayGzuserinfo.do?list','402880f2590623420159062692fc0006','4028d881436d514601436d5214b30002',NULL);
INSERT INTO `t_s_function` (`ID`, `functioniframe`, `functionlevel`, `functionname`, `functionorder`, `functionurl`, `parentfunctionid`, `iconid`, `desk_iconid`) VALUES ('402880f2590623420159062f3b4a001a',NULL,2,'支付窗用户消息','2','alipay/alipayReceivetext.do?list','402880f2590623420159062692fc0006','4028d881436d514601436d5214b30002',NULL);
INSERT INTO `t_s_function` (`ID`, `functioniframe`, `functionlevel`, `functionname`, `functionorder`, `functionurl`, `parentfunctionid`, `iconid`, `desk_iconid`) VALUES ('402880f25906234201590630a5cc001c',NULL,2,'支付窗消息群发','1','alipay/groupMsg.do?toGroupMsgSend','402880f25906234201590626c28e0008','4028d881436d514601436d5214b30002',NULL);
INSERT INTO `t_s_function` (`ID`, `functioniframe`, `functionlevel`, `functionname`, `functionorder`, `functionurl`, `parentfunctionid`, `iconid`, `desk_iconid`) VALUES ('402880f259062342015906312d27001f',NULL,2,'支付窗群发消息记录','2','alipay/alipayMessagelog.do?list','402880f25906234201590626c28e0008','4028d881436d514601436d5214b30002',NULL);
INSERT INTO `t_s_function` (`ID`, `functioniframe`, `functionlevel`, `functionname`, `functionorder`, `functionurl`, `parentfunctionid`, `iconid`, `desk_iconid`) VALUES ('40288186590896200159089bc6510002',NULL,2,'用户地理位置','4','qywx/qywxLocation.do?list','4028ef8156b0c68f0156b0ca9d800015','4028d881436d514601436d5214b30002',NULL);
INSERT INTO `t_s_function` (`ID`, `functioniframe`, `functionlevel`, `functionname`, `functionorder`, `functionurl`, `parentfunctionid`, `iconid`, `desk_iconid`) VALUES ('40288186590896200159089c30620004',NULL,1,'高级功能','5','','4028ef8156b0c68f0156b0c88eb10001','4028d881436d514601436d5214ba0007',NULL);
INSERT INTO `t_s_function` (`ID`, `functioniframe`, `functionlevel`, `functionname`, `functionorder`, `functionurl`, `parentfunctionid`, `iconid`, `desk_iconid`) VALUES ('40288186590896200159089c8a360006',NULL,2,'企业号消息群发','1','qywx/groupMsg.do?toGroupMsgSend','40288186590896200159089c30620004','4028d881436d514601436d5214b30002',NULL);
INSERT INTO `t_s_function` (`ID`, `functioniframe`, `functionlevel`, `functionname`, `functionorder`, `functionurl`, `parentfunctionid`, `iconid`, `desk_iconid`) VALUES ('40288186590896200159089ccf5b0008',NULL,2,'企业号群发日志','2','qywx/qywxMessagelog.do?list','40288186590896200159089c30620004','4028d881436d514601436d5214b30002',NULL);
INSERT INTO `t_s_function` (`ID`, `functioniframe`, `functionlevel`, `functionname`, `functionorder`, `functionurl`, `parentfunctionid`, `iconid`, `desk_iconid`) VALUES ('402881e446677b700146677d7b600001',NULL,2,'扩展接口','09','weixinExpandconfigController.do?weixinExpandconfig','4028d881436d514601436d5449330189','4028d881436d514601436d5214b30002',NULL);
INSERT INTO `t_s_function` (`ID`, `functioniframe`, `functionlevel`, `functionname`, `functionorder`, `functionurl`, `parentfunctionid`, `iconid`, `desk_iconid`) VALUES ('402881e44695183a0146951af2b70004',NULL,1,'微信网站','4','','4028ef8156b0c68f0156b0d4cf390045','4028d881436d514601436d5214ba0007',NULL);
INSERT INTO `t_s_function` (`ID`, `functioniframe`, `functionlevel`, `functionname`, `functionorder`, `functionurl`, `parentfunctionid`, `iconid`, `desk_iconid`) VALUES ('402881e44695183a0146951b66050006',NULL,2,'广告管理','0','adController.do?ad','402881e44695183a0146951af2b70004','4028d881436d514601436d5214b30002',NULL);
INSERT INTO `t_s_function` (`ID`, `functioniframe`, `functionlevel`, `functionname`, `functionorder`, `functionurl`, `parentfunctionid`, `iconid`, `desk_iconid`) VALUES ('402881e44695183a0146951ed79e0008',NULL,2,'栏目管理','1','cmsMenuController.do?menu','402881e44695183a0146951af2b70004','4028d881436d514601436d5214b30002',NULL);
INSERT INTO `t_s_function` (`ID`, `functioniframe`, `functionlevel`, `functionname`, `functionorder`, `functionurl`, `parentfunctionid`, `iconid`, `desk_iconid`) VALUES ('402881e545f5dd1a0145f5de9bb60001',NULL,1,'消息素材','2','','4028ef8156b0c68f0156b0d4cf390045','4028d881436d514601436d5214ba0007',NULL);
INSERT INTO `t_s_function` (`ID`, `functioniframe`, `functionlevel`, `functionname`, `functionorder`, `functionurl`, `parentfunctionid`, `iconid`, `desk_iconid`) VALUES ('402881e545f5dd1a0145f5f32cf00005',NULL,2,'文本消息','1','textTemplateController.do?list','402881e545f5dd1a0145f5de9bb60001','4028d881436d514601436d5214b30002',NULL);
INSERT INTO `t_s_function` (`ID`, `functioniframe`, `functionlevel`, `functionname`, `functionorder`, `functionurl`, `parentfunctionid`, `iconid`, `desk_iconid`) VALUES ('402881e545f5f4780145f61198810004',NULL,2,'图文消息','2','newsTemplateController.do?list','402881e545f5dd1a0145f5de9bb60001','4028d881436d514601436d5214b30002',NULL);
INSERT INTO `t_s_function` (`ID`, `functioniframe`, `functionlevel`, `functionname`, `functionorder`, `functionurl`, `parentfunctionid`, `iconid`, `desk_iconid`) VALUES ('402881e8460d7e5301460d81c7a60001',NULL,2,'关键字管理','3','autoResponseController.do?list','4028d881436d514601436d52c2fb0181','4028d881436d514601436d5214b30002',NULL);
INSERT INTO `t_s_function` (`ID`, `functioniframe`, `functionlevel`, `functionname`, `functionorder`, `functionurl`, `parentfunctionid`, `iconid`, `desk_iconid`) VALUES ('402889f64747048401474706d2a50001',NULL,2,'网站信息','5','weixinCmsSiteController.do?weixinCmsSite','402881e44695183a0146951af2b70004','4028d881436d514601436d5214b30002',NULL);
INSERT INTO `t_s_function` (`ID`, `functioniframe`, `functionlevel`, `functionname`, `functionorder`, `functionurl`, `parentfunctionid`, `iconid`, `desk_iconid`) VALUES ('4028948151d756d80151d758c25e0001',NULL,2,'素材链接','6','weixinLinksucaiController.do?privateList','402881e545f5dd1a0145f5de9bb60001','4028d881436d514601436d5214b30002',NULL);
INSERT INTO `t_s_function` (`ID`, `functioniframe`, `functionlevel`, `functionname`, `functionorder`, `functionurl`, `parentfunctionid`, `iconid`, `desk_iconid`) VALUES ('4028948151dc6b1f0151dc6fdf05000c',NULL,2,'用户消息','08','receiveTextController.do?list','4028d881436d514601436d5449330189','4028d881436d514601436d5214b30002',NULL);
INSERT INTO `t_s_function` (`ID`, `functioniframe`, `functionlevel`, `functionname`, `functionorder`, `functionurl`, `parentfunctionid`, `iconid`, `desk_iconid`) VALUES ('4028d881436d514601436d5215070018',NULL,0,'Online 开发','12','',NULL,'4028d881436d514601436d5214ba0007',NULL);
INSERT INTO `t_s_function` (`ID`, `functioniframe`, `functionlevel`, `functionname`, `functionorder`, `functionurl`, `parentfunctionid`, `iconid`, `desk_iconid`) VALUES ('4028d881436d514601436d52150a0019',NULL,0,'系统管理','11','',NULL,'4028d881436d514601436d5214b80005',NULL);
INSERT INTO `t_s_function` (`ID`, `functioniframe`, `functionlevel`, `functionname`, `functionorder`, `functionurl`, `parentfunctionid`, `iconid`, `desk_iconid`) VALUES ('4028d881436d514601436d52150b001a',NULL,0,'统计查询','5','',NULL,'4028d881436d514601436d5214ba0007',NULL);
INSERT INTO `t_s_function` (`ID`, `functioniframe`, `functionlevel`, `functionname`, `functionorder`, `functionurl`, `parentfunctionid`, `iconid`, `desk_iconid`) VALUES ('4028d881436d514601436d52150d001b',NULL,0,'常用示例','8','',NULL,'4028d881436d514601436d5214b30002',NULL);
INSERT INTO `t_s_function` (`ID`, `functioniframe`, `functionlevel`, `functionname`, `functionorder`, `functionurl`, `parentfunctionid`, `iconid`, `desk_iconid`) VALUES ('4028d881436d514601436d52150f001c',NULL,0,'系统监控','7','',NULL,'4028d881436d514601436d5214b30002',NULL);
INSERT INTO `t_s_function` (`ID`, `functioniframe`, `functionlevel`, `functionname`, `functionorder`, `functionurl`, `parentfunctionid`, `iconid`, `desk_iconid`) VALUES ('4028d881436d514601436d521513001d',NULL,1,'用户管理','5','userController.do?user','4028d881436d514601436d52150a0019','4028d881436d514601436d5214b30002',NULL);
INSERT INTO `t_s_function` (`ID`, `functioniframe`, `functionlevel`, `functionname`, `functionorder`, `functionurl`, `parentfunctionid`, `iconid`, `desk_iconid`) VALUES ('4028d881436d514601436d521516001e',NULL,1,'角色管理','6','roleController.do?role','4028d881436d514601436d52150a0019','4028d881436d514601436d5214b30002',NULL);
INSERT INTO `t_s_function` (`ID`, `functioniframe`, `functionlevel`, `functionname`, `functionorder`, `functionurl`, `parentfunctionid`, `iconid`, `desk_iconid`) VALUES ('4028d881436d514601436d52151a001f',NULL,1,'菜单管理','7','functionController.do?function','4028d881436d514601436d52150a0019','4028d881436d514601436d5214b30002',NULL);
INSERT INTO `t_s_function` (`ID`, `functioniframe`, `functionlevel`, `functionname`, `functionorder`, `functionurl`, `parentfunctionid`, `iconid`, `desk_iconid`) VALUES ('4028d881436d514601436d52151f0020',NULL,1,'数据字典','200','systemController.do?typeGroupList','4028d881436d514601436d52150a0019','4028d881436d514601436d5214b30002',NULL);
INSERT INTO `t_s_function` (`ID`, `functioniframe`, `functionlevel`, `functionname`, `functionorder`, `functionurl`, `parentfunctionid`, `iconid`, `desk_iconid`) VALUES ('4028d881436d514601436d5215220021',NULL,1,'图标管理','201','iconController.do?icon','4028d881436d514601436d52150a0019','4028d881436d514601436d5214b30002',NULL);
INSERT INTO `t_s_function` (`ID`, `functioniframe`, `functionlevel`, `functionname`, `functionorder`, `functionurl`, `parentfunctionid`, `iconid`, `desk_iconid`) VALUES ('4028d881436d514601436d5215260023',NULL,1,'部门管理','22','departController.do?depart','4028d881436d514601436d52150a0019','4028d881436d514601436d5214b30002',NULL);
INSERT INTO `t_s_function` (`ID`, `functioniframe`, `functionlevel`, `functionname`, `functionorder`, `functionurl`, `parentfunctionid`, `iconid`, `desk_iconid`) VALUES ('4028d881436d514601436d52152c0025',NULL,1,'用户分析','17','logController.do?statisticTabs&isIframe','4028d881436d514601436d52150b001a','4028d881436d514601436d5214b10001',NULL);
INSERT INTO `t_s_function` (`ID`, `functioniframe`, `functionlevel`, `functionname`, `functionorder`, `functionurl`, `parentfunctionid`, `iconid`, `desk_iconid`) VALUES ('4028d881436d514601436d5215300026',NULL,1,'表单配置','1','cgFormHeadController.do?cgFormHeadList','4028d881436d514601436d5215070018','4028d881436d514601436d5214b30002',NULL);
INSERT INTO `t_s_function` (`ID`, `functioniframe`, `functionlevel`, `functionname`, `functionorder`, `functionurl`, `parentfunctionid`, `iconid`, `desk_iconid`) VALUES ('4028d881436d514601436d5215340027',NULL,1,'动态报表配置','2','cgreportConfigHeadController.do?cgreportConfigHead','4028d881436d514601436d5215070018','4028d881436d514601436d5214b30002',NULL);
INSERT INTO `t_s_function` (`ID`, `functioniframe`, `functionlevel`, `functionname`, `functionorder`, `functionurl`, `parentfunctionid`, `iconid`, `desk_iconid`) VALUES ('4028d881436d514601436d5215380028',NULL,1,'数据监控','11','dataSourceController.do?goDruid&isIframe','4028d881436d514601436d52150f001c','4028d881436d514601436d5214b30002',NULL);
INSERT INTO `t_s_function` (`ID`, `functioniframe`, `functionlevel`, `functionname`, `functionorder`, `functionurl`, `parentfunctionid`, `iconid`, `desk_iconid`) VALUES ('4028d881436d514601436d52153b0029',NULL,1,'系统日志','21','logController.do?log','4028d881436d514601436d52150f001c','4028d881436d514601436d5214b30002',NULL);
INSERT INTO `t_s_function` (`ID`, `functioniframe`, `functionlevel`, `functionname`, `functionorder`, `functionurl`, `parentfunctionid`, `iconid`, `desk_iconid`) VALUES ('4028d881436d514601436d521540002a',NULL,1,'定时任务','21','timeTaskController.do?timeTask','4028d881436d514601436d52150f001c','4028d881436d514601436d5214b30002',NULL);
INSERT INTO `t_s_function` (`ID`, `functioniframe`, `functionlevel`, `functionname`, `functionorder`, `functionurl`, `parentfunctionid`, `iconid`, `desk_iconid`) VALUES ('4028d881436d514601436d521545002b',NULL,1,'表单验证','1','demoController.do?formTabs','4028d881436d514601436d52150d001b','4028d881436d514601436d5214b30002',NULL);
INSERT INTO `t_s_function` (`ID`, `functioniframe`, `functionlevel`, `functionname`, `functionorder`, `functionurl`, `parentfunctionid`, `iconid`, `desk_iconid`) VALUES ('4028d881436d514601436d521549002c',NULL,1,'Demo示例','2','jeecgDemoController.do?jeecgDemo','4028d881436d514601436d52150d001b','4028d881436d514601436d5214b30002',NULL);
INSERT INTO `t_s_function` (`ID`, `functioniframe`, `functionlevel`, `functionname`, `functionorder`, `functionurl`, `parentfunctionid`, `iconid`, `desk_iconid`) VALUES ('4028d881436d514601436d52154d002d',NULL,1,'单表模型','3','jeecgNoteController.do?jeecgNote','4028d881436d514601436d52150d001b','4028d881436d514601436d5214b30002',NULL);
INSERT INTO `t_s_function` (`ID`, `functioniframe`, `functionlevel`, `functionname`, `functionorder`, `functionurl`, `parentfunctionid`, `iconid`, `desk_iconid`) VALUES ('4028d881436d514601436d521552002e',NULL,1,'一对多模型','4','jeecgOrderMainController.do?jeecgOrderMain','4028d881436d514601436d52150d001b','4028d881436d514601436d5214b30002',NULL);
INSERT INTO `t_s_function` (`ID`, `functioniframe`, `functionlevel`, `functionname`, `functionorder`, `functionurl`, `parentfunctionid`, `iconid`, `desk_iconid`) VALUES ('4028d881436d514601436d521557002f',NULL,1,'Excel导入导出','5','courseController.do?course','4028d881436d514601436d52150d001b','4028d881436d514601436d5214b30002',NULL);
INSERT INTO `t_s_function` (`ID`, `functioniframe`, `functionlevel`, `functionname`, `functionorder`, `functionurl`, `parentfunctionid`, `iconid`, `desk_iconid`) VALUES ('4028d881436d514601436d52155a0030',NULL,1,'上传下载','6','commonController.do?listTurn&turn=system/document/filesList','4028d881436d514601436d52150d001b','4028d881436d514601436d5214b30002',NULL);
INSERT INTO `t_s_function` (`ID`, `functioniframe`, `functionlevel`, `functionname`, `functionorder`, `functionurl`, `parentfunctionid`, `iconid`, `desk_iconid`) VALUES ('4028d881436d514601436d52155f0031',NULL,1,'无分页列表','7','userNoPageController.do?user','4028d881436d514601436d52150d001b','4028d881436d514601436d5214b30002',NULL);
INSERT INTO `t_s_function` (`ID`, `functioniframe`, `functionlevel`, `functionname`, `functionorder`, `functionurl`, `parentfunctionid`, `iconid`, `desk_iconid`) VALUES ('4028d881436d514601436d5215640032',NULL,1,'jdbc示例','8','jeecgJdbcController.do?jeecgJdbc','4028d881436d514601436d52150d001b','4028d881436d514601436d5214b30002',NULL);
INSERT INTO `t_s_function` (`ID`, `functioniframe`, `functionlevel`, `functionname`, `functionorder`, `functionurl`, `parentfunctionid`, `iconid`, `desk_iconid`) VALUES ('4028d881436d514601436d5215670033',NULL,1,'SQL分离','9','jeecgJdbcController.do?dictParameter','4028d881436d514601436d52150d001b','4028d881436d514601436d5214b30002',NULL);
INSERT INTO `t_s_function` (`ID`, `functioniframe`, `functionlevel`, `functionname`, `functionorder`, `functionurl`, `parentfunctionid`, `iconid`, `desk_iconid`) VALUES ('4028d881436d514601436d52156b0034',NULL,1,'字典标签','10','demoController.do?dictSelect','4028d881436d514601436d52150d001b','4028d881436d514601436d5214b30002',NULL);
INSERT INTO `t_s_function` (`ID`, `functioniframe`, `functionlevel`, `functionname`, `functionorder`, `functionurl`, `parentfunctionid`, `iconid`, `desk_iconid`) VALUES ('4028d881436d514601436d52156f0035',NULL,1,'表单弹出风格','11','demoController.do?demoList','4028d881436d514601436d52150d001b','4028d881436d514601436d5214b30002',NULL);
INSERT INTO `t_s_function` (`ID`, `functioniframe`, `functionlevel`, `functionname`, `functionorder`, `functionurl`, `parentfunctionid`, `iconid`, `desk_iconid`) VALUES ('4028d881436d514601436d5215730036',NULL,1,'特殊布局','12','demoController.do?demoIframe','4028d881436d514601436d52150d001b','4028d881436d514601436d5214b30002',NULL);
INSERT INTO `t_s_function` (`ID`, `functioniframe`, `functionlevel`, `functionname`, `functionorder`, `functionurl`, `parentfunctionid`, `iconid`, `desk_iconid`) VALUES ('4028d881436d514601436d5215770037',NULL,1,'单表例子(无Tag)','13','jeecgEasyUIController.do?jeecgEasyUI','4028d881436d514601436d52150d001b','4028d881436d514601436d5214b30002',NULL);
INSERT INTO `t_s_function` (`ID`, `functioniframe`, `functionlevel`, `functionname`, `functionorder`, `functionurl`, `parentfunctionid`, `iconid`, `desk_iconid`) VALUES ('4028d881436d514601436d52157a0038',NULL,1,'一对多例子(无Tag)','14','jeecgOrderMainNoTagController.do?jeecgOrderMainNoTag','4028d881436d514601436d52150d001b','4028d881436d514601436d5214b30002',NULL);
INSERT INTO `t_s_function` (`ID`, `functioniframe`, `functionlevel`, `functionname`, `functionorder`, `functionurl`, `parentfunctionid`, `iconid`, `desk_iconid`) VALUES ('4028d881436d514601436d52157e0039',NULL,1,'HTML编辑器','15','jeecgDemoController.do?ckeditor&isIframe','4028d881436d514601436d52150d001b','4028d881436d514601436d5214b30002',NULL);
INSERT INTO `t_s_function` (`ID`, `functioniframe`, `functionlevel`, `functionname`, `functionorder`, `functionurl`, `parentfunctionid`, `iconid`, `desk_iconid`) VALUES ('4028d881436d514601436d521581003a',NULL,1,'在线word(IE)','16','webOfficeController.do?webOffice','4028d881436d514601436d52150d001b','4028d881436d514601436d5214b30002',NULL);
INSERT INTO `t_s_function` (`ID`, `functioniframe`, `functionlevel`, `functionname`, `functionorder`, `functionurl`, `parentfunctionid`, `iconid`, `desk_iconid`) VALUES ('4028d881436d514601436d521584003b',NULL,1,'WebOffice官方例子','17','webOfficeController.do?webOfficeSample&isIframe','4028d881436d514601436d52150d001b','4028d881436d514601436d5214b30002',NULL);
INSERT INTO `t_s_function` (`ID`, `functioniframe`, `functionlevel`, `functionname`, `functionorder`, `functionurl`, `parentfunctionid`, `iconid`, `desk_iconid`) VALUES ('4028d881436d514601436d521587003c',NULL,1,'多附件管理','18','tFinanceController.do?tFinance','4028d881436d514601436d52150d001b','4028d881436d514601436d5214b30002',NULL);
INSERT INTO `t_s_function` (`ID`, `functioniframe`, `functionlevel`, `functionname`, `functionorder`, `functionurl`, `parentfunctionid`, `iconid`, `desk_iconid`) VALUES ('4028d881436d514601436d52158a003d',NULL,1,'Datagrid手工Html','19','userController.do?userDemo','4028d881436d514601436d52150d001b','4028d881436d514601436d5214b30002',NULL);
INSERT INTO `t_s_function` (`ID`, `functioniframe`, `functionlevel`, `functionname`, `functionorder`, `functionurl`, `parentfunctionid`, `iconid`, `desk_iconid`) VALUES ('4028d881436d514601436d52158f003e',NULL,1,'物料Bom','20','jeecgMatterBomController.do?goList','4028d881436d514601436d52150d001b','4028d881436d514601436d5214b30002',NULL);
INSERT INTO `t_s_function` (`ID`, `functioniframe`, `functionlevel`, `functionname`, `functionorder`, `functionurl`, `parentfunctionid`, `iconid`, `desk_iconid`) VALUES ('4028d881436d514601436d521593003f',NULL,1,'报表示例','21','reportDemoController.do?studentStatisticTabs&isIframe','4028d881436d514601436d52150b001a','4028d881436d514601436d5214b10001',NULL);
INSERT INTO `t_s_function` (`ID`, `functioniframe`, `functionlevel`, `functionname`, `functionorder`, `functionurl`, `parentfunctionid`, `iconid`, `desk_iconid`) VALUES ('4028d881436d514601436d5215990040',NULL,1,'ckfinder例子','100','jeecgDemoCkfinderController.do?jeecgDemoCkfinder','4028d881436d514601436d52150d001b','4028d881436d514601436d5214b30002',NULL);
INSERT INTO `t_s_function` (`ID`, `functioniframe`, `functionlevel`, `functionname`, `functionorder`, `functionurl`, `parentfunctionid`, `iconid`, `desk_iconid`) VALUES ('4028d881436d514601436d52c2fb0181',NULL,1,'基础设置','1','','4028ef8156b0c68f0156b0d4cf390045','4028d881436d514601436d5214ba0007',NULL);
INSERT INTO `t_s_function` (`ID`, `functioniframe`, `functionlevel`, `functionname`, `functionorder`, `functionurl`, `parentfunctionid`, `iconid`, `desk_iconid`) VALUES ('4028d881436d514601436d5449330189',NULL,1,'微活动','3','','4028ef8156b0c68f0156b0d4cf390045','4028d881436d514601436d5214ba0007',NULL);
INSERT INTO `t_s_function` (`ID`, `functioniframe`, `functionlevel`, `functionname`, `functionorder`, `functionurl`, `parentfunctionid`, `iconid`, `desk_iconid`) VALUES ('4028d881436d514601436d5618400191',NULL,2,'关注欢迎语','2','subscribeController.do?list','4028d881436d514601436d52c2fb0181','4028d881436d514601436d5214b30002',NULL);
INSERT INTO `t_s_function` (`ID`, `functioniframe`, `functionlevel`, `functionname`, `functionorder`, `functionurl`, `parentfunctionid`, `iconid`, `desk_iconid`) VALUES ('4028d881436d514601436d5884be019d',NULL,2,'自定义菜单','4','menuManagerController.do?list','4028d881436d514601436d52c2fb0181','4028d881436d514601436d5214b30002',NULL);
INSERT INTO `t_s_function` (`ID`, `functioniframe`, `functionlevel`, `functionname`, `functionorder`, `functionurl`, `parentfunctionid`, `iconid`, `desk_iconid`) VALUES ('4028d881436d514601436d59984601a5',NULL,2,'大转盘','01','huodongController.do?list&type=2','4028d881436d514601436d5449330189','4028d881436d514601436d5214b30002',NULL);
INSERT INTO `t_s_function` (`ID`, `functioniframe`, `functionlevel`, `functionname`, `functionorder`, `functionurl`, `parentfunctionid`, `iconid`, `desk_iconid`) VALUES ('4028d881436d514601436d59d6d901a7',NULL,2,'刮刮乐','02','huodongController.do?list&type=1','4028d881436d514601436d5449330189','4028d881436d514601436d5214b30002',NULL);
INSERT INTO `t_s_function` (`ID`, `functioniframe`, `functionlevel`, `functionname`, `functionorder`, `functionurl`, `parentfunctionid`, `iconid`, `desk_iconid`) VALUES ('4028d881436d514601436d5af95501b1',NULL,2,'公众帐号管理','1','weixinAccountController.do?weixinAccount','4028d881436d514601436d52c2fb0181','4028d881436d514601436d5214b30002',NULL);
INSERT INTO `t_s_function` (`ID`, `functioniframe`, `functionlevel`, `functionname`, `functionorder`, `functionurl`, `parentfunctionid`, `iconid`, `desk_iconid`) VALUES ('4028ef8156b07fa50156b082a1100005',NULL,0,'插件演示','6','',NULL,'4028d881436d514601436d5214b30002',NULL);
INSERT INTO `t_s_function` (`ID`, `functioniframe`, `functionlevel`, `functionname`, `functionorder`, `functionurl`, `parentfunctionid`, `iconid`, `desk_iconid`) VALUES ('4028ef8156b07fa50156b082d9310007',NULL,1,'普通列表','1','p3/wxActInvite.do?list','4028ef8156b07fa50156b082a1100005','4028d881436d514601436d5214b30002',NULL);
INSERT INTO `t_s_function` (`ID`, `functioniframe`, `functionlevel`, `functionname`, `functionorder`, `functionurl`, `parentfunctionid`, `iconid`, `desk_iconid`) VALUES ('4028ef8156b07fa50156b08315c20009',NULL,1,'树列表','2','p3/auth.do?list','4028ef8156b07fa50156b082a1100005','4028d881436d514601436d5214b30002',NULL);
INSERT INTO `t_s_function` (`ID`, `functioniframe`, `functionlevel`, `functionname`, `functionorder`, `functionurl`, `parentfunctionid`, `iconid`, `desk_iconid`) VALUES ('4028ef8156b0c68f0156b0c88eb10001',NULL,0,'微信企业号平台','2','',NULL,'4028d881436d514601436d5214b30002',NULL);
INSERT INTO `t_s_function` (`ID`, `functioniframe`, `functionlevel`, `functionname`, `functionorder`, `functionurl`, `parentfunctionid`, `iconid`, `desk_iconid`) VALUES ('4028ef8156b0c68f0156b0c8c0c60003',NULL,1,'账号管理','1','','4028ef8156b0c68f0156b0c88eb10001','4028d881436d514601436d5214ba0007',NULL);
INSERT INTO `t_s_function` (`ID`, `functioniframe`, `functionlevel`, `functionname`, `functionorder`, `functionurl`, `parentfunctionid`, `iconid`, `desk_iconid`) VALUES ('4028ef8156b0c68f0156b0c920440005',NULL,2,'企业号管理','1','qywx/qywxAccount.do?list','4028ef8156b0c68f0156b0c8c0c60003','4028d881436d514601436d5214b30002',NULL);
INSERT INTO `t_s_function` (`ID`, `functioniframe`, `functionlevel`, `functionname`, `functionorder`, `functionurl`, `parentfunctionid`, `iconid`, `desk_iconid`) VALUES ('4028ef8156b0c68f0156b0c956120007',NULL,2,'应用管理','2','qywx/qywxAgent.do?list','4028ef8156b0c68f0156b0c8c0c60003','4028d881436d514601436d5214b30002',NULL);
INSERT INTO `t_s_function` (`ID`, `functioniframe`, `functionlevel`, `functionname`, `functionorder`, `functionurl`, `parentfunctionid`, `iconid`, `desk_iconid`) VALUES ('4028ef8156b0c68f0156b0ca47730011',NULL,1,'基础管理','2','','4028ef8156b0c68f0156b0c88eb10001','4028d881436d514601436d5214ba0007',NULL);
INSERT INTO `t_s_function` (`ID`, `functioniframe`, `functionlevel`, `functionname`, `functionorder`, `functionurl`, `parentfunctionid`, `iconid`, `desk_iconid`) VALUES ('4028ef8156b0c68f0156b0ca69760013',NULL,1,'微信素材','3','','4028ef8156b0c68f0156b0c88eb10001','4028d881436d514601436d5214ba0007',NULL);
INSERT INTO `t_s_function` (`ID`, `functioniframe`, `functionlevel`, `functionname`, `functionorder`, `functionurl`, `parentfunctionid`, `iconid`, `desk_iconid`) VALUES ('4028ef8156b0c68f0156b0ca9d800015',NULL,1,'消息管理','4','','4028ef8156b0c68f0156b0c88eb10001','4028d881436d514601436d5214ba0007',NULL);
INSERT INTO `t_s_function` (`ID`, `functioniframe`, `functionlevel`, `functionname`, `functionorder`, `functionurl`, `parentfunctionid`, `iconid`, `desk_iconid`) VALUES ('4028ef8156b0c68f0156b0cadace0017',NULL,2,'企业号关键字管理','1','qywx/qywxAutoresponse.do?list','4028ef8156b0c68f0156b0ca47730011','4028d881436d514601436d5214b30002',NULL);
INSERT INTO `t_s_function` (`ID`, `functioniframe`, `functionlevel`, `functionname`, `functionorder`, `functionurl`, `parentfunctionid`, `iconid`, `desk_iconid`) VALUES ('4028ef8156b0c68f0156b0cb1d7c0019',NULL,2,'企业号关注回复','2','qywx/qywxGzentity.do?list','4028ef8156b0c68f0156b0ca47730011','4028d881436d514601436d5214b30002',NULL);
INSERT INTO `t_s_function` (`ID`, `functioniframe`, `functionlevel`, `functionname`, `functionorder`, `functionurl`, `parentfunctionid`, `iconid`, `desk_iconid`) VALUES ('4028ef8156b0c68f0156b0cb5675001b',NULL,2,'企业号菜单管理','3','qywx/qywxMenu.do?list','4028ef8156b0c68f0156b0ca47730011','4028d881436d514601436d5214b30002',NULL);
INSERT INTO `t_s_function` (`ID`, `functioniframe`, `functionlevel`, `functionname`, `functionorder`, `functionurl`, `parentfunctionid`, `iconid`, `desk_iconid`) VALUES ('4028ef8156b0c68f0156b0cbdb2f001d',NULL,2,'企业号文本消息','1','qywx/qywxTexttemplate.do?list','4028ef8156b0c68f0156b0ca69760013','4028d881436d514601436d5214b30002',NULL);
INSERT INTO `t_s_function` (`ID`, `functioniframe`, `functionlevel`, `functionname`, `functionorder`, `functionurl`, `parentfunctionid`, `iconid`, `desk_iconid`) VALUES ('4028ef8156b0c68f0156b0cc0dc7001f',NULL,2,'企业号图文消息','2','qywx/qywxNewstemplate.do?list','4028ef8156b0c68f0156b0ca69760013','4028d881436d514601436d5214b30002',NULL);
INSERT INTO `t_s_function` (`ID`, `functioniframe`, `functionlevel`, `functionname`, `functionorder`, `functionurl`, `parentfunctionid`, `iconid`, `desk_iconid`) VALUES ('4028ef8156b0c68f0156b0cc5c280021',NULL,2,'企业号用户消息','1','qywx/qywxReceivetext.do?list','4028ef8156b0c68f0156b0ca9d800015','4028d881436d514601436d5214b30002',NULL);
INSERT INTO `t_s_function` (`ID`, `functioniframe`, `functionlevel`, `functionname`, `functionorder`, `functionurl`, `parentfunctionid`, `iconid`, `desk_iconid`) VALUES ('4028ef8156b0c68f0156b0ccab2e0023',NULL,2,'企业号关注用户','2','qywx/qywxGzuserinfo.do?list','4028ef8156b0c68f0156b0ca9d800015','4028d881436d514601436d5214b30002',NULL);
INSERT INTO `t_s_function` (`ID`, `functioniframe`, `functionlevel`, `functionname`, `functionorder`, `functionurl`, `parentfunctionid`, `iconid`, `desk_iconid`) VALUES ('4028ef8156b0c68f0156b0ccefde0025',NULL,2,'企业号通讯录','3','qywx/qywxGroup.do?list','4028ef8156b0c68f0156b0ca9d800015','4028d881436d514601436d5214b30002',NULL);
INSERT INTO `t_s_function` (`ID`, `functioniframe`, `functionlevel`, `functionname`, `functionorder`, `functionurl`, `parentfunctionid`, `iconid`, `desk_iconid`) VALUES ('4028ef8156b0c68f0156b0d4cf390045',NULL,0,'微信公众平台','1','',NULL,'4028d881436d514601436d5214b30002',NULL);
/*!40000 ALTER TABLE `t_s_function` ENABLE KEYS */;

--
-- Table structure for table `t_s_icon`
--

DROP TABLE IF EXISTS `t_s_icon`;
/*!40101 SET @saved_cs_client     = @@character_set_client */;
/*!40101 SET character_set_client = utf8 */;
CREATE TABLE `t_s_icon` (
  `ID` varchar(32) NOT NULL,
  `extend` varchar(255) DEFAULT NULL,
  `iconclas` varchar(200) DEFAULT NULL,
  `content` blob,
  `name` varchar(100) NOT NULL,
  `path` longtext,
  `type` smallint(6) DEFAULT NULL,
  PRIMARY KEY (`ID`)
) ENGINE=InnoDB DEFAULT CHARSET=utf8;
/*!40101 SET character_set_client = @saved_cs_client */;

--
-- Dumping data for table `t_s_icon`
--

/*!40000 ALTER TABLE `t_s_icon` DISABLE KEYS */;
INSERT INTO `t_s_icon` (`ID`, `extend`, `iconclas`, `content`, `name`, `path`, `type`) VALUES ('4028d881436d514601436d5214650000','png','back',NULL,'返回','plug-in/accordion/images/back.png',1);
INSERT INTO `t_s_icon` (`ID`, `extend`, `iconclas`, `content`, `name`, `path`, `type`) VALUES ('4028d881436d514601436d5214b10001','png','pie',NULL,'饼图','plug-in/accordion/images/pie.png',1);
INSERT INTO `t_s_icon` (`ID`, `extend`, `iconclas`, `content`, `name`, `path`, `type`) VALUES ('4028d881436d514601436d5214b30002','png','pictures',NULL,'图片','plug-in/accordion/images/pictures.png',1);
INSERT INTO `t_s_icon` (`ID`, `extend`, `iconclas`, `content`, `name`, `path`, `type`) VALUES ('4028d881436d514601436d5214b40003','png','pencil',NULL,'笔','plug-in/accordion/images/pencil.png',1);
INSERT INTO `t_s_icon` (`ID`, `extend`, `iconclas`, `content`, `name`, `path`, `type`) VALUES ('4028d881436d514601436d5214b50004','png','map',NULL,'地图','plug-in/accordion/images/map.png',1);
INSERT INTO `t_s_icon` (`ID`, `extend`, `iconclas`, `content`, `name`, `path`, `type`) VALUES ('4028d881436d514601436d5214b80005','png','group_add',NULL,'组','plug-in/accordion/images/group_add.png',1);
INSERT INTO `t_s_icon` (`ID`, `extend`, `iconclas`, `content`, `name`, `path`, `type`) VALUES ('4028d881436d514601436d5214b90006','png','calculator',NULL,'计算器','plug-in/accordion/images/calculator.png',1);
INSERT INTO `t_s_icon` (`ID`, `extend`, `iconclas`, `content`, `name`, `path`, `type`) VALUES ('4028d881436d514601436d5214ba0007','png','folder',NULL,'文件夹','plug-in/accordion/images/folder.png',1);
/*!40000 ALTER TABLE `t_s_icon` ENABLE KEYS */;

--
-- Table structure for table `t_s_log`
--

DROP TABLE IF EXISTS `t_s_log`;
/*!40101 SET @saved_cs_client     = @@character_set_client */;
/*!40101 SET character_set_client = utf8 */;
CREATE TABLE `t_s_log` (
  `ID` varchar(32) NOT NULL,
  `broswer` varchar(100) DEFAULT NULL,
  `logcontent` longtext NOT NULL,
  `loglevel` smallint(6) DEFAULT NULL,
  `note` longtext,
  `operatetime` datetime NOT NULL,
  `operatetype` smallint(6) DEFAULT NULL,
  `userid` varchar(32) DEFAULT NULL,
  PRIMARY KEY (`ID`),
  KEY `FK_oe64k4852uylhyc5a00rfwtay` (`userid`),
  CONSTRAINT `FK_oe64k4852uylhyc5a00rfwtay` FOREIGN KEY (`userid`) REFERENCES `t_s_user` (`id`)
) ENGINE=InnoDB DEFAULT CHARSET=utf8;
/*!40101 SET character_set_client = @saved_cs_client */;

--
-- Dumping data for table `t_s_log`
--

/*!40000 ALTER TABLE `t_s_log` DISABLE KEYS */;
/*!40000 ALTER TABLE `t_s_log` ENABLE KEYS */;

--
-- Table structure for table `t_s_operation`
--

DROP TABLE IF EXISTS `t_s_operation`;
/*!40101 SET @saved_cs_client     = @@character_set_client */;
/*!40101 SET character_set_client = utf8 */;
CREATE TABLE `t_s_operation` (
  `ID` varchar(32) NOT NULL,
  `operationcode` varchar(50) DEFAULT NULL,
  `operationicon` varchar(100) DEFAULT NULL,
  `operationname` varchar(50) DEFAULT NULL,
  `status` smallint(6) DEFAULT NULL,
  `functionid` varchar(32) DEFAULT NULL,
  `iconid` varchar(32) DEFAULT NULL,
  PRIMARY KEY (`ID`),
  KEY `FK_pceuy41wr2fjbcilyc7mk3m1f` (`functionid`),
  KEY `FK_ny5de7922l39ta2pkhyspd5f` (`iconid`),
  CONSTRAINT `FK_ny5de7922l39ta2pkhyspd5f` FOREIGN KEY (`iconid`) REFERENCES `t_s_icon` (`ID`),
  CONSTRAINT `FK_pceuy41wr2fjbcilyc7mk3m1f` FOREIGN KEY (`functionid`) REFERENCES `t_s_function` (`ID`)
) ENGINE=InnoDB DEFAULT CHARSET=utf8;
/*!40101 SET character_set_client = @saved_cs_client */;

--
-- Dumping data for table `t_s_operation`
--

/*!40000 ALTER TABLE `t_s_operation` DISABLE KEYS */;
INSERT INTO `t_s_operation` (`ID`, `operationcode`, `operationicon`, `operationname`, `status`, `functionid`, `iconid`) VALUES ('402881e44648134a0146482093940049','add',NULL,'新增',NULL,'4028d881436d514601436d52154d002d','4028d881436d514601436d5214650000');
INSERT INTO `t_s_operation` (`ID`, `operationcode`, `operationicon`, `operationname`, `status`, `functionid`, `iconid`) VALUES ('402881e44648134a0146482152c2004b','edit',NULL,'编辑',NULL,'4028d881436d514601436d52154d002d','4028d881436d514601436d5214650000');
INSERT INTO `t_s_operation` (`ID`, `operationcode`, `operationicon`, `operationname`, `status`, `functionid`, `iconid`) VALUES ('4028d881436d514601436d5216730069','add',NULL,'录入',NULL,'4028d881436d514601436d521549002c','4028d881436d514601436d5214650000');
INSERT INTO `t_s_operation` (`ID`, `operationcode`, `operationicon`, `operationname`, `status`, `functionid`, `iconid`) VALUES ('4028d881436d514601436d521678006a','edit',NULL,'编辑',NULL,'4028d881436d514601436d521549002c','4028d881436d514601436d5214650000');
INSERT INTO `t_s_operation` (`ID`, `operationcode`, `operationicon`, `operationname`, `status`, `functionid`, `iconid`) VALUES ('4028d881436d514601436d52167c006b','del',NULL,'删除',NULL,'4028d881436d514601436d521549002c','4028d881436d514601436d5214650000');
INSERT INTO `t_s_operation` (`ID`, `operationcode`, `operationicon`, `operationname`, `status`, `functionid`, `iconid`) VALUES ('4028d881436d514601436d52167f006c','szqm',NULL,'审核',NULL,'4028d881436d514601436d521549002c','4028d881436d514601436d5214650000');
/*!40000 ALTER TABLE `t_s_operation` ENABLE KEYS */;

--
-- Table structure for table `t_s_opintemplate`
--

DROP TABLE IF EXISTS `t_s_opintemplate`;
/*!40101 SET @saved_cs_client     = @@character_set_client */;
/*!40101 SET character_set_client = utf8 */;
CREATE TABLE `t_s_opintemplate` (
  `ID` varchar(32) NOT NULL,
  `descript` varchar(100) DEFAULT NULL,
  PRIMARY KEY (`ID`)
) ENGINE=InnoDB DEFAULT CHARSET=utf8;
/*!40101 SET character_set_client = @saved_cs_client */;

--
-- Dumping data for table `t_s_opintemplate`
--

/*!40000 ALTER TABLE `t_s_opintemplate` DISABLE KEYS */;
/*!40000 ALTER TABLE `t_s_opintemplate` ENABLE KEYS */;

--
-- Table structure for table `t_s_role`
--

DROP TABLE IF EXISTS `t_s_role`;
/*!40101 SET @saved_cs_client     = @@character_set_client */;
/*!40101 SET character_set_client = utf8 */;
CREATE TABLE `t_s_role` (
  `ID` varchar(32) NOT NULL,
  `rolecode` varchar(10) DEFAULT NULL,
  `rolename` varchar(100) NOT NULL,
  PRIMARY KEY (`ID`)
) ENGINE=InnoDB DEFAULT CHARSET=utf8;
/*!40101 SET character_set_client = @saved_cs_client */;

--
-- Dumping data for table `t_s_role`
--

/*!40000 ALTER TABLE `t_s_role` DISABLE KEYS */;
INSERT INTO `t_s_role` (`ID`, `rolecode`, `rolename`) VALUES ('402881e44648134a014648163a6d0001','ceshi','测试角色');
INSERT INTO `t_s_role` (`ID`, `rolecode`, `rolename`) VALUES ('4028d881436d514601436d52159c0041','admin','管理员');
INSERT INTO `t_s_role` (`ID`, `rolecode`, `rolename`) VALUES ('4028d881436d514601436d5215a00042','manager','普通用户');
/*!40000 ALTER TABLE `t_s_role` ENABLE KEYS */;

--
-- Table structure for table `t_s_role_function`
--

DROP TABLE IF EXISTS `t_s_role_function`;
/*!40101 SET @saved_cs_client     = @@character_set_client */;
/*!40101 SET character_set_client = utf8 */;
CREATE TABLE `t_s_role_function` (
  `ID` varchar(32) NOT NULL,
  `operation` varchar(100) DEFAULT NULL,
  `functionid` varchar(32) DEFAULT NULL,
  `roleid` varchar(32) DEFAULT NULL,
  PRIMARY KEY (`ID`),
  KEY `FK_fvsillj2cxyk5thnuu625urab` (`functionid`),
  KEY `FK_9dww3p4w8jwvlrgwhpitsbfif` (`roleid`),
  CONSTRAINT `FK_9dww3p4w8jwvlrgwhpitsbfif` FOREIGN KEY (`roleid`) REFERENCES `t_s_role` (`ID`),
  CONSTRAINT `FK_fvsillj2cxyk5thnuu625urab` FOREIGN KEY (`functionid`) REFERENCES `t_s_function` (`ID`)
) ENGINE=InnoDB DEFAULT CHARSET=utf8;
/*!40101 SET character_set_client = @saved_cs_client */;

--
-- Dumping data for table `t_s_role_function`
--

/*!40000 ALTER TABLE `t_s_role_function` DISABLE KEYS */;
INSERT INTO `t_s_role_function` (`ID`, `operation`, `functionid`, `roleid`) VALUES ('402880f259062342015906318a660021',NULL,'402880f2590623420159062ea59f0018','4028d881436d514601436d52159c0041');
INSERT INTO `t_s_role_function` (`ID`, `operation`, `functionid`, `roleid`) VALUES ('402880f259062342015906318a690022',NULL,'402880f25906234201590626c28e0008','4028d881436d514601436d52159c0041');
INSERT INTO `t_s_role_function` (`ID`, `operation`, `functionid`, `roleid`) VALUES ('402880f259062342015906318a690023',NULL,'402880f25906234201590626596e0004','4028d881436d514601436d52159c0041');
INSERT INTO `t_s_role_function` (`ID`, `operation`, `functionid`, `roleid`) VALUES ('402880f259062342015906318a690024',NULL,'402880f259062342015906312d27001f','4028d881436d514601436d52159c0041');
INSERT INTO `t_s_role_function` (`ID`, `operation`, `functionid`, `roleid`) VALUES ('402880f259062342015906318a690025',NULL,'402880f259062342015906288369000f','4028d881436d514601436d52159c0041');
INSERT INTO `t_s_role_function` (`ID`, `operation`, `functionid`, `roleid`) VALUES ('402880f259062342015906318a690026',NULL,'402880f2590623420159062f3b4a001a','4028d881436d514601436d52159c0041');
INSERT INTO `t_s_role_function` (`ID`, `operation`, `functionid`, `roleid`) VALUES ('402880f259062342015906318a690027',NULL,'402880f2590623420159062581630001','4028d881436d514601436d52159c0041');
INSERT INTO `t_s_role_function` (`ID`, `operation`, `functionid`, `roleid`) VALUES ('402880f259062342015906318a690028',NULL,'402880f25906234201590630a5cc001c','4028d881436d514601436d52159c0041');
INSERT INTO `t_s_role_function` (`ID`, `operation`, `functionid`, `roleid`) VALUES ('402880f259062342015906318a690029',NULL,'402880f25906234201590627ef06000c','4028d881436d514601436d52159c0041');
INSERT INTO `t_s_role_function` (`ID`, `operation`, `functionid`, `roleid`) VALUES ('402880f259062342015906318a69002a',NULL,'402880f25906234201590628d62c0011','4028d881436d514601436d52159c0041');
INSERT INTO `t_s_role_function` (`ID`, `operation`, `functionid`, `roleid`) VALUES ('402880f259062342015906318a6a002b',NULL,'402880f2590623420159062692fc0006','4028d881436d514601436d52159c0041');
INSERT INTO `t_s_role_function` (`ID`, `operation`, `functionid`, `roleid`) VALUES ('402880f259062342015906318a6a002c',NULL,'402880f2590623420159062783c4000a','4028d881436d514601436d52159c0041');
INSERT INTO `t_s_role_function` (`ID`, `operation`, `functionid`, `roleid`) VALUES ('402880f259062342015906318a6a002d',NULL,'402880f25906117601590614ca94000a','4028d881436d514601436d52159c0041');
INSERT INTO `t_s_role_function` (`ID`, `operation`, `functionid`, `roleid`) VALUES ('402880f259062342015906318a6a002e',NULL,'402880f2590623420159062d921c0013','4028d881436d514601436d52159c0041');
INSERT INTO `t_s_role_function` (`ID`, `operation`, `functionid`, `roleid`) VALUES ('402880f259062342015906318a6a002f',NULL,'402880f2590623420159062df7fe0016','4028d881436d514601436d52159c0041');
INSERT INTO `t_s_role_function` (`ID`, `operation`, `functionid`, `roleid`) VALUES ('40288186590896200159089cf152000a',NULL,'40288186590896200159089c30620004','4028d881436d514601436d52159c0041');
INSERT INTO `t_s_role_function` (`ID`, `operation`, `functionid`, `roleid`) VALUES ('40288186590896200159089cf155000b',NULL,'40288186590896200159089c8a360006','4028d881436d514601436d52159c0041');
INSERT INTO `t_s_role_function` (`ID`, `operation`, `functionid`, `roleid`) VALUES ('40288186590896200159089cf155000c',NULL,'40288186590896200159089bc6510002','4028d881436d514601436d52159c0041');
INSERT INTO `t_s_role_function` (`ID`, `operation`, `functionid`, `roleid`) VALUES ('40288186590896200159089ef47e0012',NULL,'40288186590896200159089ccf5b0008','4028d881436d514601436d52159c0041');
INSERT INTO `t_s_role_function` (`ID`, `operation`, `functionid`, `roleid`) VALUES ('402889ff4728a293014728b3fab70021',NULL,'4028d881436d514601436d52151f0020','4028d881436d514601436d52159c0041');
INSERT INTO `t_s_role_function` (`ID`, `operation`, `functionid`, `roleid`) VALUES ('4028d881436d514601436d521699006f',NULL,'4028d881436d514601436d52150a0019','4028d881436d514601436d52159c0041');
INSERT INTO `t_s_role_function` (`ID`, `operation`, `functionid`, `roleid`) VALUES ('4028d881436d514601436d52169e0070',NULL,'4028d881436d514601436d52150a0019','4028d881436d514601436d5215a00042');
INSERT INTO `t_s_role_function` (`ID`, `operation`, `functionid`, `roleid`) VALUES ('4028d881436d514601436d5216bb0077',NULL,'4028d881436d514601436d521513001d','4028d881436d514601436d52159c0041');
INSERT INTO `t_s_role_function` (`ID`, `operation`, `functionid`, `roleid`) VALUES ('4028d881436d514601436d5216bf0078',NULL,'4028d881436d514601436d521513001d','4028d881436d514601436d5215a00042');
INSERT INTO `t_s_role_function` (`ID`, `operation`, `functionid`, `roleid`) VALUES ('4028d881436d514601436d5216c30079',NULL,'4028d881436d514601436d521516001e','4028d881436d514601436d52159c0041');
INSERT INTO `t_s_role_function` (`ID`, `operation`, `functionid`, `roleid`) VALUES ('4028d881436d514601436d5216c7007a',NULL,'4028d881436d514601436d521516001e','4028d881436d514601436d5215a00042');
INSERT INTO `t_s_role_function` (`ID`, `operation`, `functionid`, `roleid`) VALUES ('4028d881436d514601436d5216ca007b',NULL,'4028d881436d514601436d52151a001f','4028d881436d514601436d52159c0041');
INSERT INTO `t_s_role_function` (`ID`, `operation`, `functionid`, `roleid`) VALUES ('4028d881436d514601436d5216cc007c',NULL,'4028d881436d514601436d52151a001f','4028d881436d514601436d5215a00042');
INSERT INTO `t_s_role_function` (`ID`, `operation`, `functionid`, `roleid`) VALUES ('4028d881436d514601436d5216d4007e',NULL,'4028d881436d514601436d52151f0020','4028d881436d514601436d5215a00042');
INSERT INTO `t_s_role_function` (`ID`, `operation`, `functionid`, `roleid`) VALUES ('4028d881436d514601436d5216d7007f',NULL,'4028d881436d514601436d5215220021','4028d881436d514601436d52159c0041');
INSERT INTO `t_s_role_function` (`ID`, `operation`, `functionid`, `roleid`) VALUES ('4028d881436d514601436d5216dc0080',NULL,'4028d881436d514601436d5215220021','4028d881436d514601436d5215a00042');
INSERT INTO `t_s_role_function` (`ID`, `operation`, `functionid`, `roleid`) VALUES ('4028d881436d514601436d5216eb0084',NULL,'4028d881436d514601436d5215260023','4028d881436d514601436d5215a00042');
INSERT INTO `t_s_role_function` (`ID`, `operation`, `functionid`, `roleid`) VALUES ('4028d881474489d7014744985904000c',NULL,'4028d881436d514601436d59984601a5','402881e44648134a014648163a6d0001');
INSERT INTO `t_s_role_function` (`ID`, `operation`, `functionid`, `roleid`) VALUES ('4028d881474489d7014744985904000d',NULL,'4028d881436d514601436d5884be019d','402881e44648134a014648163a6d0001');
INSERT INTO `t_s_role_function` (`ID`, `operation`, `functionid`, `roleid`) VALUES ('4028d881474489d7014744985904000e',NULL,'4028d881436d514601436d59d6d901a7','402881e44648134a014648163a6d0001');
INSERT INTO `t_s_role_function` (`ID`, `operation`, `functionid`, `roleid`) VALUES ('4028d881474489d70147449859040011',NULL,'402881e446677b700146677d7b600001','402881e44648134a014648163a6d0001');
INSERT INTO `t_s_role_function` (`ID`, `operation`, `functionid`, `roleid`) VALUES ('4028d881474489d70147449859040012',NULL,'297e7eb6469a4a8901469a54eff60006','402881e44648134a014648163a6d0001');
INSERT INTO `t_s_role_function` (`ID`, `operation`, `functionid`, `roleid`) VALUES ('4028d881474489d70147449859040013',NULL,'4028d881436d514601436d5618400191','402881e44648134a014648163a6d0001');
INSERT INTO `t_s_role_function` (`ID`, `operation`, `functionid`, `roleid`) VALUES ('4028d881474489d70147449859040014',NULL,'402881e545f5dd1a0145f5f32cf00005','402881e44648134a014648163a6d0001');
INSERT INTO `t_s_role_function` (`ID`, `operation`, `functionid`, `roleid`) VALUES ('4028d881474489d70147449859040015',NULL,'402881e545f5f4780145f61198810004','402881e44648134a014648163a6d0001');
INSERT INTO `t_s_role_function` (`ID`, `operation`, `functionid`, `roleid`) VALUES ('4028d881474489d70147449859040016',NULL,'4028d881436d514601436d5449330189','402881e44648134a014648163a6d0001');
INSERT INTO `t_s_role_function` (`ID`, `operation`, `functionid`, `roleid`) VALUES ('4028d881474489d70147449859040017',NULL,'402881e44695183a0146951ed79e0008','402881e44648134a014648163a6d0001');
INSERT INTO `t_s_role_function` (`ID`, `operation`, `functionid`, `roleid`) VALUES ('4028d881474489d70147449859040018',NULL,'402881e8460d7e5301460d81c7a60001','402881e44648134a014648163a6d0001');
INSERT INTO `t_s_role_function` (`ID`, `operation`, `functionid`, `roleid`) VALUES ('4028d881474489d7014744985904001b',NULL,'4028d881436d514601436d52c2fb0181','402881e44648134a014648163a6d0001');
INSERT INTO `t_s_role_function` (`ID`, `operation`, `functionid`, `roleid`) VALUES ('4028d881474489d7014744985904001c',NULL,'4028d881436d514601436d5af95501b1','402881e44648134a014648163a6d0001');
INSERT INTO `t_s_role_function` (`ID`, `operation`, `functionid`, `roleid`) VALUES ('4028d881474489d7014744985904001d',NULL,'402881e545f5dd1a0145f5de9bb60001','402881e44648134a014648163a6d0001');
INSERT INTO `t_s_role_function` (`ID`, `operation`, `functionid`, `roleid`) VALUES ('4028d881474489d7014744985904001f',NULL,'402881e44695183a0146951af2b70004','402881e44648134a014648163a6d0001');
INSERT INTO `t_s_role_function` (`ID`, `operation`, `functionid`, `roleid`) VALUES ('4028d881474489d70147449859140021',NULL,'402881e44695183a0146951b66050006','402881e44648134a014648163a6d0001');
INSERT INTO `t_s_role_function` (`ID`, `operation`, `functionid`, `roleid`) VALUES ('4028ef8156b0c68f0156b0c9ace8000b',NULL,'4028ef8156b0c68f0156b0c920440005','4028d881436d514601436d52159c0041');
INSERT INTO `t_s_role_function` (`ID`, `operation`, `functionid`, `roleid`) VALUES ('4028ef8156b0c68f0156b0c9acec000c',NULL,'4028ef8156b0c68f0156b0c88eb10001','4028d881436d514601436d52159c0041');
INSERT INTO `t_s_role_function` (`ID`, `operation`, `functionid`, `roleid`) VALUES ('4028ef8156b0c68f0156b0c9acec000d',NULL,'4028ef8156b0c68f0156b0c8c0c60003','4028d881436d514601436d52159c0041');
INSERT INTO `t_s_role_function` (`ID`, `operation`, `functionid`, `roleid`) VALUES ('4028ef8156b0c68f0156b0c9acec000e',NULL,'4028ef8156b0c68f0156b0c956120007','4028d881436d514601436d52159c0041');
INSERT INTO `t_s_role_function` (`ID`, `operation`, `functionid`, `roleid`) VALUES ('4028ef8156b0c68f0156b0ce03920028',NULL,'4028ef8156b0c68f0156b0ca47730011','4028d881436d514601436d52159c0041');
INSERT INTO `t_s_role_function` (`ID`, `operation`, `functionid`, `roleid`) VALUES ('4028ef8156b0c68f0156b0ce03940029',NULL,'4028ef8156b0c68f0156b0cc5c280021','4028d881436d514601436d52159c0041');
INSERT INTO `t_s_role_function` (`ID`, `operation`, `functionid`, `roleid`) VALUES ('4028ef8156b0c68f0156b0ce0394002a',NULL,'4028ef8156b0c68f0156b0cc0dc7001f','4028d881436d514601436d52159c0041');
INSERT INTO `t_s_role_function` (`ID`, `operation`, `functionid`, `roleid`) VALUES ('4028ef8156b0c68f0156b0ce0394002b',NULL,'4028ef8156b0c68f0156b0ca69760013','4028d881436d514601436d52159c0041');
INSERT INTO `t_s_role_function` (`ID`, `operation`, `functionid`, `roleid`) VALUES ('4028ef8156b0c68f0156b0ce0394002c',NULL,'4028ef8156b0c68f0156b0ccab2e0023','4028d881436d514601436d52159c0041');
INSERT INTO `t_s_role_function` (`ID`, `operation`, `functionid`, `roleid`) VALUES ('4028ef8156b0c68f0156b0ce0394002d',NULL,'4028ef8156b0c68f0156b0cbdb2f001d','4028d881436d514601436d52159c0041');
INSERT INTO `t_s_role_function` (`ID`, `operation`, `functionid`, `roleid`) VALUES ('4028ef8156b0c68f0156b0ce0394002e',NULL,'4028ef8156b0c68f0156b0ccefde0025','4028d881436d514601436d52159c0041');
INSERT INTO `t_s_role_function` (`ID`, `operation`, `functionid`, `roleid`) VALUES ('4028ef8156b0c68f0156b0ce0394002f',NULL,'4028ef8156b0c68f0156b0ca9d800015','4028d881436d514601436d52159c0041');
INSERT INTO `t_s_role_function` (`ID`, `operation`, `functionid`, `roleid`) VALUES ('4028ef8156b0c68f0156b0ce03950030',NULL,'4028ef8156b0c68f0156b0cb5675001b','4028d881436d514601436d52159c0041');
INSERT INTO `t_s_role_function` (`ID`, `operation`, `functionid`, `roleid`) VALUES ('4028ef8156b0c68f0156b0ce03950031',NULL,'4028ef8156b0c68f0156b0cb1d7c0019','4028d881436d514601436d52159c0041');
INSERT INTO `t_s_role_function` (`ID`, `operation`, `functionid`, `roleid`) VALUES ('4028ef8156b0c68f0156b0ce03950032',NULL,'4028ef8156b0c68f0156b0cadace0017','4028d881436d514601436d52159c0041');
INSERT INTO `t_s_role_function` (`ID`, `operation`, `functionid`, `roleid`) VALUES ('4028ef8156b0c68f0156b0d75fc90057',NULL,'4028948151dc6b1f0151dc6fdf05000c','4028d881436d514601436d52159c0041');
INSERT INTO `t_s_role_function` (`ID`, `operation`, `functionid`, `roleid`) VALUES ('4028ef8156b0c68f0156b0d75fcb0059',NULL,'4028d881436d514601436d5618400191','4028d881436d514601436d52159c0041');
INSERT INTO `t_s_role_function` (`ID`, `operation`, `functionid`, `roleid`) VALUES ('4028ef8156b0c68f0156b0d75fcb005a',NULL,'402881e545f5dd1a0145f5f32cf00005','4028d881436d514601436d52159c0041');
INSERT INTO `t_s_role_function` (`ID`, `operation`, `functionid`, `roleid`) VALUES ('4028ef8156b0c68f0156b0d75fcb005b',NULL,'402881e8460d7e5301460d81c7a60001','4028d881436d514601436d52159c0041');
INSERT INTO `t_s_role_function` (`ID`, `operation`, `functionid`, `roleid`) VALUES ('4028ef8156b0c68f0156b0d75fcb005c',NULL,'4028d881436d514601436d52c2fb0181','4028d881436d514601436d52159c0041');
INSERT INTO `t_s_role_function` (`ID`, `operation`, `functionid`, `roleid`) VALUES ('4028ef8156b0c68f0156b0d75fcc005d',NULL,'4028d881436d514601436d5af95501b1','4028d881436d514601436d52159c0041');
INSERT INTO `t_s_role_function` (`ID`, `operation`, `functionid`, `roleid`) VALUES ('4028ef8156b0c68f0156b0d75fcc005e',NULL,'4028ef8156b0c68f0156b0d4cf390045','4028d881436d514601436d52159c0041');
INSERT INTO `t_s_role_function` (`ID`, `operation`, `functionid`, `roleid`) VALUES ('4028ef8156b0c68f0156b0d75fcc005f',NULL,'402881e44695183a0146951b66050006','4028d881436d514601436d52159c0041');
INSERT INTO `t_s_role_function` (`ID`, `operation`, `functionid`, `roleid`) VALUES ('4028ef8156b0c68f0156b0d75fcc0060',NULL,'4028d881436d514601436d59984601a5','4028d881436d514601436d52159c0041');
INSERT INTO `t_s_role_function` (`ID`, `operation`, `functionid`, `roleid`) VALUES ('4028ef8156b0c68f0156b0d75fcc0061',NULL,'4028948151d756d80151d758c25e0001','4028d881436d514601436d52159c0041');
INSERT INTO `t_s_role_function` (`ID`, `operation`, `functionid`, `roleid`) VALUES ('4028ef8156b0c68f0156b0d75fcc0062',NULL,'4028d881436d514601436d5884be019d','4028d881436d514601436d52159c0041');
INSERT INTO `t_s_role_function` (`ID`, `operation`, `functionid`, `roleid`) VALUES ('4028ef8156b0c68f0156b0d75fcc0063',NULL,'4028d881436d514601436d59d6d901a7','4028d881436d514601436d52159c0041');
INSERT INTO `t_s_role_function` (`ID`, `operation`, `functionid`, `roleid`) VALUES ('4028ef8156b0c68f0156b0d75fcc0064',NULL,'402880e6478c6d8201478c71c5460001','4028d881436d514601436d52159c0041');
INSERT INTO `t_s_role_function` (`ID`, `operation`, `functionid`, `roleid`) VALUES ('4028ef8156b0c68f0156b0d75fcc0065',NULL,'402881e446677b700146677d7b600001','4028d881436d514601436d52159c0041');
INSERT INTO `t_s_role_function` (`ID`, `operation`, `functionid`, `roleid`) VALUES ('4028ef8156b0c68f0156b0d75fcc0066',NULL,'297e7eb6469a4a8901469a54eff60006','4028d881436d514601436d52159c0041');
INSERT INTO `t_s_role_function` (`ID`, `operation`, `functionid`, `roleid`) VALUES ('4028ef8156b0c68f0156b0d75fcc0067',NULL,'402889f64747048401474706d2a50001','4028d881436d514601436d52159c0041');
INSERT INTO `t_s_role_function` (`ID`, `operation`, `functionid`, `roleid`) VALUES ('4028ef8156b0c68f0156b0d75fcd0068',NULL,'402881e545f5f4780145f61198810004','4028d881436d514601436d52159c0041');
INSERT INTO `t_s_role_function` (`ID`, `operation`, `functionid`, `roleid`) VALUES ('4028ef8156b0c68f0156b0d75fcd0069',NULL,'4028d881436d514601436d5449330189','4028d881436d514601436d52159c0041');
INSERT INTO `t_s_role_function` (`ID`, `operation`, `functionid`, `roleid`) VALUES ('4028ef8156b0c68f0156b0d75fcd006a',NULL,'402881e44695183a0146951ed79e0008','4028d881436d514601436d52159c0041');
INSERT INTO `t_s_role_function` (`ID`, `operation`, `functionid`, `roleid`) VALUES ('4028ef8156b0c68f0156b0d75fcd006b',NULL,'402881e545f5dd1a0145f5de9bb60001','4028d881436d514601436d52159c0041');
INSERT INTO `t_s_role_function` (`ID`, `operation`, `functionid`, `roleid`) VALUES ('4028ef8156b0c68f0156b0d75fde006c',NULL,'402881e44695183a0146951af2b70004','4028d881436d514601436d52159c0041');
INSERT INTO `t_s_role_function` (`ID`, `operation`, `functionid`, `roleid`) VALUES ('4028ef8156b0d8e00156b0dcdd6e001a',NULL,'4028d881436d514601436d52153b0029','4028d881436d514601436d52159c0041');
INSERT INTO `t_s_role_function` (`ID`, `operation`, `functionid`, `roleid`) VALUES ('4028ef8156b0d8e00156b0dcdd71001b',NULL,'4028d881436d514601436d52150f001c','4028d881436d514601436d52159c0041');
INSERT INTO `t_s_role_function` (`ID`, `operation`, `functionid`, `roleid`) VALUES ('4028ef8156b0d8e00156b0dcdd71001c',NULL,'4028d881436d514601436d5215380028','4028d881436d514601436d52159c0041');
INSERT INTO `t_s_role_function` (`ID`, `operation`, `functionid`, `roleid`) VALUES ('4028ef8156b0d8e00156b0dcdd71001d',NULL,'4028d881436d514601436d521540002a','4028d881436d514601436d52159c0041');
INSERT INTO `t_s_role_function` (`ID`, `operation`, `functionid`, `roleid`) VALUES ('4028ef8156b0d8e00156b0dcdd71001e',NULL,'4028d881436d514601436d521593003f','4028d881436d514601436d52159c0041');
INSERT INTO `t_s_role_function` (`ID`, `operation`, `functionid`, `roleid`) VALUES ('4028ef8156b0d8e00156b0dcdd72001f',NULL,'4028d881436d514601436d52152c0025','4028d881436d514601436d52159c0041');
INSERT INTO `t_s_role_function` (`ID`, `operation`, `functionid`, `roleid`) VALUES ('4028ef8156b0d8e00156b0dcdd720020',NULL,'4028d881436d514601436d52150b001a','4028d881436d514601436d52159c0041');
/*!40000 ALTER TABLE `t_s_role_function` ENABLE KEYS */;

--
-- Table structure for table `t_s_role_user`
--

DROP TABLE IF EXISTS `t_s_role_user`;
/*!40101 SET @saved_cs_client     = @@character_set_client */;
/*!40101 SET character_set_client = utf8 */;
CREATE TABLE `t_s_role_user` (
  `ID` varchar(32) NOT NULL,
  `roleid` varchar(32) DEFAULT NULL,
  `userid` varchar(32) DEFAULT NULL,
  PRIMARY KEY (`ID`),
  KEY `FK_n2ucxeorvpjy7qhnmuem01kbx` (`roleid`),
  KEY `FK_d4qb5xld2pfb0bkjx9iwtolda` (`userid`),
  CONSTRAINT `FK_d4qb5xld2pfb0bkjx9iwtolda` FOREIGN KEY (`userid`) REFERENCES `t_s_user` (`id`),
  CONSTRAINT `FK_n2ucxeorvpjy7qhnmuem01kbx` FOREIGN KEY (`roleid`) REFERENCES `t_s_role` (`ID`)
) ENGINE=InnoDB DEFAULT CHARSET=utf8;
/*!40101 SET character_set_client = @saved_cs_client */;

--
-- Dumping data for table `t_s_role_user`
--

/*!40000 ALTER TABLE `t_s_role_user` DISABLE KEYS */;
INSERT INTO `t_s_role_user` (`ID`, `roleid`, `userid`) VALUES ('40288186591caa1001591cc7c4920007','4028d881436d514601436d5215a00042','4028d881436d514601436d5215b20044');
INSERT INTO `t_s_role_user` (`ID`, `roleid`, `userid`) VALUES ('402881e4461f9c6401461fa3956d0009','4028d881436d514601436d52159c0041','402881e4461f9c6401461fa2e6f50002');
INSERT INTO `t_s_role_user` (`ID`, `roleid`, `userid`) VALUES ('402881e44648134a014648174ab3000d','402881e44648134a014648163a6d0001','402881e44648134a014648174a45000c');
INSERT INTO `t_s_role_user` (`ID`, `roleid`, `userid`) VALUES ('4028d881436d514601436d5217aa00c2','4028d881436d514601436d52159c0041','4028d881436d514601436d5215b80045');
INSERT INTO `t_s_role_user` (`ID`, `roleid`, `userid`) VALUES ('4028d881436d514601436d5217ad00c3','4028d881436d514601436d52159c0041','4028d881436d514601436d5215bc0046');
INSERT INTO `t_s_role_user` (`ID`, `roleid`, `userid`) VALUES ('4028ef8153f4151f0153f423b228000b','4028d881436d514601436d52159c0041','4028d881436d514601436d5215ac0043');
/*!40000 ALTER TABLE `t_s_role_user` ENABLE KEYS */;

--
-- Table structure for table `t_s_territory`
--

DROP TABLE IF EXISTS `t_s_territory`;
/*!40101 SET @saved_cs_client     = @@character_set_client */;
/*!40101 SET character_set_client = utf8 */;
CREATE TABLE `t_s_territory` (
  `ID` varchar(32) NOT NULL,
  `territorycode` varchar(10) NOT NULL,
  `territorylevel` smallint(6) NOT NULL,
  `territoryname` varchar(50) NOT NULL,
  `territory_pinyin` varchar(40) DEFAULT NULL,
  `territorysort` varchar(3) NOT NULL,
  `x_wgs84` double NOT NULL,
  `y_wgs84` double NOT NULL,
  `territoryparentid` varchar(32) DEFAULT NULL,
  PRIMARY KEY (`ID`)
) ENGINE=InnoDB DEFAULT CHARSET=utf8;
/*!40101 SET character_set_client = @saved_cs_client */;

--
-- Dumping data for table `t_s_territory`
--

/*!40000 ALTER TABLE `t_s_territory` DISABLE KEYS */;
INSERT INTO `t_s_territory` (`ID`, `territorycode`, `territorylevel`, `territoryname`, `territory_pinyin`, `territorysort`, `x_wgs84`, `y_wgs84`, `territoryparentid`) VALUES ('1','100',1,'全国','qg','0',106.258754,38.471318,'0');
INSERT INTO `t_s_territory` (`ID`, `territorycode`, `territorylevel`, `territoryname`, `territory_pinyin`, `territorysort`, `x_wgs84`, `y_wgs84`, `territoryparentid`) VALUES ('10','00000016',2,'河南省','HNS','0',113.687228,34.76819,'1');
INSERT INTO `t_s_territory` (`ID`, `territorycode`, `territorylevel`, `territoryname`, `territory_pinyin`, `territorysort`, `x_wgs84`, `y_wgs84`, `territoryparentid`) VALUES ('100','371300',3,'临沂市','LYS','0',118.356448,35.104672,'18');
INSERT INTO `t_s_territory` (`ID`, `territorycode`, `territorylevel`, `territoryname`, `territory_pinyin`, `territorysort`, `x_wgs84`, `y_wgs84`, `territoryparentid`) VALUES ('1000','370903',4,'岱岳区','DYQ','0',117.041582,36.18799,'96');
INSERT INTO `t_s_territory` (`ID`, `territorycode`, `territorylevel`, `territoryname`, `territory_pinyin`, `territorysort`, `x_wgs84`, `y_wgs84`, `territoryparentid`) VALUES ('1001','370921',4,'宁阳县','NYX','0',116.805797,35.758787,'96');
INSERT INTO `t_s_territory` (`ID`, `territorycode`, `territorylevel`, `territoryname`, `territory_pinyin`, `territorysort`, `x_wgs84`, `y_wgs84`, `territoryparentid`) VALUES ('1002','370923',4,'东平县','DPX','0',116.470304,35.937102,'96');
INSERT INTO `t_s_territory` (`ID`, `territorycode`, `territorylevel`, `territoryname`, `territory_pinyin`, `territorysort`, `x_wgs84`, `y_wgs84`, `territoryparentid`) VALUES ('1003','370982',4,'新泰市','XTS','0',117.767953,35.909032,'96');
INSERT INTO `t_s_territory` (`ID`, `territorycode`, `territorylevel`, `territoryname`, `territory_pinyin`, `territorysort`, `x_wgs84`, `y_wgs84`, `territoryparentid`) VALUES ('1004','370983',4,'肥城市','FCS','0',116.768358,36.182571,'96');
INSERT INTO `t_s_territory` (`ID`, `territorycode`, `territorylevel`, `territoryname`, `territory_pinyin`, `territorysort`, `x_wgs84`, `y_wgs84`, `territoryparentid`) VALUES ('1005','371002',4,'环翠区','HCQ','0',122.123444,37.501991,'97');
INSERT INTO `t_s_territory` (`ID`, `territorycode`, `territorylevel`, `territoryname`, `territory_pinyin`, `territorysort`, `x_wgs84`, `y_wgs84`, `territoryparentid`) VALUES ('1006','371081',4,'文登市','WDS','0',122.058128,37.1939129,'97');
INSERT INTO `t_s_territory` (`ID`, `territorycode`, `territorylevel`, `territoryname`, `territory_pinyin`, `territorysort`, `x_wgs84`, `y_wgs84`, `territoryparentid`) VALUES ('1007','371082',4,'荣成市','RCS','0',122.486676,37.165249,'97');
INSERT INTO `t_s_territory` (`ID`, `territorycode`, `territorylevel`, `territoryname`, `territory_pinyin`, `territorysort`, `x_wgs84`, `y_wgs84`, `territoryparentid`) VALUES ('1008','371083',4,'乳山市','RSS','0',121.539764,36.919816,'97');
INSERT INTO `t_s_territory` (`ID`, `territorycode`, `territorylevel`, `territoryname`, `territory_pinyin`, `territorysort`, `x_wgs84`, `y_wgs84`, `territoryparentid`) VALUES ('1009','371102',4,'东港区','DGQ','0',119.462228,35.425475,'98');
INSERT INTO `t_s_territory` (`ID`, `territorycode`, `territorylevel`, `territoryname`, `territory_pinyin`, `territorysort`, `x_wgs84`, `y_wgs84`, `territoryparentid`) VALUES ('101','371400',3,'德州市','DZS','0',116.357465,37.434093,'18');
INSERT INTO `t_s_territory` (`ID`, `territorycode`, `territorylevel`, `territoryname`, `territory_pinyin`, `territorysort`, `x_wgs84`, `y_wgs84`, `territoryparentid`) VALUES ('1010','371103',4,'岚山区','LSQ','0',119.318813,35.121816,'98');
INSERT INTO `t_s_territory` (`ID`, `territorycode`, `territorylevel`, `territoryname`, `territory_pinyin`, `territorysort`, `x_wgs84`, `y_wgs84`, `territoryparentid`) VALUES ('1011','371121',4,'五莲县','WLX','0',119.208744,35.750095,'98');
INSERT INTO `t_s_territory` (`ID`, `territorycode`, `territorylevel`, `territoryname`, `territory_pinyin`, `territorysort`, `x_wgs84`, `y_wgs84`, `territoryparentid`) VALUES ('1012','371122',4,'莒县','JX','0',118.837131,35.579868,'98');
INSERT INTO `t_s_territory` (`ID`, `territorycode`, `territorylevel`, `territoryname`, `territory_pinyin`, `territorysort`, `x_wgs84`, `y_wgs84`, `territoryparentid`) VALUES ('1013','371202',4,'莱城区','LCQ','0',117.659864,36.203208,'99');
INSERT INTO `t_s_territory` (`ID`, `territorycode`, `territorylevel`, `territoryname`, `territory_pinyin`, `territorysort`, `x_wgs84`, `y_wgs84`, `territoryparentid`) VALUES ('1014','371203',4,'钢城区','GCQ','0',117.811355,36.058572,'99');
INSERT INTO `t_s_territory` (`ID`, `territorycode`, `territorylevel`, `territoryname`, `territory_pinyin`, `territorysort`, `x_wgs84`, `y_wgs84`, `territoryparentid`) VALUES ('1015','371302',4,'兰山区','LSQ','0',118.347707,35.051729,'100');
INSERT INTO `t_s_territory` (`ID`, `territorycode`, `territorylevel`, `territoryname`, `territory_pinyin`, `territorysort`, `x_wgs84`, `y_wgs84`, `territoryparentid`) VALUES ('1016','371311',4,'罗庄区','LZQ','0',118.284786,34.996741,'100');
INSERT INTO `t_s_territory` (`ID`, `territorycode`, `territorylevel`, `territoryname`, `territory_pinyin`, `territorysort`, `x_wgs84`, `y_wgs84`, `territoryparentid`) VALUES ('1017','371312',4,'河东区','HDQ','0',118.402893,35.089917,'100');
INSERT INTO `t_s_territory` (`ID`, `territorycode`, `territorylevel`, `territoryname`, `territory_pinyin`, `territorysort`, `x_wgs84`, `y_wgs84`, `territoryparentid`) VALUES ('1018','371321',4,'沂南县','YNX','0',118.465213,35.549976,'100');
INSERT INTO `t_s_territory` (`ID`, `territorycode`, `territorylevel`, `territoryname`, `territory_pinyin`, `territorysort`, `x_wgs84`, `y_wgs84`, `territoryparentid`) VALUES ('1019','371322',4,'郯城县','TCX','0',118.367263,34.613557,'100');
INSERT INTO `t_s_territory` (`ID`, `territorycode`, `territorylevel`, `territoryname`, `territory_pinyin`, `territorysort`, `x_wgs84`, `y_wgs84`, `territoryparentid`) VALUES ('102','371500',3,'聊城市','LCS','0',115.985371,36.4567039,'18');
INSERT INTO `t_s_territory` (`ID`, `territorycode`, `territorylevel`, `territoryname`, `territory_pinyin`, `territorysort`, `x_wgs84`, `y_wgs84`, `territoryparentid`) VALUES ('1020','371323',4,'沂水县','YSX','0',118.627918,35.79045,'100');
INSERT INTO `t_s_territory` (`ID`, `territorycode`, `territorylevel`, `territoryname`, `territory_pinyin`, `territorysort`, `x_wgs84`, `y_wgs84`, `territoryparentid`) VALUES ('1021','371324',4,'苍山县','CSX','0',118.07065,34.857149,'100');
INSERT INTO `t_s_territory` (`ID`, `territorycode`, `territorylevel`, `territoryname`, `territory_pinyin`, `territorysort`, `x_wgs84`, `y_wgs84`, `territoryparentid`) VALUES ('1022','371325',4,'费县','FX','0',117.977868,35.26634,'100');
INSERT INTO `t_s_territory` (`ID`, `territorycode`, `territorylevel`, `territoryname`, `territory_pinyin`, `territorysort`, `x_wgs84`, `y_wgs84`, `territoryparentid`) VALUES ('1023','371326',4,'平邑县','PYX','0',117.640352,35.5059429,'100');
INSERT INTO `t_s_territory` (`ID`, `territorycode`, `territorylevel`, `territoryname`, `territory_pinyin`, `territorysort`, `x_wgs84`, `y_wgs84`, `territoryparentid`) VALUES ('1024','371327',4,'莒南县','JNX','0',118.835163,35.174846,'100');
INSERT INTO `t_s_territory` (`ID`, `territorycode`, `territorylevel`, `territoryname`, `territory_pinyin`, `territorysort`, `x_wgs84`, `y_wgs84`, `territoryparentid`) VALUES ('1025','371328',4,'蒙阴县','MYX','0',117.945085,35.710032,'100');
INSERT INTO `t_s_territory` (`ID`, `territorycode`, `territorylevel`, `territoryname`, `territory_pinyin`, `territorysort`, `x_wgs84`, `y_wgs84`, `territoryparentid`) VALUES ('1026','371329',4,'临沭县','LSX','0',118.650782,34.919852,'100');
INSERT INTO `t_s_territory` (`ID`, `territorycode`, `territorylevel`, `territoryname`, `territory_pinyin`, `territorysort`, `x_wgs84`, `y_wgs84`, `territoryparentid`) VALUES ('1027','371402',4,'德城区','DCQ','0',116.299434,37.451272,'101');
INSERT INTO `t_s_territory` (`ID`, `territorycode`, `territorylevel`, `territoryname`, `territory_pinyin`, `territorysort`, `x_wgs84`, `y_wgs84`, `territoryparentid`) VALUES ('1028','371421',4,'陵县','LX','0',116.576176,37.33579,'101');
INSERT INTO `t_s_territory` (`ID`, `territorycode`, `territorylevel`, `territoryname`, `territory_pinyin`, `territorysort`, `x_wgs84`, `y_wgs84`, `territoryparentid`) VALUES ('1029','371422',4,'宁津县','NJX','0',116.800324,37.652329,'101');
INSERT INTO `t_s_territory` (`ID`, `territorycode`, `territorylevel`, `territoryname`, `territory_pinyin`, `territorysort`, `x_wgs84`, `y_wgs84`, `territoryparentid`) VALUES ('103','371600',3,'滨州市','BZS','0',117.970703,37.38199,'18');
INSERT INTO `t_s_territory` (`ID`, `territorycode`, `territorylevel`, `territoryname`, `territory_pinyin`, `territorysort`, `x_wgs84`, `y_wgs84`, `territoryparentid`) VALUES ('1030','371423',4,'庆云县','QYX','0',117.385123,37.77539,'101');
INSERT INTO `t_s_territory` (`ID`, `territorycode`, `territorylevel`, `territoryname`, `territory_pinyin`, `territorysort`, `x_wgs84`, `y_wgs84`, `territoryparentid`) VALUES ('1031','371424',4,'临邑县','LYX','0',116.86665,37.189864,'101');
INSERT INTO `t_s_territory` (`ID`, `territorycode`, `territorylevel`, `territoryname`, `territory_pinyin`, `territorysort`, `x_wgs84`, `y_wgs84`, `territoryparentid`) VALUES ('1032','371425',4,'齐河县','QHX','0',116.758917,36.795011,'101');
INSERT INTO `t_s_territory` (`ID`, `territorycode`, `territorylevel`, `territoryname`, `territory_pinyin`, `territorysort`, `x_wgs84`, `y_wgs84`, `territoryparentid`) VALUES ('1033','371426',4,'平原县','PYX','0',116.434187,37.165419,'101');
INSERT INTO `t_s_territory` (`ID`, `territorycode`, `territorylevel`, `territoryname`, `territory_pinyin`, `territorysort`, `x_wgs84`, `y_wgs84`, `territoryparentid`) VALUES ('1034','371427',4,'夏津县','XJX','0',116.001726,36.948371,'101');
INSERT INTO `t_s_territory` (`ID`, `territorycode`, `territorylevel`, `territoryname`, `territory_pinyin`, `territorysort`, `x_wgs84`, `y_wgs84`, `territoryparentid`) VALUES ('1035','371428',4,'武城县','WCX','0',116.069302,37.213311,'101');
INSERT INTO `t_s_territory` (`ID`, `territorycode`, `territorylevel`, `territoryname`, `territory_pinyin`, `territorysort`, `x_wgs84`, `y_wgs84`, `territoryparentid`) VALUES ('1036','371481',4,'乐陵市','LLS','0',117.231935,37.729907,'101');
INSERT INTO `t_s_territory` (`ID`, `territorycode`, `territorylevel`, `territoryname`, `territory_pinyin`, `territorysort`, `x_wgs84`, `y_wgs84`, `territoryparentid`) VALUES ('1037','371482',4,'禹城市','YCS','0',116.638387,36.934259,'101');
INSERT INTO `t_s_territory` (`ID`, `territorycode`, `territorylevel`, `territoryname`, `territory_pinyin`, `territorysort`, `x_wgs84`, `y_wgs84`, `territoryparentid`) VALUES ('1038','371502',4,'东昌府区','DCFQ','0',115.988484,36.434697,'102');
INSERT INTO `t_s_territory` (`ID`, `territorycode`, `territorylevel`, `territoryname`, `territory_pinyin`, `territorysort`, `x_wgs84`, `y_wgs84`, `territoryparentid`) VALUES ('1039','371521',4,'阳谷县','YGX','0',115.79182,36.114392,'102');
INSERT INTO `t_s_territory` (`ID`, `territorycode`, `territorylevel`, `territoryname`, `territory_pinyin`, `territorysort`, `x_wgs84`, `y_wgs84`, `territoryparentid`) VALUES ('104','371700',3,'菏泽市','HZS','0',115.480656,35.23375,'18');
INSERT INTO `t_s_territory` (`ID`, `territorycode`, `territorylevel`, `territoryname`, `territory_pinyin`, `territorysort`, `x_wgs84`, `y_wgs84`, `territoryparentid`) VALUES ('1040','371522',4,'莘县','SX','0',115.671191,36.233599,'102');
INSERT INTO `t_s_territory` (`ID`, `territorycode`, `territorylevel`, `territoryname`, `territory_pinyin`, `territorysort`, `x_wgs84`, `y_wgs84`, `territoryparentid`) VALUES ('1041','371523',4,'茌平县','CPX','0',116.255282,36.5807639,'102');
INSERT INTO `t_s_territory` (`ID`, `territorycode`, `territorylevel`, `territoryname`, `territory_pinyin`, `territorysort`, `x_wgs84`, `y_wgs84`, `territoryparentid`) VALUES ('1042','371524',4,'东阿县','DAX','0',116.24758,36.334917,'102');
INSERT INTO `t_s_territory` (`ID`, `territorycode`, `territorylevel`, `territoryname`, `territory_pinyin`, `territorysort`, `x_wgs84`, `y_wgs84`, `territoryparentid`) VALUES ('1043','371525',4,'冠县','GX','0',115.44274,36.484009,'102');
INSERT INTO `t_s_territory` (`ID`, `territorycode`, `territorylevel`, `territoryname`, `territory_pinyin`, `territorysort`, `x_wgs84`, `y_wgs84`, `territoryparentid`) VALUES ('1044','371526',4,'高唐县','GTX','0',116.231478,36.866062,'102');
INSERT INTO `t_s_territory` (`ID`, `territorycode`, `territorylevel`, `territoryname`, `territory_pinyin`, `territorysort`, `x_wgs84`, `y_wgs84`, `territoryparentid`) VALUES ('1045','371581',4,'临清市','LQS','0',115.704881,36.838277,'102');
INSERT INTO `t_s_territory` (`ID`, `territorycode`, `territorylevel`, `territoryname`, `territory_pinyin`, `territorysort`, `x_wgs84`, `y_wgs84`, `territoryparentid`) VALUES ('1046','371602',4,'滨城区','BCQ','0',118.019146,37.43206,'103');
INSERT INTO `t_s_territory` (`ID`, `territorycode`, `territorylevel`, `territoryname`, `territory_pinyin`, `territorysort`, `x_wgs84`, `y_wgs84`, `territoryparentid`) VALUES ('1047','371621',4,'惠民县','HMX','0',117.510451,37.489769,'103');
INSERT INTO `t_s_territory` (`ID`, `territorycode`, `territorylevel`, `territoryname`, `territory_pinyin`, `territorysort`, `x_wgs84`, `y_wgs84`, `territoryparentid`) VALUES ('1048','371622',4,'阳信县','YXX','0',117.578262,37.641106,'103');
INSERT INTO `t_s_territory` (`ID`, `territorycode`, `territorylevel`, `territoryname`, `territory_pinyin`, `territorysort`, `x_wgs84`, `y_wgs84`, `territoryparentid`) VALUES ('1049','371623',4,'无棣县','WDX','0',117.625696,37.770261,'103');
INSERT INTO `t_s_territory` (`ID`, `territorycode`, `territorylevel`, `territoryname`, `territory_pinyin`, `territorysort`, `x_wgs84`, `y_wgs84`, `territoryparentid`) VALUES ('1050','371624',4,'沾化县','ZHX','0',118.132199,37.698281,'103');
INSERT INTO `t_s_territory` (`ID`, `territorycode`, `territorylevel`, `territoryname`, `territory_pinyin`, `territorysort`, `x_wgs84`, `y_wgs84`, `territoryparentid`) VALUES ('1051','371625',4,'博兴县','BXX','0',118.131815,37.150226,'103');
INSERT INTO `t_s_territory` (`ID`, `territorycode`, `territorylevel`, `territoryname`, `territory_pinyin`, `territorysort`, `x_wgs84`, `y_wgs84`, `territoryparentid`) VALUES ('1052','371626',4,'邹平县','ZPX','0',117.743109,36.862989,'103');
INSERT INTO `t_s_territory` (`ID`, `territorycode`, `territorylevel`, `territoryname`, `territory_pinyin`, `territorysort`, `x_wgs84`, `y_wgs84`, `territoryparentid`) VALUES ('1053','371702',4,'牡丹区','MDQ','0',115.417827,35.252512,'104');
INSERT INTO `t_s_territory` (`ID`, `territorycode`, `territorylevel`, `territoryname`, `territory_pinyin`, `territorysort`, `x_wgs84`, `y_wgs84`, `territoryparentid`) VALUES ('1054','371721',4,'曹县','CX','0',115.542328,34.825508,'104');
INSERT INTO `t_s_territory` (`ID`, `territorycode`, `territorylevel`, `territoryname`, `territory_pinyin`, `territorysort`, `x_wgs84`, `y_wgs84`, `territoryparentid`) VALUES ('1055','371722',4,'单县','DX','0',116.107428,34.778808,'104');
INSERT INTO `t_s_territory` (`ID`, `territorycode`, `territorylevel`, `territoryname`, `territory_pinyin`, `territorysort`, `x_wgs84`, `y_wgs84`, `territoryparentid`) VALUES ('1056','371723',4,'成武县','CWX','0',115.889765,34.952459,'104');
INSERT INTO `t_s_territory` (`ID`, `territorycode`, `territorylevel`, `territoryname`, `territory_pinyin`, `territorysort`, `x_wgs84`, `y_wgs84`, `territoryparentid`) VALUES ('1057','371724',4,'巨野县','JYX','0',116.094674,35.396261,'104');
INSERT INTO `t_s_territory` (`ID`, `territorycode`, `territorylevel`, `territoryname`, `territory_pinyin`, `territorysort`, `x_wgs84`, `y_wgs84`, `territoryparentid`) VALUES ('1058','371725',4,'郓城县','YCX','0',115.943613,35.599758,'104');
INSERT INTO `t_s_territory` (`ID`, `territorycode`, `territorylevel`, `territoryname`, `territory_pinyin`, `territorysort`, `x_wgs84`, `y_wgs84`, `territoryparentid`) VALUES ('1059','371726',4,'鄄城县','JCX','0',115.510193,35.563408,'104');
INSERT INTO `t_s_territory` (`ID`, `territorycode`, `territorylevel`, `territoryname`, `territory_pinyin`, `territorysort`, `x_wgs84`, `y_wgs84`, `territoryparentid`) VALUES ('1060','371727',4,'定陶县','DTX','0',115.573094,35.071,'104');
INSERT INTO `t_s_territory` (`ID`, `territorycode`, `territorylevel`, `territoryname`, `territory_pinyin`, `territorysort`, `x_wgs84`, `y_wgs84`, `territoryparentid`) VALUES ('1061','371728',4,'东明县','DMX','0',115.089905,35.289368,'104');
INSERT INTO `t_s_territory` (`ID`, `territorycode`, `territorylevel`, `territoryname`, `territory_pinyin`, `territorysort`, `x_wgs84`, `y_wgs84`, `territoryparentid`) VALUES ('11','00000008',2,'黑龙江省','HLJS','0',126.662507,45.7421699,'1');
INSERT INTO `t_s_territory` (`ID`, `territorycode`, `territorylevel`, `territoryname`, `territory_pinyin`, `territorysort`, `x_wgs84`, `y_wgs84`, `territoryparentid`) VALUES ('12','20000000',2,'上海市','SHS','0',121.473704,31.230393,'1');
INSERT INTO `t_s_territory` (`ID`, `territorycode`, `territorylevel`, `territoryname`, `territory_pinyin`, `territorysort`, `x_wgs84`, `y_wgs84`, `territoryparentid`) VALUES ('13','00000010',2,'江苏省','JSS','0',118.763232,32.061707,'1');
INSERT INTO `t_s_territory` (`ID`, `territorycode`, `territorylevel`, `territoryname`, `territory_pinyin`, `territorysort`, `x_wgs84`, `y_wgs84`, `territoryparentid`) VALUES ('14','00000011',2,'浙江省','ZJS','0',120.153676,30.26586,'1');
INSERT INTO `t_s_territory` (`ID`, `territorycode`, `territorylevel`, `territoryname`, `territory_pinyin`, `territorysort`, `x_wgs84`, `y_wgs84`, `territoryparentid`) VALUES ('15','00000012',2,'安徽省','AHS','0',117.284923,31.861184,'1');
INSERT INTO `t_s_territory` (`ID`, `territorycode`, `territorylevel`, `territoryname`, `territory_pinyin`, `territorysort`, `x_wgs84`, `y_wgs84`, `territoryparentid`) VALUES ('16','00000013',2,'福建省','FJS','0',119.296506,26.099933,'1');
INSERT INTO `t_s_territory` (`ID`, `territorycode`, `territorylevel`, `territoryname`, `territory_pinyin`, `territorysort`, `x_wgs84`, `y_wgs84`, `territoryparentid`) VALUES ('17','00000014',2,'江西省','JXS','0',115.909175,28.674424,'1');
INSERT INTO `t_s_territory` (`ID`, `territorycode`, `territorylevel`, `territoryname`, `territory_pinyin`, `territorysort`, `x_wgs84`, `y_wgs84`, `territoryparentid`) VALUES ('1739','360102',4,'东湖区','DHQ','0',115.89901,28.6849159,'184');
INSERT INTO `t_s_territory` (`ID`, `territorycode`, `territorylevel`, `territoryname`, `territory_pinyin`, `territorysort`, `x_wgs84`, `y_wgs84`, `territoryparentid`) VALUES ('1740','360103',4,'西湖区','XHQ','0',115.877287,28.656887,'184');
INSERT INTO `t_s_territory` (`ID`, `territorycode`, `territorylevel`, `territoryname`, `territory_pinyin`, `territorysort`, `x_wgs84`, `y_wgs84`, `territoryparentid`) VALUES ('1741','360104',4,'青云谱区','QYPQ','0',115.925749,28.621169,'184');
INSERT INTO `t_s_territory` (`ID`, `territorycode`, `territorylevel`, `territoryname`, `territory_pinyin`, `territorysort`, `x_wgs84`, `y_wgs84`, `territoryparentid`) VALUES ('1742','360105',4,'湾里区','WLQ','0',115.730994,28.714869,'184');
INSERT INTO `t_s_territory` (`ID`, `territorycode`, `territorylevel`, `territoryname`, `territory_pinyin`, `territorysort`, `x_wgs84`, `y_wgs84`, `territoryparentid`) VALUES ('1743','360111',4,'青山湖区','QSHQ','0',115.962144,28.682985,'184');
INSERT INTO `t_s_territory` (`ID`, `territorycode`, `territorylevel`, `territoryname`, `territory_pinyin`, `territorysort`, `x_wgs84`, `y_wgs84`, `territoryparentid`) VALUES ('1744','360121',4,'南昌县','NCX','0',115.944162,28.545459,'184');
INSERT INTO `t_s_territory` (`ID`, `territorycode`, `territorylevel`, `territoryname`, `territory_pinyin`, `territorysort`, `x_wgs84`, `y_wgs84`, `territoryparentid`) VALUES ('1745','360122',4,'新建县','XJX','0',115.815233,28.692437,'184');
INSERT INTO `t_s_territory` (`ID`, `territorycode`, `territorylevel`, `territoryname`, `territory_pinyin`, `territorysort`, `x_wgs84`, `y_wgs84`, `territoryparentid`) VALUES ('1746','360123',4,'安义县','AYX','0',115.549199,28.844429,'184');
INSERT INTO `t_s_territory` (`ID`, `territorycode`, `territorylevel`, `territoryname`, `territory_pinyin`, `territorysort`, `x_wgs84`, `y_wgs84`, `territoryparentid`) VALUES ('1747','360124',4,'进贤县','JXX','0',116.240924,28.376918,'184');
INSERT INTO `t_s_territory` (`ID`, `territorycode`, `territorylevel`, `territoryname`, `territory_pinyin`, `territorysort`, `x_wgs84`, `y_wgs84`, `territoryparentid`) VALUES ('1748','360202',4,'昌江区','CJQ','0',117.183688,29.27342,'185');
INSERT INTO `t_s_territory` (`ID`, `territorycode`, `territorylevel`, `territoryname`, `territory_pinyin`, `territorysort`, `x_wgs84`, `y_wgs84`, `territoryparentid`) VALUES ('1749','360203',4,'珠山区','ZSQ','0',117.202336,29.301272,'185');
INSERT INTO `t_s_territory` (`ID`, `territorycode`, `territorylevel`, `territoryname`, `territory_pinyin`, `territorysort`, `x_wgs84`, `y_wgs84`, `territoryparentid`) VALUES ('1750','360222',4,'浮梁县','FLX','0',117.215061,29.351739,'185');
INSERT INTO `t_s_territory` (`ID`, `territorycode`, `territorylevel`, `territoryname`, `territory_pinyin`, `territorysort`, `x_wgs84`, `y_wgs84`, `territoryparentid`) VALUES ('1751','360281',4,'乐平市','LPS','0',117.129169,28.961902,'185');
INSERT INTO `t_s_territory` (`ID`, `territorycode`, `territorylevel`, `territoryname`, `territory_pinyin`, `territorysort`, `x_wgs84`, `y_wgs84`, `territoryparentid`) VALUES ('1752','360302',4,'安源区','AYQ','0',113.87073,27.615202,'186');
INSERT INTO `t_s_territory` (`ID`, `territorycode`, `territorylevel`, `territoryname`, `territory_pinyin`, `territorysort`, `x_wgs84`, `y_wgs84`, `territoryparentid`) VALUES ('1753','360313',4,'湘东区','XDQ','0',113.733059,27.640075,'186');
INSERT INTO `t_s_territory` (`ID`, `territorycode`, `territorylevel`, `territoryname`, `territory_pinyin`, `territorysort`, `x_wgs84`, `y_wgs84`, `territoryparentid`) VALUES ('1754','360321',4,'莲花县','LHX','0',113.961465,27.127669,'186');
INSERT INTO `t_s_territory` (`ID`, `territorycode`, `territorylevel`, `territoryname`, `territory_pinyin`, `territorysort`, `x_wgs84`, `y_wgs84`, `territoryparentid`) VALUES ('1755','360322',4,'上栗县','SLX','0',113.795219,27.880567,'186');
INSERT INTO `t_s_territory` (`ID`, `territorycode`, `territorylevel`, `territoryname`, `territory_pinyin`, `territorysort`, `x_wgs84`, `y_wgs84`, `territoryparentid`) VALUES ('1756','360323',4,'芦溪县','LXX','0',114.029595,27.631145,'186');
INSERT INTO `t_s_territory` (`ID`, `territorycode`, `territorylevel`, `territoryname`, `territory_pinyin`, `territorysort`, `x_wgs84`, `y_wgs84`, `territoryparentid`) VALUES ('1757','360402',4,'庐山区','LSQ','0',115.989212,29.671775,'187');
INSERT INTO `t_s_territory` (`ID`, `territorycode`, `territorylevel`, `territoryname`, `territory_pinyin`, `territorysort`, `x_wgs84`, `y_wgs84`, `territoryparentid`) VALUES ('1758','360403',4,'浔阳区','XYQ','0',115.990399,29.72746,'187');
INSERT INTO `t_s_territory` (`ID`, `territorycode`, `territorylevel`, `territoryname`, `territory_pinyin`, `territorysort`, `x_wgs84`, `y_wgs84`, `territoryparentid`) VALUES ('1759','360421',4,'九江县','JJX','0',115.911314,29.608456,'187');
INSERT INTO `t_s_territory` (`ID`, `territorycode`, `territorylevel`, `territoryname`, `territory_pinyin`, `territorysort`, `x_wgs84`, `y_wgs84`, `territoryparentid`) VALUES ('1760','360423',4,'武宁县','WNX','0',115.100579,29.256323,'187');
INSERT INTO `t_s_territory` (`ID`, `territorycode`, `territorylevel`, `territoryname`, `territory_pinyin`, `territorysort`, `x_wgs84`, `y_wgs84`, `territoryparentid`) VALUES ('1761','360424',4,'修水县','XSX','0',114.547356,29.025707,'187');
INSERT INTO `t_s_territory` (`ID`, `territorycode`, `territorylevel`, `territoryname`, `territory_pinyin`, `territorysort`, `x_wgs84`, `y_wgs84`, `territoryparentid`) VALUES ('1762','360425',4,'永修县','YXX','0',115.809111,29.021824,'187');
INSERT INTO `t_s_territory` (`ID`, `territorycode`, `territorylevel`, `territoryname`, `territory_pinyin`, `territorysort`, `x_wgs84`, `y_wgs84`, `territoryparentid`) VALUES ('1763','360426',4,'德安县','DAX','0',115.756883,29.314348,'187');
INSERT INTO `t_s_territory` (`ID`, `territorycode`, `territorylevel`, `territoryname`, `territory_pinyin`, `territorysort`, `x_wgs84`, `y_wgs84`, `territoryparentid`) VALUES ('1764','360427',4,'星子县','XZX','0',116.044893,29.448037,'187');
INSERT INTO `t_s_territory` (`ID`, `territorycode`, `territorylevel`, `territoryname`, `territory_pinyin`, `territorysort`, `x_wgs84`, `y_wgs84`, `territoryparentid`) VALUES ('1765','360428',4,'都昌县','DCX','0',116.204099,29.273194,'187');
INSERT INTO `t_s_territory` (`ID`, `territorycode`, `territorylevel`, `territoryname`, `territory_pinyin`, `territorysort`, `x_wgs84`, `y_wgs84`, `territoryparentid`) VALUES ('1766','360429',4,'湖口县','HKX','0',116.220266,29.73944,'187');
INSERT INTO `t_s_territory` (`ID`, `territorycode`, `territorylevel`, `territoryname`, `territory_pinyin`, `territorysort`, `x_wgs84`, `y_wgs84`, `territoryparentid`) VALUES ('1767','360430',4,'彭泽县','PZX','0',116.549359,29.896061,'187');
INSERT INTO `t_s_territory` (`ID`, `territorycode`, `territorylevel`, `territoryname`, `territory_pinyin`, `territorysort`, `x_wgs84`, `y_wgs84`, `territoryparentid`) VALUES ('1768','360481',4,'瑞昌市','RCS','0',115.681504,29.673795,'187');
INSERT INTO `t_s_territory` (`ID`, `territorycode`, `territorylevel`, `territoryname`, `territory_pinyin`, `territorysort`, `x_wgs84`, `y_wgs84`, `territoryparentid`) VALUES ('1769','360499',4,'共青城','GQC','0',115.774,29.2417,'187');
INSERT INTO `t_s_territory` (`ID`, `territorycode`, `territorylevel`, `territoryname`, `territory_pinyin`, `territorysort`, `x_wgs84`, `y_wgs84`, `territoryparentid`) VALUES ('1770','360502',4,'渝水区','YSQ','0',114.944574,27.80038,'188');
INSERT INTO `t_s_territory` (`ID`, `territorycode`, `territorylevel`, `territoryname`, `territory_pinyin`, `territorysort`, `x_wgs84`, `y_wgs84`, `territoryparentid`) VALUES ('1771','360521',4,'分宜县','FYX','0',114.692039,27.814628,'188');
INSERT INTO `t_s_territory` (`ID`, `territorycode`, `territorylevel`, `territoryname`, `territory_pinyin`, `territorysort`, `x_wgs84`, `y_wgs84`, `territoryparentid`) VALUES ('1772','360602',4,'月湖区','YHQ','0',117.036676,28.238797,'189');
INSERT INTO `t_s_territory` (`ID`, `territorycode`, `territorylevel`, `territoryname`, `territory_pinyin`, `territorysort`, `x_wgs84`, `y_wgs84`, `territoryparentid`) VALUES ('1773','360622',4,'余江县','YJX','0',116.818871,28.204174,'189');
INSERT INTO `t_s_territory` (`ID`, `territorycode`, `territorylevel`, `territoryname`, `territory_pinyin`, `territorysort`, `x_wgs84`, `y_wgs84`, `territoryparentid`) VALUES ('1774','360681',4,'贵溪市','GXS','0',117.245497,28.292519,'189');
INSERT INTO `t_s_territory` (`ID`, `territorycode`, `territorylevel`, `territoryname`, `territory_pinyin`, `territorysort`, `x_wgs84`, `y_wgs84`, `territoryparentid`) VALUES ('1775','360702',4,'章贡区','ZGQ','0',114.941826,25.862827,'190');
INSERT INTO `t_s_territory` (`ID`, `territorycode`, `territorylevel`, `territoryname`, `territory_pinyin`, `territorysort`, `x_wgs84`, `y_wgs84`, `territoryparentid`) VALUES ('1776','360721',4,'赣县','GX','0',115.011561,25.860691,'190');
INSERT INTO `t_s_territory` (`ID`, `territorycode`, `territorylevel`, `territoryname`, `territory_pinyin`, `territorysort`, `x_wgs84`, `y_wgs84`, `territoryparentid`) VALUES ('1777','360722',4,'信丰县','XFX','0',114.922963,25.386278,'190');
INSERT INTO `t_s_territory` (`ID`, `territorycode`, `territorylevel`, `territoryname`, `territory_pinyin`, `territorysort`, `x_wgs84`, `y_wgs84`, `territoryparentid`) VALUES ('1778','360723',4,'大余县','DYX','0',114.362094,25.401283,'190');
INSERT INTO `t_s_territory` (`ID`, `territorycode`, `territorylevel`, `territoryname`, `territory_pinyin`, `territorysort`, `x_wgs84`, `y_wgs84`, `territoryparentid`) VALUES ('1779','360724',4,'上犹县','SYX','0',114.551371,25.784978,'190');
INSERT INTO `t_s_territory` (`ID`, `territorycode`, `territorylevel`, `territoryname`, `territory_pinyin`, `territorysort`, `x_wgs84`, `y_wgs84`, `territoryparentid`) VALUES ('1780','360725',4,'崇义县','CYX','0',114.308273,25.681879,'190');
INSERT INTO `t_s_territory` (`ID`, `territorycode`, `territorylevel`, `territoryname`, `territory_pinyin`, `territorysort`, `x_wgs84`, `y_wgs84`, `territoryparentid`) VALUES ('1781','360726',4,'安远县','AYX','0',115.393922,25.136925,'190');
INSERT INTO `t_s_territory` (`ID`, `territorycode`, `territorylevel`, `territoryname`, `territory_pinyin`, `territorysort`, `x_wgs84`, `y_wgs84`, `territoryparentid`) VALUES ('1782','360727',4,'龙南县','LNX','0',114.789811,24.911107,'190');
INSERT INTO `t_s_territory` (`ID`, `territorycode`, `territorylevel`, `territoryname`, `territory_pinyin`, `territorysort`, `x_wgs84`, `y_wgs84`, `territoryparentid`) VALUES ('1783','360728',4,'定南县','DNX','0',115.027845,24.78441,'190');
INSERT INTO `t_s_territory` (`ID`, `territorycode`, `territorylevel`, `territoryname`, `territory_pinyin`, `territorysort`, `x_wgs84`, `y_wgs84`, `territoryparentid`) VALUES ('1784','360729',4,'全南县','QNX','0',114.530125,24.742401,'190');
INSERT INTO `t_s_territory` (`ID`, `territorycode`, `territorylevel`, `territoryname`, `territory_pinyin`, `territorysort`, `x_wgs84`, `y_wgs84`, `territoryparentid`) VALUES ('1785','360730',4,'宁都县','NDX','0',116.009472,26.470116,'190');
INSERT INTO `t_s_territory` (`ID`, `territorycode`, `territorylevel`, `territoryname`, `territory_pinyin`, `territorysort`, `x_wgs84`, `y_wgs84`, `territoryparentid`) VALUES ('1786','360731',4,'于都县','YDX','0',115.41551,25.952066,'190');
INSERT INTO `t_s_territory` (`ID`, `territorycode`, `territorylevel`, `territoryname`, `territory_pinyin`, `territorysort`, `x_wgs84`, `y_wgs84`, `territoryparentid`) VALUES ('1787','360732',4,'兴国县','XGX','0',115.36319,26.337937,'190');
INSERT INTO `t_s_territory` (`ID`, `territorycode`, `territorylevel`, `territoryname`, `territory_pinyin`, `territorysort`, `x_wgs84`, `y_wgs84`, `territoryparentid`) VALUES ('1788','360733',4,'会昌县','HCX','0',115.786057,25.600272,'190');
INSERT INTO `t_s_territory` (`ID`, `territorycode`, `territorylevel`, `territoryname`, `territory_pinyin`, `territorysort`, `x_wgs84`, `y_wgs84`, `territoryparentid`) VALUES ('1789','360734',4,'寻乌县','YWX','0',115.646525,24.963322,'190');
INSERT INTO `t_s_territory` (`ID`, `territorycode`, `territorylevel`, `territoryname`, `territory_pinyin`, `territorysort`, `x_wgs84`, `y_wgs84`, `territoryparentid`) VALUES ('1790','360735',4,'石城县','SCX','0',116.354201,26.32686,'190');
INSERT INTO `t_s_territory` (`ID`, `territorycode`, `territorylevel`, `territoryname`, `territory_pinyin`, `territorysort`, `x_wgs84`, `y_wgs84`, `territoryparentid`) VALUES ('1791','360781',4,'瑞金市','RJS','0',116.02713,25.885561,'190');
INSERT INTO `t_s_territory` (`ID`, `territorycode`, `territorylevel`, `territoryname`, `territory_pinyin`, `territorysort`, `x_wgs84`, `y_wgs84`, `territoryparentid`) VALUES ('1792','360782',4,'南康市','NKS','0',114.765238,25.661356,'190');
INSERT INTO `t_s_territory` (`ID`, `territorycode`, `territorylevel`, `territoryname`, `territory_pinyin`, `territorysort`, `x_wgs84`, `y_wgs84`, `territoryparentid`) VALUES ('1793','360802',4,'吉州区','JZQ','0',114.994307,27.129975,'191');
INSERT INTO `t_s_territory` (`ID`, `territorycode`, `territorylevel`, `territoryname`, `territory_pinyin`, `territorysort`, `x_wgs84`, `y_wgs84`, `territoryparentid`) VALUES ('1794','360803',4,'青原区','QYQ','0',115.01424,27.081719,'191');
INSERT INTO `t_s_territory` (`ID`, `territorycode`, `territorylevel`, `territoryname`, `territory_pinyin`, `territorysort`, `x_wgs84`, `y_wgs84`, `territoryparentid`) VALUES ('1795','360821',4,'吉安县','JAX','0',114.907659,27.040142,'191');
INSERT INTO `t_s_territory` (`ID`, `territorycode`, `territorylevel`, `territoryname`, `territory_pinyin`, `territorysort`, `x_wgs84`, `y_wgs84`, `territoryparentid`) VALUES ('1796','360822',4,'吉水县','JSX','0',115.135507,27.229632,'191');
INSERT INTO `t_s_territory` (`ID`, `territorycode`, `territorylevel`, `territoryname`, `territory_pinyin`, `territorysort`, `x_wgs84`, `y_wgs84`, `territoryparentid`) VALUES ('1797','360823',4,'峡江县','XJX','0',115.316566,27.582901,'191');
INSERT INTO `t_s_territory` (`ID`, `territorycode`, `territorylevel`, `territoryname`, `territory_pinyin`, `territorysort`, `x_wgs84`, `y_wgs84`, `territoryparentid`) VALUES ('1798','360824',4,'新干县','XGX','0',115.393043,27.740809,'191');
INSERT INTO `t_s_territory` (`ID`, `territorycode`, `territorylevel`, `territoryname`, `territory_pinyin`, `territorysort`, `x_wgs84`, `y_wgs84`, `territoryparentid`) VALUES ('1799','360825',4,'永丰县','YFX','0',115.441477,27.317869,'191');
INSERT INTO `t_s_territory` (`ID`, `territorycode`, `territorylevel`, `territoryname`, `territory_pinyin`, `territorysort`, `x_wgs84`, `y_wgs84`, `territoryparentid`) VALUES ('18','00000015',2,'山东省','SDS','0',117.020411,36.668627,'1');
INSERT INTO `t_s_territory` (`ID`, `territorycode`, `territorylevel`, `territoryname`, `territory_pinyin`, `territorysort`, `x_wgs84`, `y_wgs84`, `territoryparentid`) VALUES ('1800','360826',4,'泰和县','THX','0',114.908861,26.790231,'191');
INSERT INTO `t_s_territory` (`ID`, `territorycode`, `territorylevel`, `territoryname`, `territory_pinyin`, `territorysort`, `x_wgs84`, `y_wgs84`, `territoryparentid`) VALUES ('1801','360827',4,'遂川县','SCX','0',114.52098,26.311894,'191');
INSERT INTO `t_s_territory` (`ID`, `territorycode`, `territorylevel`, `territoryname`, `territory_pinyin`, `territorysort`, `x_wgs84`, `y_wgs84`, `territoryparentid`) VALUES ('1802','360828',4,'万安县','WAX','0',114.786256,26.458257,'191');
INSERT INTO `t_s_territory` (`ID`, `territorycode`, `territorylevel`, `territoryname`, `territory_pinyin`, `territorysort`, `x_wgs84`, `y_wgs84`, `territoryparentid`) VALUES ('1803','360829',4,'安福县','AFX','0',114.619893,27.392874,'191');
INSERT INTO `t_s_territory` (`ID`, `territorycode`, `territorylevel`, `territoryname`, `territory_pinyin`, `territorysort`, `x_wgs84`, `y_wgs84`, `territoryparentid`) VALUES ('1804','360830',4,'永新县','YXX','0',114.242675,26.945233,'191');
INSERT INTO `t_s_territory` (`ID`, `territorycode`, `territorylevel`, `territoryname`, `territory_pinyin`, `territorysort`, `x_wgs84`, `y_wgs84`, `territoryparentid`) VALUES ('1805','360881',4,'井冈山市','JGSS','0',114.289182,26.748186,'191');
INSERT INTO `t_s_territory` (`ID`, `territorycode`, `territorylevel`, `territoryname`, `territory_pinyin`, `territorysort`, `x_wgs84`, `y_wgs84`, `territoryparentid`) VALUES ('1806','360902',4,'袁州区','YZQ','0',114.424657,27.798846,'192');
INSERT INTO `t_s_territory` (`ID`, `territorycode`, `territorylevel`, `territoryname`, `territory_pinyin`, `territorysort`, `x_wgs84`, `y_wgs84`, `territoryparentid`) VALUES ('1807','360921',4,'奉新县','FXX','0',115.384904,28.700806,'192');
INSERT INTO `t_s_territory` (`ID`, `territorycode`, `territorylevel`, `territoryname`, `territory_pinyin`, `territorysort`, `x_wgs84`, `y_wgs84`, `territoryparentid`) VALUES ('1808','360922',4,'万载县','WZX','0',114.447551,28.10455,'192');
INSERT INTO `t_s_territory` (`ID`, `territorycode`, `territorylevel`, `territoryname`, `territory_pinyin`, `territorysort`, `x_wgs84`, `y_wgs84`, `territoryparentid`) VALUES ('1809','360923',4,'上高县','SGX','0',114.924494,28.232827,'192');
INSERT INTO `t_s_territory` (`ID`, `territorycode`, `territorylevel`, `territoryname`, `territory_pinyin`, `territorysort`, `x_wgs84`, `y_wgs84`, `territoryparentid`) VALUES ('1810','360924',4,'宜丰县','YFX','0',114.803542,28.393613,'192');
INSERT INTO `t_s_territory` (`ID`, `territorycode`, `territorylevel`, `territoryname`, `territory_pinyin`, `territorysort`, `x_wgs84`, `y_wgs84`, `territoryparentid`) VALUES ('1811','360925',4,'靖安县','JAX','0',115.362629,28.861475,'192');
INSERT INTO `t_s_territory` (`ID`, `territorycode`, `territorylevel`, `territoryname`, `territory_pinyin`, `territorysort`, `x_wgs84`, `y_wgs84`, `territoryparentid`) VALUES ('1812','360926',4,'铜鼓县','TGX','0',114.37098,28.520747,'192');
INSERT INTO `t_s_territory` (`ID`, `territorycode`, `territorylevel`, `territoryname`, `territory_pinyin`, `territorysort`, `x_wgs84`, `y_wgs84`, `territoryparentid`) VALUES ('1813','360981',4,'丰城市','FCS','0',115.771195,28.159325,'192');
INSERT INTO `t_s_territory` (`ID`, `territorycode`, `territorylevel`, `territoryname`, `territory_pinyin`, `territorysort`, `x_wgs84`, `y_wgs84`, `territoryparentid`) VALUES ('1814','360982',4,'樟树市','ZSS','0',115.546063,28.055796,'192');
INSERT INTO `t_s_territory` (`ID`, `territorycode`, `territorylevel`, `territoryname`, `territory_pinyin`, `territorysort`, `x_wgs84`, `y_wgs84`, `territoryparentid`) VALUES ('1815','360983',4,'高安市','GAS','0',115.375618,28.417261,'192');
INSERT INTO `t_s_territory` (`ID`, `territorycode`, `territorylevel`, `territoryname`, `territory_pinyin`, `territorysort`, `x_wgs84`, `y_wgs84`, `territoryparentid`) VALUES ('1816','361002',4,'临川区','LCQ','0',116.31136,27.934529,'193');
INSERT INTO `t_s_territory` (`ID`, `territorycode`, `territorylevel`, `territoryname`, `territory_pinyin`, `territorysort`, `x_wgs84`, `y_wgs84`, `territoryparentid`) VALUES ('1817','361021',4,'南城县','NCX','0',116.644658,27.552748,'193');
INSERT INTO `t_s_territory` (`ID`, `territorycode`, `territorylevel`, `territoryname`, `territory_pinyin`, `territorysort`, `x_wgs84`, `y_wgs84`, `territoryparentid`) VALUES ('1818','361022',4,'黎川县','LCX','0',116.907508,27.282382,'193');
INSERT INTO `t_s_territory` (`ID`, `territorycode`, `territorylevel`, `territoryname`, `territory_pinyin`, `territorysort`, `x_wgs84`, `y_wgs84`, `territoryparentid`) VALUES ('1819','361023',4,'南丰县','NFX','0',116.525725,27.218445,'193');
INSERT INTO `t_s_territory` (`ID`, `territorycode`, `territorylevel`, `territoryname`, `territory_pinyin`, `territorysort`, `x_wgs84`, `y_wgs84`, `territoryparentid`) VALUES ('1820','361024',4,'崇仁县','CRX','0',116.061164,27.764681,'193');
INSERT INTO `t_s_territory` (`ID`, `territorycode`, `territorylevel`, `territoryname`, `territory_pinyin`, `territorysort`, `x_wgs84`, `y_wgs84`, `territoryparentid`) VALUES ('1821','361025',4,'乐安县','LAX','0',115.837895,27.420441,'193');
INSERT INTO `t_s_territory` (`ID`, `territorycode`, `territorylevel`, `territoryname`, `territory_pinyin`, `territorysort`, `x_wgs84`, `y_wgs84`, `territoryparentid`) VALUES ('1822','361026',4,'宜黄县','YHX','0',116.222128,27.546146,'193');
INSERT INTO `t_s_territory` (`ID`, `territorycode`, `territorylevel`, `territoryname`, `territory_pinyin`, `territorysort`, `x_wgs84`, `y_wgs84`, `territoryparentid`) VALUES ('1823','361027',4,'金溪县','JXX','0',116.775435,27.908337,'193');
INSERT INTO `t_s_territory` (`ID`, `territorycode`, `territorylevel`, `territoryname`, `territory_pinyin`, `territorysort`, `x_wgs84`, `y_wgs84`, `territoryparentid`) VALUES ('1824','361028',4,'资溪县','ZXX','0',117.060264,27.706102,'193');
INSERT INTO `t_s_territory` (`ID`, `territorycode`, `territorylevel`, `territoryname`, `territory_pinyin`, `territorysort`, `x_wgs84`, `y_wgs84`, `territoryparentid`) VALUES ('1825','361029',4,'东乡县','DXX','0',116.590465,28.236118,'193');
INSERT INTO `t_s_territory` (`ID`, `territorycode`, `territorylevel`, `territoryname`, `territory_pinyin`, `territorysort`, `x_wgs84`, `y_wgs84`, `territoryparentid`) VALUES ('1826','361030',4,'广昌县','GCX','0',116.325757,26.837267,'193');
INSERT INTO `t_s_territory` (`ID`, `territorycode`, `territorylevel`, `territoryname`, `territory_pinyin`, `territorysort`, `x_wgs84`, `y_wgs84`, `territoryparentid`) VALUES ('1827','361102',4,'信州区','XZQ','0',117.966823,28.43121,'194');
INSERT INTO `t_s_territory` (`ID`, `territorycode`, `territorylevel`, `territoryname`, `territory_pinyin`, `territorysort`, `x_wgs84`, `y_wgs84`, `territoryparentid`) VALUES ('1828','361121',4,'上饶县','SRX','0',117.90785,28.448983,'194');
INSERT INTO `t_s_territory` (`ID`, `territorycode`, `territorylevel`, `territoryname`, `territory_pinyin`, `territorysort`, `x_wgs84`, `y_wgs84`, `territoryparentid`) VALUES ('1829','361122',4,'广丰县','GFX','0',118.19124,28.436286,'194');
INSERT INTO `t_s_territory` (`ID`, `territorycode`, `territorylevel`, `territoryname`, `territory_pinyin`, `territorysort`, `x_wgs84`, `y_wgs84`, `territoryparentid`) VALUES ('1830','361123',4,'玉山县','YSX','0',118.245124,28.682055,'194');
INSERT INTO `t_s_territory` (`ID`, `territorycode`, `territorylevel`, `territoryname`, `territory_pinyin`, `territorysort`, `x_wgs84`, `y_wgs84`, `territoryparentid`) VALUES ('1831','361124',4,'铅山县','QSX','0',117.709451,28.315217,'194');
INSERT INTO `t_s_territory` (`ID`, `territorycode`, `territorylevel`, `territoryname`, `territory_pinyin`, `territorysort`, `x_wgs84`, `y_wgs84`, `territoryparentid`) VALUES ('1832','361125',4,'横峰县','HFX','0',117.596452,28.407118,'194');
INSERT INTO `t_s_territory` (`ID`, `territorycode`, `territorylevel`, `territoryname`, `territory_pinyin`, `territorysort`, `x_wgs84`, `y_wgs84`, `territoryparentid`) VALUES ('1833','361126',4,'弋阳县','YYX','0',117.449588,28.378044,'194');
INSERT INTO `t_s_territory` (`ID`, `territorycode`, `territorylevel`, `territoryname`, `territory_pinyin`, `territorysort`, `x_wgs84`, `y_wgs84`, `territoryparentid`) VALUES ('1834','361127',4,'余干县','YGX','0',116.695647,28.702302,'194');
INSERT INTO `t_s_territory` (`ID`, `territorycode`, `territorylevel`, `territoryname`, `territory_pinyin`, `territorysort`, `x_wgs84`, `y_wgs84`, `territoryparentid`) VALUES ('1835','361128',4,'鄱阳县','PYX','0',116.699746,29.011699,'194');
INSERT INTO `t_s_territory` (`ID`, `territorycode`, `territorylevel`, `territoryname`, `territory_pinyin`, `territorysort`, `x_wgs84`, `y_wgs84`, `territoryparentid`) VALUES ('1836','361129',4,'万年县','WNX','0',117.058445,28.694582,'194');
INSERT INTO `t_s_territory` (`ID`, `territorycode`, `territorylevel`, `territoryname`, `territory_pinyin`, `territorysort`, `x_wgs84`, `y_wgs84`, `territoryparentid`) VALUES ('1837','361130',4,'婺源县','WYX','0',117.861911,29.2480249,'194');
INSERT INTO `t_s_territory` (`ID`, `territorycode`, `territorylevel`, `territoryname`, `territory_pinyin`, `territorysort`, `x_wgs84`, `y_wgs84`, `territoryparentid`) VALUES ('1838','361181',4,'德兴市','DXS','0',117.578713,28.946464,'194');
INSERT INTO `t_s_territory` (`ID`, `territorycode`, `territorylevel`, `territoryname`, `territory_pinyin`, `territorysort`, `x_wgs84`, `y_wgs84`, `territoryparentid`) VALUES ('1839','370102',4,'历下区','LXQ','0',117.07653,36.666344,'195');
INSERT INTO `t_s_territory` (`ID`, `territorycode`, `territorylevel`, `territoryname`, `territory_pinyin`, `territorysort`, `x_wgs84`, `y_wgs84`, `territoryparentid`) VALUES ('184','360100',3,'南昌市','NCS','0',115.858089,28.68316,'17');
INSERT INTO `t_s_territory` (`ID`, `territorycode`, `territorylevel`, `territoryname`, `territory_pinyin`, `territorysort`, `x_wgs84`, `y_wgs84`, `territoryparentid`) VALUES ('1840','370103',4,'市中区','SZQ','0',116.997475,36.6511749,'195');
INSERT INTO `t_s_territory` (`ID`, `territorycode`, `territorylevel`, `territoryname`, `territory_pinyin`, `territorysort`, `x_wgs84`, `y_wgs84`, `territoryparentid`) VALUES ('1841','370104',4,'槐荫区','HYQ','0',116.90113,36.651301,'195');
INSERT INTO `t_s_territory` (`ID`, `territorycode`, `territorylevel`, `territoryname`, `territory_pinyin`, `territorysort`, `x_wgs84`, `y_wgs84`, `territoryparentid`) VALUES ('1842','370105',4,'天桥区','TQQ','0',116.987492,36.678016,'195');
INSERT INTO `t_s_territory` (`ID`, `territorycode`, `territorylevel`, `territoryname`, `territory_pinyin`, `territorysort`, `x_wgs84`, `y_wgs84`, `territoryparentid`) VALUES ('1843','370112',4,'历城区','LCQ','0',117.065222,36.680171,'195');
INSERT INTO `t_s_territory` (`ID`, `territorycode`, `territorylevel`, `territoryname`, `territory_pinyin`, `territorysort`, `x_wgs84`, `y_wgs84`, `territoryparentid`) VALUES ('185','360200',3,'景德镇市','JDZS','0',117.17842,29.268836,'17');
INSERT INTO `t_s_territory` (`ID`, `territorycode`, `territorylevel`, `territoryname`, `territory_pinyin`, `territorysort`, `x_wgs84`, `y_wgs84`, `territoryparentid`) VALUES ('186','360300',3,'萍乡市','PXS','0',113.854676,27.622865,'17');
INSERT INTO `t_s_territory` (`ID`, `territorycode`, `territorylevel`, `territoryname`, `territory_pinyin`, `territorysort`, `x_wgs84`, `y_wgs84`, `territoryparentid`) VALUES ('187','360400',3,'九江市','JJS','0',116.001951,29.705103,'17');
INSERT INTO `t_s_territory` (`ID`, `territorycode`, `territorylevel`, `territoryname`, `territory_pinyin`, `territorysort`, `x_wgs84`, `y_wgs84`, `territoryparentid`) VALUES ('188','360500',3,'新余市','XYS','0',114.91741,27.817819,'17');
INSERT INTO `t_s_territory` (`ID`, `territorycode`, `territorylevel`, `territoryname`, `territory_pinyin`, `territorysort`, `x_wgs84`, `y_wgs84`, `territoryparentid`) VALUES ('189','360600',3,'鹰潭市','YTS','0',117.069202,28.260189,'17');
INSERT INTO `t_s_territory` (`ID`, `territorycode`, `territorylevel`, `territoryname`, `territory_pinyin`, `territorysort`, `x_wgs84`, `y_wgs84`, `territoryparentid`) VALUES ('19','00000017',2,'湖北省','HBS','0',114.341921,30.545861,'1');
INSERT INTO `t_s_territory` (`ID`, `territorycode`, `territorylevel`, `territoryname`, `territory_pinyin`, `territorysort`, `x_wgs84`, `y_wgs84`, `territoryparentid`) VALUES ('190','360700',3,'赣州市','GZS','0',114.935025,25.831925,'17');
INSERT INTO `t_s_territory` (`ID`, `territorycode`, `territorylevel`, `territoryname`, `territory_pinyin`, `territorysort`, `x_wgs84`, `y_wgs84`, `territoryparentid`) VALUES ('191','360800',3,'吉安市','JAS','0',114.992912,27.113039,'17');
INSERT INTO `t_s_territory` (`ID`, `territorycode`, `territorylevel`, `territoryname`, `territory_pinyin`, `territorysort`, `x_wgs84`, `y_wgs84`, `territoryparentid`) VALUES ('192','360900',3,'宜春市','YCS','0',114.416778,27.815619,'17');
INSERT INTO `t_s_territory` (`ID`, `territorycode`, `territorylevel`, `territoryname`, `territory_pinyin`, `territorysort`, `x_wgs84`, `y_wgs84`, `territoryparentid`) VALUES ('193','361000',3,'抚州市','FZS','0',116.358176,27.9492,'17');
INSERT INTO `t_s_territory` (`ID`, `territorycode`, `territorylevel`, `territoryname`, `territory_pinyin`, `territorysort`, `x_wgs84`, `y_wgs84`, `territoryparentid`) VALUES ('194','361100',3,'上饶市','SRS','0',117.943433,28.454863,'17');
INSERT INTO `t_s_territory` (`ID`, `territorycode`, `territorylevel`, `territoryname`, `territory_pinyin`, `territorysort`, `x_wgs84`, `y_wgs84`, `territoryparentid`) VALUES ('195','370100',3,'济南市','JNS','0',116.994917,36.665282,'18');
INSERT INTO `t_s_territory` (`ID`, `territorycode`, `territorylevel`, `territoryname`, `territory_pinyin`, `territorysort`, `x_wgs84`, `y_wgs84`, `territoryparentid`) VALUES ('20','00000018',2,'湖南省','HNS','0',112.98381,28.112444,'1');
INSERT INTO `t_s_territory` (`ID`, `territorycode`, `territorylevel`, `territoryname`, `territory_pinyin`, `territorysort`, `x_wgs84`, `y_wgs84`, `territoryparentid`) VALUES ('21','40000000',2,'重庆市','ZQS','0',106.551557,29.56301,'1');
INSERT INTO `t_s_territory` (`ID`, `territorycode`, `territorylevel`, `territoryname`, `territory_pinyin`, `territorysort`, `x_wgs84`, `y_wgs84`, `territoryparentid`) VALUES ('22','00000022',2,'四川省','SCS','0',104.075931,30.651652,'1');
INSERT INTO `t_s_territory` (`ID`, `territorycode`, `territorylevel`, `territoryname`, `territory_pinyin`, `territorysort`, `x_wgs84`, `y_wgs84`, `territoryparentid`) VALUES ('23','00000019',2,'广东省','GDS','0',113.266531,23.132191,'1');
INSERT INTO `t_s_territory` (`ID`, `territorycode`, `territorylevel`, `territoryname`, `territory_pinyin`, `territorysort`, `x_wgs84`, `y_wgs84`, `territoryparentid`) VALUES ('24','00000020',2,'广西壮族自治区','GXZZZZQ','0',108.327546,22.815478,'1');
INSERT INTO `t_s_territory` (`ID`, `territorycode`, `territorylevel`, `territoryname`, `territory_pinyin`, `territorysort`, `x_wgs84`, `y_wgs84`, `territoryparentid`) VALUES ('25','00000021',2,'海南省','HNS','0',110.349229,20.017378,'1');
INSERT INTO `t_s_territory` (`ID`, `territorycode`, `territorylevel`, `territoryname`, `territory_pinyin`, `territorysort`, `x_wgs84`, `y_wgs84`, `territoryparentid`) VALUES ('26','810000',2,'香港特别行政区','XGTBXZQ','0',114.109497,22.396428,'1');
INSERT INTO `t_s_territory` (`ID`, `territorycode`, `territorylevel`, `territoryname`, `territory_pinyin`, `territorysort`, `x_wgs84`, `y_wgs84`, `territoryparentid`) VALUES ('27','820000',2,'澳门特别行政区','AMTBXZQ','0',113.543873,22.198745,'1');
INSERT INTO `t_s_territory` (`ID`, `territorycode`, `territorylevel`, `territoryname`, `territory_pinyin`, `territorysort`, `x_wgs84`, `y_wgs84`, `territoryparentid`) VALUES ('28','00000023',2,'贵州省','GZS','0',106.707116,26.598026,'1');
INSERT INTO `t_s_territory` (`ID`, `territorycode`, `territorylevel`, `territoryname`, `territory_pinyin`, `territorysort`, `x_wgs84`, `y_wgs84`, `territoryparentid`) VALUES ('29','00000024',2,'云南省','YNS','0',102.709812,25.045359,'1');
INSERT INTO `t_s_territory` (`ID`, `territorycode`, `territorylevel`, `territoryname`, `territory_pinyin`, `territorysort`, `x_wgs84`, `y_wgs84`, `territoryparentid`) VALUES ('3','00000006',2,'辽宁省','LNS','0',123.42944,41.835441,'1');
INSERT INTO `t_s_territory` (`ID`, `territorycode`, `territorylevel`, `territoryname`, `territory_pinyin`, `territorysort`, `x_wgs84`, `y_wgs84`, `territoryparentid`) VALUES ('30','00000025',2,'西藏自治区','XCZZQ','0',91.1170059,29.647951,'1');
INSERT INTO `t_s_territory` (`ID`, `territorycode`, `territorylevel`, `territoryname`, `territory_pinyin`, `territorysort`, `x_wgs84`, `y_wgs84`, `territoryparentid`) VALUES ('31','00000026',2,'陕西省','SXS','0',108.954239,34.265472,'1');
INSERT INTO `t_s_territory` (`ID`, `territorycode`, `territorylevel`, `territoryname`, `territory_pinyin`, `territorysort`, `x_wgs84`, `y_wgs84`, `territoryparentid`) VALUES ('32','00000027',2,'甘肃省','GSS','0',103.826308,36.059421,'1');
INSERT INTO `t_s_territory` (`ID`, `territorycode`, `territorylevel`, `territoryname`, `territory_pinyin`, `territorysort`, `x_wgs84`, `y_wgs84`, `territoryparentid`) VALUES ('33','00000028',2,'青海省','QHS','0',101.780199,36.620901,'1');
INSERT INTO `t_s_territory` (`ID`, `territorycode`, `territorylevel`, `territoryname`, `territory_pinyin`, `territorysort`, `x_wgs84`, `y_wgs84`, `territoryparentid`) VALUES ('34','00000029',2,'宁夏回族自治区','NXHZZZQ','0',106.258754,38.471318,'1');
INSERT INTO `t_s_territory` (`ID`, `territorycode`, `territorylevel`, `territoryname`, `territory_pinyin`, `territorysort`, `x_wgs84`, `y_wgs84`, `territoryparentid`) VALUES ('35','00000030',2,'新疆维吾尔自治区','XJWWEZZQ','0',87.6278119,43.793028,'1');
INSERT INTO `t_s_territory` (`ID`, `territorycode`, `territorylevel`, `territoryname`, `territory_pinyin`, `territorysort`, `x_wgs84`, `y_wgs84`, `territoryparentid`) VALUES ('4','00000007',2,'吉林省','JLS','0',125.326065,43.896082,'1');
INSERT INTO `t_s_territory` (`ID`, `territorycode`, `territorylevel`, `territoryname`, `territory_pinyin`, `territorysort`, `x_wgs84`, `y_wgs84`, `territoryparentid`) VALUES ('5','10000000',2,'北京市','BJS','0',116.407413,39.904214,'1');
INSERT INTO `t_s_territory` (`ID`, `territorycode`, `territorylevel`, `territoryname`, `territory_pinyin`, `territorysort`, `x_wgs84`, `y_wgs84`, `territoryparentid`) VALUES ('6','30000000',2,'天津市','TJS','0',117.200983,39.084158,'1');
INSERT INTO `t_s_territory` (`ID`, `territorycode`, `territorylevel`, `territoryname`, `territory_pinyin`, `territorysort`, `x_wgs84`, `y_wgs84`, `territoryparentid`) VALUES ('7','00000003',2,'河北省','HBS','0',114.468665,38.037057,'1');
INSERT INTO `t_s_territory` (`ID`, `territorycode`, `territorylevel`, `territoryname`, `territory_pinyin`, `territorysort`, `x_wgs84`, `y_wgs84`, `territoryparentid`) VALUES ('8','00000004',2,'山西省','SXS','0',112.562569,37.873376,'1');
INSERT INTO `t_s_territory` (`ID`, `territorycode`, `territorylevel`, `territoryname`, `territory_pinyin`, `territorysort`, `x_wgs84`, `y_wgs84`, `territoryparentid`) VALUES ('89','370200',3,'青岛市','QDS','0',120.382504,36.06722,'18');
INSERT INTO `t_s_territory` (`ID`, `territorycode`, `territorylevel`, `territoryname`, `territory_pinyin`, `territorysort`, `x_wgs84`, `y_wgs84`, `territoryparentid`) VALUES ('9','00000005',2,'内蒙古自治区','NMGZZQ','0',111.765618,40.817498,'1');
INSERT INTO `t_s_territory` (`ID`, `territorycode`, `territorylevel`, `territoryname`, `territory_pinyin`, `territorysort`, `x_wgs84`, `y_wgs84`, `territoryparentid`) VALUES ('90','370300',3,'淄博市','ZBS','0',118.055007,36.813497,'18');
INSERT INTO `t_s_territory` (`ID`, `territorycode`, `territorylevel`, `territoryname`, `territory_pinyin`, `territorysort`, `x_wgs84`, `y_wgs84`, `territoryparentid`) VALUES ('91','370400',3,'枣庄市','ZZS','0',117.323725,34.810488,'18');
INSERT INTO `t_s_territory` (`ID`, `territorycode`, `territorylevel`, `territoryname`, `territory_pinyin`, `territorysort`, `x_wgs84`, `y_wgs84`, `territoryparentid`) VALUES ('92','370500',3,'东营市','DYS','0',118.674767,37.434751,'18');
INSERT INTO `t_s_territory` (`ID`, `territorycode`, `territorylevel`, `territoryname`, `territory_pinyin`, `territorysort`, `x_wgs84`, `y_wgs84`, `territoryparentid`) VALUES ('926','370113',4,'长清区','CQQ','0',116.751959,36.553691,'195');
INSERT INTO `t_s_territory` (`ID`, `territorycode`, `territorylevel`, `territoryname`, `territory_pinyin`, `territorysort`, `x_wgs84`, `y_wgs84`, `territoryparentid`) VALUES ('927','370124',4,'平阴县','PYX','0',116.456187,36.289265,'195');
INSERT INTO `t_s_territory` (`ID`, `territorycode`, `territorylevel`, `territoryname`, `territory_pinyin`, `territorysort`, `x_wgs84`, `y_wgs84`, `territoryparentid`) VALUES ('928','370125',4,'济阳县','JYX','0',117.173529,36.978547,'195');
INSERT INTO `t_s_territory` (`ID`, `territorycode`, `territorylevel`, `territoryname`, `territory_pinyin`, `territorysort`, `x_wgs84`, `y_wgs84`, `territoryparentid`) VALUES ('929','370126',4,'商河县','SHX','0',117.157183,37.309045,'195');
INSERT INTO `t_s_territory` (`ID`, `territorycode`, `territorylevel`, `territoryname`, `territory_pinyin`, `territorysort`, `x_wgs84`, `y_wgs84`, `territoryparentid`) VALUES ('93','370600',3,'烟台市','YTS','0',121.447926,37.463819,'18');
INSERT INTO `t_s_territory` (`ID`, `territorycode`, `territorylevel`, `territoryname`, `territory_pinyin`, `territorysort`, `x_wgs84`, `y_wgs84`, `territoryparentid`) VALUES ('930','370181',4,'章丘市','ZQS','0',117.534326,36.714015,'195');
INSERT INTO `t_s_territory` (`ID`, `territorycode`, `territorylevel`, `territoryname`, `territory_pinyin`, `territorysort`, `x_wgs84`, `y_wgs84`, `territoryparentid`) VALUES ('931','370202',4,'市南区','SNQ','0',120.412392,36.075651,'89');
INSERT INTO `t_s_territory` (`ID`, `territorycode`, `territorylevel`, `territoryname`, `territory_pinyin`, `territorysort`, `x_wgs84`, `y_wgs84`, `territoryparentid`) VALUES ('932','370203',4,'市北区','SBQ','0',120.374801,36.087661,'89');
INSERT INTO `t_s_territory` (`ID`, `territorycode`, `territorylevel`, `territoryname`, `territory_pinyin`, `territorysort`, `x_wgs84`, `y_wgs84`, `territoryparentid`) VALUES ('933','370205',4,'四方区','SFQ','0',120.366454,36.103993,'89');
INSERT INTO `t_s_territory` (`ID`, `territorycode`, `territorylevel`, `territoryname`, `territory_pinyin`, `territorysort`, `x_wgs84`, `y_wgs84`, `territoryparentid`) VALUES ('934','370211',4,'黄岛区','HDQ','0',120.198054,35.960935,'89');
INSERT INTO `t_s_territory` (`ID`, `territorycode`, `territorylevel`, `territoryname`, `territory_pinyin`, `territorysort`, `x_wgs84`, `y_wgs84`, `territoryparentid`) VALUES ('935','370212',4,'崂山区','LSQ','0',120.468956,36.107538,'89');
INSERT INTO `t_s_territory` (`ID`, `territorycode`, `territorylevel`, `territoryname`, `territory_pinyin`, `territorysort`, `x_wgs84`, `y_wgs84`, `territoryparentid`) VALUES ('936','370213',4,'李沧区','LCQ','0',120.432864,36.145476,'89');
INSERT INTO `t_s_territory` (`ID`, `territorycode`, `territorylevel`, `territoryname`, `territory_pinyin`, `territorysort`, `x_wgs84`, `y_wgs84`, `territoryparentid`) VALUES ('937','370214',4,'城阳区','CYQ','0',120.396529,36.307061,'89');
INSERT INTO `t_s_territory` (`ID`, `territorycode`, `territorylevel`, `territoryname`, `territory_pinyin`, `territorysort`, `x_wgs84`, `y_wgs84`, `territoryparentid`) VALUES ('938','370281',4,'胶州市','JZS','0',120.033345,36.264664,'89');
INSERT INTO `t_s_territory` (`ID`, `territorycode`, `territorylevel`, `territoryname`, `territory_pinyin`, `territorysort`, `x_wgs84`, `y_wgs84`, `territoryparentid`) VALUES ('939','370282',4,'即墨市','JMS','0',120.447162,36.389401,'89');
INSERT INTO `t_s_territory` (`ID`, `territorycode`, `territorylevel`, `territoryname`, `territory_pinyin`, `territorysort`, `x_wgs84`, `y_wgs84`, `territoryparentid`) VALUES ('94','370700',3,'潍坊市','WFS','0',119.16193,36.706691,'18');
INSERT INTO `t_s_territory` (`ID`, `territorycode`, `territorylevel`, `territoryname`, `territory_pinyin`, `territorysort`, `x_wgs84`, `y_wgs84`, `territoryparentid`) VALUES ('940','370283',4,'平度市','PDS','0',119.960014,36.7867,'89');
INSERT INTO `t_s_territory` (`ID`, `territorycode`, `territorylevel`, `territoryname`, `territory_pinyin`, `territorysort`, `x_wgs84`, `y_wgs84`, `territoryparentid`) VALUES ('941','370284',4,'胶南市','JNS','0',120.04643,35.8725,'89');
INSERT INTO `t_s_territory` (`ID`, `territorycode`, `territorylevel`, `territoryname`, `territory_pinyin`, `territorysort`, `x_wgs84`, `y_wgs84`, `territoryparentid`) VALUES ('942','370285',4,'莱西市','LXS','0',120.51769,36.889084,'89');
INSERT INTO `t_s_territory` (`ID`, `territorycode`, `territorylevel`, `territoryname`, `territory_pinyin`, `territorysort`, `x_wgs84`, `y_wgs84`, `territoryparentid`) VALUES ('943','370302',4,'淄川区','ZCQ','0',117.966842,36.643449,'90');
INSERT INTO `t_s_territory` (`ID`, `territorycode`, `territorylevel`, `territoryname`, `territory_pinyin`, `territorysort`, `x_wgs84`, `y_wgs84`, `territoryparentid`) VALUES ('944','370303',4,'张店区','ZDQ','0',118.017656,36.806773,'90');
INSERT INTO `t_s_territory` (`ID`, `territorycode`, `territorylevel`, `territoryname`, `territory_pinyin`, `territorysort`, `x_wgs84`, `y_wgs84`, `territoryparentid`) VALUES ('945','370304',4,'博山区','BSQ','0',117.861698,36.494752,'90');
INSERT INTO `t_s_territory` (`ID`, `territorycode`, `territorylevel`, `territoryname`, `territory_pinyin`, `territorysort`, `x_wgs84`, `y_wgs84`, `territoryparentid`) VALUES ('946','370305',4,'临淄区','LZQ','0',118.308977,36.827343,'90');
INSERT INTO `t_s_territory` (`ID`, `territorycode`, `territorylevel`, `territoryname`, `territory_pinyin`, `territorysort`, `x_wgs84`, `y_wgs84`, `territoryparentid`) VALUES ('947','370306',4,'周村区','ZCQ','0',117.869877,36.803109,'90');
INSERT INTO `t_s_territory` (`ID`, `territorycode`, `territorylevel`, `territoryname`, `territory_pinyin`, `territorysort`, `x_wgs84`, `y_wgs84`, `territoryparentid`) VALUES ('948','370321',4,'桓台县','HTX','0',118.097955,36.959623,'90');
INSERT INTO `t_s_territory` (`ID`, `territorycode`, `territorylevel`, `territoryname`, `territory_pinyin`, `territorysort`, `x_wgs84`, `y_wgs84`, `territoryparentid`) VALUES ('949','370322',4,'高青县','GQX','0',117.826916,37.171063,'90');
INSERT INTO `t_s_territory` (`ID`, `territorycode`, `territorylevel`, `territoryname`, `territory_pinyin`, `territorysort`, `x_wgs84`, `y_wgs84`, `territoryparentid`) VALUES ('95','370800',3,'济宁市','JNS','0',116.587099,35.414921,'18');
INSERT INTO `t_s_territory` (`ID`, `territorycode`, `territorylevel`, `territoryname`, `territory_pinyin`, `territorysort`, `x_wgs84`, `y_wgs84`, `territoryparentid`) VALUES ('950','370323',4,'沂源县','YYX','0',118.170979,36.184827,'90');
INSERT INTO `t_s_territory` (`ID`, `territorycode`, `territorylevel`, `territoryname`, `territory_pinyin`, `territorysort`, `x_wgs84`, `y_wgs84`, `territoryparentid`) VALUES ('951','370402',4,'市中区','SZQ','0',117.556124,34.864114,'91');
INSERT INTO `t_s_territory` (`ID`, `territorycode`, `territorylevel`, `territoryname`, `territory_pinyin`, `territorysort`, `x_wgs84`, `y_wgs84`, `territoryparentid`) VALUES ('952','370403',4,'薛城区','YCQ','0',117.263157,34.795206,'91');
INSERT INTO `t_s_territory` (`ID`, `territorycode`, `territorylevel`, `territoryname`, `territory_pinyin`, `territorysort`, `x_wgs84`, `y_wgs84`, `territoryparentid`) VALUES ('953','370404',4,'峄城区','YCQ','0',117.590819,34.772236,'91');
INSERT INTO `t_s_territory` (`ID`, `territorycode`, `territorylevel`, `territoryname`, `territory_pinyin`, `territorysort`, `x_wgs84`, `y_wgs84`, `territoryparentid`) VALUES ('954','370405',4,'台儿庄区','TEZQ','0',117.733832,34.562528,'91');
INSERT INTO `t_s_territory` (`ID`, `territorycode`, `territorylevel`, `territoryname`, `territory_pinyin`, `territorysort`, `x_wgs84`, `y_wgs84`, `territoryparentid`) VALUES ('955','370406',4,'山亭区','STQ','0',117.461343,35.099549,'91');
INSERT INTO `t_s_territory` (`ID`, `territorycode`, `territorylevel`, `territoryname`, `territory_pinyin`, `territorysort`, `x_wgs84`, `y_wgs84`, `territoryparentid`) VALUES ('956','370481',4,'滕州市','TZS','0',117.164388,35.084021,'91');
INSERT INTO `t_s_territory` (`ID`, `territorycode`, `territorylevel`, `territoryname`, `territory_pinyin`, `territorysort`, `x_wgs84`, `y_wgs84`, `territoryparentid`) VALUES ('957','370502',4,'东营区','DYQ','0',118.582184,37.448964,'92');
INSERT INTO `t_s_territory` (`ID`, `territorycode`, `territorylevel`, `territoryname`, `territory_pinyin`, `territorysort`, `x_wgs84`, `y_wgs84`, `territoryparentid`) VALUES ('958','370503',4,'河口区','HKQ','0',118.525579,37.886138,'92');
INSERT INTO `t_s_territory` (`ID`, `territorycode`, `territorylevel`, `territoryname`, `territory_pinyin`, `territorysort`, `x_wgs84`, `y_wgs84`, `territoryparentid`) VALUES ('959','370521',4,'垦利县','KLX','0',118.547627,37.58754,'92');
INSERT INTO `t_s_territory` (`ID`, `territorycode`, `territorylevel`, `territoryname`, `territory_pinyin`, `territorysort`, `x_wgs84`, `y_wgs84`, `territoryparentid`) VALUES ('960','370522',4,'利津县','LJX','0',118.255273,37.49026,'92');
INSERT INTO `t_s_territory` (`ID`, `territorycode`, `territorylevel`, `territoryname`, `territory_pinyin`, `territorysort`, `x_wgs84`, `y_wgs84`, `territoryparentid`) VALUES ('961','370523',4,'广饶县','GRX','0',118.407045,37.0537,'92');
INSERT INTO `t_s_territory` (`ID`, `territorycode`, `territorylevel`, `territoryname`, `territory_pinyin`, `territorysort`, `x_wgs84`, `y_wgs84`, `territoryparentid`) VALUES ('962','370602',4,'芝罘区','ZFQ','0',121.400031,37.540687,'93');
INSERT INTO `t_s_territory` (`ID`, `territorycode`, `territorylevel`, `territoryname`, `territory_pinyin`, `territorysort`, `x_wgs84`, `y_wgs84`, `territoryparentid`) VALUES ('963','370611',4,'福山区','FSQ','0',121.267697,37.498051,'93');
INSERT INTO `t_s_territory` (`ID`, `territorycode`, `territorylevel`, `territoryname`, `territory_pinyin`, `territorysort`, `x_wgs84`, `y_wgs84`, `territoryparentid`) VALUES ('964','370612',4,'牟平区','MPQ','0',121.600512,37.386901,'93');
INSERT INTO `t_s_territory` (`ID`, `territorycode`, `territorylevel`, `territoryname`, `territory_pinyin`, `territorysort`, `x_wgs84`, `y_wgs84`, `territoryparentid`) VALUES ('965','370613',4,'莱山区','LSQ','0',121.445304,37.511305,'93');
INSERT INTO `t_s_territory` (`ID`, `territorycode`, `territorylevel`, `territoryname`, `territory_pinyin`, `territorysort`, `x_wgs84`, `y_wgs84`, `territoryparentid`) VALUES ('966','370614',4,'开发区','KFQ','0',121.251001,37.554683,'93');
INSERT INTO `t_s_territory` (`ID`, `territorycode`, `territorylevel`, `territoryname`, `territory_pinyin`, `territorysort`, `x_wgs84`, `y_wgs84`, `territoryparentid`) VALUES ('967','370634',4,'长岛县','CDX','0',120.736584,37.921417,'93');
INSERT INTO `t_s_territory` (`ID`, `territorycode`, `territorylevel`, `territoryname`, `territory_pinyin`, `territorysort`, `x_wgs84`, `y_wgs84`, `territoryparentid`) VALUES ('968','370681',4,'龙口市','LKS','0',120.477836,37.646064,'93');
INSERT INTO `t_s_territory` (`ID`, `territorycode`, `territorylevel`, `territoryname`, `territory_pinyin`, `territorysort`, `x_wgs84`, `y_wgs84`, `territoryparentid`) VALUES ('969','370682',4,'莱阳市','LYS','0',120.711607,36.97891,'93');
INSERT INTO `t_s_territory` (`ID`, `territorycode`, `territorylevel`, `territoryname`, `territory_pinyin`, `territorysort`, `x_wgs84`, `y_wgs84`, `territoryparentid`) VALUES ('970','370683',4,'莱州市','LZS','0',119.942327,37.177017,'93');
INSERT INTO `t_s_territory` (`ID`, `territorycode`, `territorylevel`, `territoryname`, `territory_pinyin`, `territorysort`, `x_wgs84`, `y_wgs84`, `territoryparentid`) VALUES ('971','370684',4,'蓬莱市','PLS','0',120.758848,37.810661,'93');
INSERT INTO `t_s_territory` (`ID`, `territorycode`, `territorylevel`, `territoryname`, `territory_pinyin`, `territorysort`, `x_wgs84`, `y_wgs84`, `territoryparentid`) VALUES ('972','370685',4,'招远市','ZYS','0',120.434072,37.355469,'93');
INSERT INTO `t_s_territory` (`ID`, `territorycode`, `territorylevel`, `territoryname`, `territory_pinyin`, `territorysort`, `x_wgs84`, `y_wgs84`, `territoryparentid`) VALUES ('973','370686',4,'栖霞市','QXS','0',120.849675,37.335123,'93');
INSERT INTO `t_s_territory` (`ID`, `territorycode`, `territorylevel`, `territoryname`, `territory_pinyin`, `territorysort`, `x_wgs84`, `y_wgs84`, `territoryparentid`) VALUES ('974','370687',4,'海阳市','HYS','0',121.158477,36.776425,'93');
INSERT INTO `t_s_territory` (`ID`, `territorycode`, `territorylevel`, `territoryname`, `territory_pinyin`, `territorysort`, `x_wgs84`, `y_wgs84`, `territoryparentid`) VALUES ('975','370702',4,'潍城区','WCQ','0',119.024836,36.7281,'94');
INSERT INTO `t_s_territory` (`ID`, `territorycode`, `territorylevel`, `territoryname`, `territory_pinyin`, `territorysort`, `x_wgs84`, `y_wgs84`, `territoryparentid`) VALUES ('976','370703',4,'寒亭区','HTQ','0',119.219734,36.775491,'94');
INSERT INTO `t_s_territory` (`ID`, `territorycode`, `territorylevel`, `territoryname`, `territory_pinyin`, `territorysort`, `x_wgs84`, `y_wgs84`, `territoryparentid`) VALUES ('977','370704',4,'坊子区','FZQ','0',119.166485,36.654448,'94');
INSERT INTO `t_s_territory` (`ID`, `territorycode`, `territorylevel`, `territoryname`, `territory_pinyin`, `territorysort`, `x_wgs84`, `y_wgs84`, `territoryparentid`) VALUES ('978','370705',4,'奎文区','KWQ','0',119.132486,36.707676,'94');
INSERT INTO `t_s_territory` (`ID`, `territorycode`, `territorylevel`, `territoryname`, `territory_pinyin`, `territorysort`, `x_wgs84`, `y_wgs84`, `territoryparentid`) VALUES ('979','370724',4,'临朐县','LQX','0',118.542982,36.5125059,'94');
INSERT INTO `t_s_territory` (`ID`, `territorycode`, `territorylevel`, `territoryname`, `territory_pinyin`, `territorysort`, `x_wgs84`, `y_wgs84`, `territoryparentid`) VALUES ('980','370725',4,'昌乐县','CLX','0',118.829914,36.706945,'94');
INSERT INTO `t_s_territory` (`ID`, `territorycode`, `territorylevel`, `territoryname`, `territory_pinyin`, `territorysort`, `x_wgs84`, `y_wgs84`, `territoryparentid`) VALUES ('981','370781',4,'青州市','QZS','0',118.479622,36.684528,'94');
INSERT INTO `t_s_territory` (`ID`, `territorycode`, `territorylevel`, `territoryname`, `territory_pinyin`, `territorysort`, `x_wgs84`, `y_wgs84`, `territoryparentid`) VALUES ('982','370782',4,'诸城市','ZCS','0',119.410103,35.995654,'94');
INSERT INTO `t_s_territory` (`ID`, `territorycode`, `territorylevel`, `territoryname`, `territory_pinyin`, `territorysort`, `x_wgs84`, `y_wgs84`, `territoryparentid`) VALUES ('983','370783',4,'寿光市','SGS','0',118.790652,36.85548,'94');
INSERT INTO `t_s_territory` (`ID`, `territorycode`, `territorylevel`, `territoryname`, `territory_pinyin`, `territorysort`, `x_wgs84`, `y_wgs84`, `territoryparentid`) VALUES ('984','370784',4,'安丘市','AQS','0',119.218978,36.478494,'94');
INSERT INTO `t_s_territory` (`ID`, `territorycode`, `territorylevel`, `territoryname`, `territory_pinyin`, `territorysort`, `x_wgs84`, `y_wgs84`, `territoryparentid`) VALUES ('985','370785',4,'高密市','GMS','0',119.755597,36.3825949,'94');
INSERT INTO `t_s_territory` (`ID`, `territorycode`, `territorylevel`, `territoryname`, `territory_pinyin`, `territorysort`, `x_wgs84`, `y_wgs84`, `territoryparentid`) VALUES ('986','370786',4,'昌邑市','CYS','0',119.398525,36.85882,'94');
INSERT INTO `t_s_territory` (`ID`, `territorycode`, `territorylevel`, `territoryname`, `territory_pinyin`, `territorysort`, `x_wgs84`, `y_wgs84`, `territoryparentid`) VALUES ('987','370802',4,'市中区','SZQ','0',116.596614,35.40819,'95');
INSERT INTO `t_s_territory` (`ID`, `territorycode`, `territorylevel`, `territoryname`, `territory_pinyin`, `territorysort`, `x_wgs84`, `y_wgs84`, `territoryparentid`) VALUES ('988','370811',4,'任城区','RCQ','0',116.628562,35.433727,'95');
INSERT INTO `t_s_territory` (`ID`, `territorycode`, `territorylevel`, `territoryname`, `territory_pinyin`, `territorysort`, `x_wgs84`, `y_wgs84`, `territoryparentid`) VALUES ('989','370826',4,'微山县','WSX','0',117.128946,34.8071,'95');
INSERT INTO `t_s_territory` (`ID`, `territorycode`, `territorylevel`, `territoryname`, `territory_pinyin`, `territorysort`, `x_wgs84`, `y_wgs84`, `territoryparentid`) VALUES ('990','370827',4,'鱼台县','YTX','0',116.650608,35.012749,'95');
INSERT INTO `t_s_territory` (`ID`, `territorycode`, `territorylevel`, `territoryname`, `territory_pinyin`, `territorysort`, `x_wgs84`, `y_wgs84`, `territoryparentid`) VALUES ('991','370828',4,'金乡县','JXX','0',116.311532,35.06662,'95');
INSERT INTO `t_s_territory` (`ID`, `territorycode`, `territorylevel`, `territoryname`, `territory_pinyin`, `territorysort`, `x_wgs84`, `y_wgs84`, `territoryparentid`) VALUES ('992','370829',4,'嘉祥县','JXX','0',116.342442,35.407829,'95');
INSERT INTO `t_s_territory` (`ID`, `territorycode`, `territorylevel`, `territoryname`, `territory_pinyin`, `territorysort`, `x_wgs84`, `y_wgs84`, `territoryparentid`) VALUES ('993','370830',4,'汶上县','WSX','0',116.489043,35.732799,'95');
INSERT INTO `t_s_territory` (`ID`, `territorycode`, `territorylevel`, `territoryname`, `territory_pinyin`, `territorysort`, `x_wgs84`, `y_wgs84`, `territoryparentid`) VALUES ('994','370831',4,'泗水县','SSX','0',117.251195,35.664323,'95');
INSERT INTO `t_s_territory` (`ID`, `territorycode`, `territorylevel`, `territoryname`, `territory_pinyin`, `territorysort`, `x_wgs84`, `y_wgs84`, `territoryparentid`) VALUES ('995','370832',4,'梁山县','LSX','0',116.096044,35.802306,'95');
INSERT INTO `t_s_territory` (`ID`, `territorycode`, `territorylevel`, `territoryname`, `territory_pinyin`, `territorysort`, `x_wgs84`, `y_wgs84`, `territoryparentid`) VALUES ('996','370881',4,'曲阜市','QFS','0',116.986532,35.581137,'95');
INSERT INTO `t_s_territory` (`ID`, `territorycode`, `territorylevel`, `territoryname`, `territory_pinyin`, `territorysort`, `x_wgs84`, `y_wgs84`, `territoryparentid`) VALUES ('997','370882',4,'兖州市','YZS','0',116.783834,35.553144,'95');
INSERT INTO `t_s_territory` (`ID`, `territorycode`, `territorylevel`, `territoryname`, `territory_pinyin`, `territorysort`, `x_wgs84`, `y_wgs84`, `territoryparentid`) VALUES ('998','370883',4,'邹城市','ZCS','0',117.003743,35.405185,'95');
INSERT INTO `t_s_territory` (`ID`, `territorycode`, `territorylevel`, `territoryname`, `territory_pinyin`, `territorysort`, `x_wgs84`, `y_wgs84`, `territoryparentid`) VALUES ('999','370902',4,'泰山区','TSQ','0',117.135354,36.192084,'96');
/*!40000 ALTER TABLE `t_s_territory` ENABLE KEYS */;

--
-- Table structure for table `t_s_timetask`
--

DROP TABLE IF EXISTS `t_s_timetask`;
/*!40101 SET @saved_cs_client     = @@character_set_client */;
/*!40101 SET character_set_client = utf8 */;
CREATE TABLE `t_s_timetask` (
  `ID` varchar(32) NOT NULL,
  `CREATE_BY` varchar(32) DEFAULT NULL,
  `CREATE_DATE` datetime DEFAULT NULL,
  `CREATE_NAME` varchar(32) DEFAULT NULL,
  `CRON_EXPRESSION` varchar(100) NOT NULL,
  `IS_EFFECT` varchar(1) NOT NULL,
  `IS_START` varchar(1) NOT NULL,
  `TASK_DESCRIBE` varchar(50) NOT NULL,
  `TASK_ID` varchar(100) NOT NULL,
  `UPDATE_BY` varchar(32) DEFAULT NULL,
  `UPDATE_DATE` datetime DEFAULT NULL,
  `UPDATE_NAME` varchar(32) DEFAULT NULL,
  PRIMARY KEY (`ID`)
) ENGINE=InnoDB DEFAULT CHARSET=utf8;
/*!40101 SET character_set_client = @saved_cs_client */;

--
-- Dumping data for table `t_s_timetask`
--

/*!40000 ALTER TABLE `t_s_timetask` DISABLE KEYS */;
INSERT INTO `t_s_timetask` (`ID`, `CREATE_BY`, `CREATE_DATE`, `CREATE_NAME`, `CRON_EXPRESSION`, `IS_EFFECT`, `IS_START`, `TASK_DESCRIBE`, `TASK_ID`, `UPDATE_BY`, `UPDATE_DATE`, `UPDATE_NAME`) VALUES ('4028ef8156b0d8e00156b1002aea0026','4028d881436d514601436d5215ac0043','2016-08-22 14:46:33','admin','0 0/6 * * * ?','1','0','重置微信超过2小时失效Token','autoResetWeixinTokenCronTrigger','4028d881436d514601436d5215ac0043','2016-08-22 14:49:53','admin');
/*!40000 ALTER TABLE `t_s_timetask` ENABLE KEYS */;

--
-- Table structure for table `t_s_type`
--

DROP TABLE IF EXISTS `t_s_type`;
/*!40101 SET @saved_cs_client     = @@character_set_client */;
/*!40101 SET character_set_client = utf8 */;
CREATE TABLE `t_s_type` (
  `ID` varchar(32) NOT NULL,
  `typecode` varchar(50) DEFAULT NULL,
  `typename` varchar(50) DEFAULT NULL,
  `typepid` varchar(32) DEFAULT NULL,
  `typegroupid` varchar(32) DEFAULT NULL,
  PRIMARY KEY (`ID`),
  KEY `FK_nw2b22gy7plh7pqows186odmq` (`typepid`),
  KEY `FK_3q40mr4ebtd0cvx79matl39x1` (`typegroupid`),
  CONSTRAINT `FK_3q40mr4ebtd0cvx79matl39x1` FOREIGN KEY (`typegroupid`) REFERENCES `t_s_typegroup` (`ID`),
  CONSTRAINT `FK_nw2b22gy7plh7pqows186odmq` FOREIGN KEY (`typepid`) REFERENCES `t_s_type` (`ID`)
) ENGINE=InnoDB DEFAULT CHARSET=utf8;
/*!40101 SET character_set_client = @saved_cs_client */;

--
-- Dumping data for table `t_s_type`
--

/*!40000 ALTER TABLE `t_s_type` DISABLE KEYS */;
INSERT INTO `t_s_type` (`ID`, `typecode`, `typename`, `typepid`, `typegroupid`) VALUES ('402889f8476650de01476666acbf0005','01','多文章',NULL,'402889f8476650de01476665dfe70002');
INSERT INTO `t_s_type` (`ID`, `typecode`, `typename`, `typepid`, `typegroupid`) VALUES ('402889f8476650de01476666d5c30007','02','单文章',NULL,'402889f8476650de01476665dfe70002');
INSERT INTO `t_s_type` (`ID`, `typecode`, `typename`, `typepid`, `typegroupid`) VALUES ('402889ff4728f2370147290a0f82001d','1','服务号',NULL,'402889ff4728f2370147290995f80018');
INSERT INTO `t_s_type` (`ID`, `typecode`, `typename`, `typepid`, `typegroupid`) VALUES ('402889ff4728f2370147290a2d63001f','2','订阅号',NULL,'402889ff4728f2370147290995f80018');
INSERT INTO `t_s_type` (`ID`, `typecode`, `typename`, `typepid`, `typegroupid`) VALUES ('4028d881436d514601436d5216130051','2','菜单图标',NULL,'4028d881436d514601436d5215c30047');
INSERT INTO `t_s_type` (`ID`, `typecode`, `typename`, `typepid`, `typegroupid`) VALUES ('4028d881436d514601436d5216160052','1','系统图标',NULL,'4028d881436d514601436d5215c30047');
INSERT INTO `t_s_type` (`ID`, `typecode`, `typename`, `typepid`, `typegroupid`) VALUES ('4028d881436d514601436d5216190053','files','附件',NULL,'4028d881436d514601436d5215e4004f');
INSERT INTO `t_s_type` (`ID`, `typecode`, `typename`, `typepid`, `typegroupid`) VALUES ('4028d881436d514601436d52161c0054','1','优质订单',NULL,'4028d881436d514601436d5215c90048');
INSERT INTO `t_s_type` (`ID`, `typecode`, `typename`, `typepid`, `typegroupid`) VALUES ('4028d881436d514601436d52161f0055','2','普通订单',NULL,'4028d881436d514601436d5215c90048');
INSERT INTO `t_s_type` (`ID`, `typecode`, `typename`, `typepid`, `typegroupid`) VALUES ('4028d881436d514601436d5216220056','1','签约客户',NULL,'4028d881436d514601436d5215cc0049');
INSERT INTO `t_s_type` (`ID`, `typecode`, `typename`, `typepid`, `typegroupid`) VALUES ('4028d881436d514601436d5216250057','2','普通客户',NULL,'4028d881436d514601436d5215cc0049');
INSERT INTO `t_s_type` (`ID`, `typecode`, `typename`, `typepid`, `typegroupid`) VALUES ('4028d881436d514601436d5216290058','1','特殊服务',NULL,'4028d881436d514601436d5215cf004a');
INSERT INTO `t_s_type` (`ID`, `typecode`, `typename`, `typepid`, `typegroupid`) VALUES ('4028d881436d514601436d52162e0059','2','普通服务',NULL,'4028d881436d514601436d5215cf004a');
INSERT INTO `t_s_type` (`ID`, `typecode`, `typename`, `typepid`, `typegroupid`) VALUES ('4028d881436d514601436d521633005a','single','单条件查询',NULL,'4028d881436d514601436d5215d4004b');
INSERT INTO `t_s_type` (`ID`, `typecode`, `typename`, `typepid`, `typegroupid`) VALUES ('4028d881436d514601436d521638005b','group','范围查询',NULL,'4028d881436d514601436d5215d4004b');
INSERT INTO `t_s_type` (`ID`, `typecode`, `typename`, `typepid`, `typegroupid`) VALUES ('4028d881436d514601436d52163d005c','Y','是',NULL,'4028d881436d514601436d5215d7004c');
INSERT INTO `t_s_type` (`ID`, `typecode`, `typename`, `typepid`, `typegroupid`) VALUES ('4028d881436d514601436d521640005d','N','否',NULL,'4028d881436d514601436d5215d7004c');
INSERT INTO `t_s_type` (`ID`, `typecode`, `typename`, `typepid`, `typegroupid`) VALUES ('4028d881436d514601436d521643005e','Integer','Integer',NULL,'4028d881436d514601436d5215db004d');
INSERT INTO `t_s_type` (`ID`, `typecode`, `typename`, `typepid`, `typegroupid`) VALUES ('4028d881436d514601436d521646005f','Date','Date',NULL,'4028d881436d514601436d5215db004d');
INSERT INTO `t_s_type` (`ID`, `typecode`, `typename`, `typepid`, `typegroupid`) VALUES ('4028d881436d514601436d52164b0060','String','String',NULL,'4028d881436d514601436d5215db004d');
INSERT INTO `t_s_type` (`ID`, `typecode`, `typename`, `typepid`, `typegroupid`) VALUES ('4028d881436d514601436d52164f0061','Long','Long',NULL,'4028d881436d514601436d5215db004d');
INSERT INTO `t_s_type` (`ID`, `typecode`, `typename`, `typepid`, `typegroupid`) VALUES ('4028d881436d514601436d5216530062','act','工作流引擎表',NULL,'4028d881436d514601436d5215df004e');
INSERT INTO `t_s_type` (`ID`, `typecode`, `typename`, `typepid`, `typegroupid`) VALUES ('4028d881436d514601436d5216570063','t_s','系统基础表',NULL,'4028d881436d514601436d5215df004e');
INSERT INTO `t_s_type` (`ID`, `typecode`, `typename`, `typepid`, `typegroupid`) VALUES ('4028d881436d514601436d52165c0064','t_b','业务表',NULL,'4028d881436d514601436d5215df004e');
INSERT INTO `t_s_type` (`ID`, `typecode`, `typename`, `typepid`, `typegroupid`) VALUES ('4028d881436d514601436d5216600065','t_p','自定义引擎表',NULL,'4028d881436d514601436d5215df004e');
INSERT INTO `t_s_type` (`ID`, `typecode`, `typename`, `typepid`, `typegroupid`) VALUES ('4028d881436d514601436d5216640066','news','新闻',NULL,'4028d881436d514601436d5215e4004f');
INSERT INTO `t_s_type` (`ID`, `typecode`, `typename`, `typepid`, `typegroupid`) VALUES ('4028d881436d514601436d5216670067','0','男性',NULL,'4028d881436d514601436d5215e90050');
INSERT INTO `t_s_type` (`ID`, `typecode`, `typename`, `typepid`, `typegroupid`) VALUES ('4028d881436d514601436d52166a0068','1','女性',NULL,'4028d881436d514601436d5215e90050');
/*!40000 ALTER TABLE `t_s_type` ENABLE KEYS */;

--
-- Table structure for table `t_s_typegroup`
--

DROP TABLE IF EXISTS `t_s_typegroup`;
/*!40101 SET @saved_cs_client     = @@character_set_client */;
/*!40101 SET character_set_client = utf8 */;
CREATE TABLE `t_s_typegroup` (
  `ID` varchar(32) NOT NULL,
  `typegroupcode` varchar(50) DEFAULT NULL,
  `typegroupname` varchar(50) DEFAULT NULL,
  PRIMARY KEY (`ID`)
) ENGINE=InnoDB DEFAULT CHARSET=utf8;
/*!40101 SET character_set_client = @saved_cs_client */;

--
-- Dumping data for table `t_s_typegroup`
--

/*!40000 ALTER TABLE `t_s_typegroup` DISABLE KEYS */;
INSERT INTO `t_s_typegroup` (`ID`, `typegroupcode`, `typegroupname`) VALUES ('402889f8476650de01476665dfe70002','cms_menu','CMS菜单类型');
INSERT INTO `t_s_typegroup` (`ID`, `typegroupcode`, `typegroupname`) VALUES ('402889ff4728f2370147290995f80018','weixintype','微信公众账号类型');
INSERT INTO `t_s_typegroup` (`ID`, `typegroupcode`, `typegroupname`) VALUES ('4028d881436d514601436d5215c30047','icontype','图标类型');
INSERT INTO `t_s_typegroup` (`ID`, `typegroupcode`, `typegroupname`) VALUES ('4028d881436d514601436d5215c90048','order','订单类型');
INSERT INTO `t_s_typegroup` (`ID`, `typegroupcode`, `typegroupname`) VALUES ('4028d881436d514601436d5215cc0049','custom','客户类型');
INSERT INTO `t_s_typegroup` (`ID`, `typegroupcode`, `typegroupname`) VALUES ('4028d881436d514601436d5215cf004a','service','服务项目类型');
INSERT INTO `t_s_typegroup` (`ID`, `typegroupcode`, `typegroupname`) VALUES ('4028d881436d514601436d5215d4004b','searchmode','查询模式');
INSERT INTO `t_s_typegroup` (`ID`, `typegroupcode`, `typegroupname`) VALUES ('4028d881436d514601436d5215d7004c','yesorno','逻辑条件');
INSERT INTO `t_s_typegroup` (`ID`, `typegroupcode`, `typegroupname`) VALUES ('4028d881436d514601436d5215db004d','fieldtype','字段类型');
INSERT INTO `t_s_typegroup` (`ID`, `typegroupcode`, `typegroupname`) VALUES ('4028d881436d514601436d5215df004e','database','数据表');
INSERT INTO `t_s_typegroup` (`ID`, `typegroupcode`, `typegroupname`) VALUES ('4028d881436d514601436d5215e4004f','fieltype','文档分类');
INSERT INTO `t_s_typegroup` (`ID`, `typegroupcode`, `typegroupname`) VALUES ('4028d881436d514601436d5215e90050','sex','性别类');
/*!40000 ALTER TABLE `t_s_typegroup` ENABLE KEYS */;

--
-- Table structure for table `t_s_user`
--

DROP TABLE IF EXISTS `t_s_user`;
/*!40101 SET @saved_cs_client     = @@character_set_client */;
/*!40101 SET character_set_client = utf8 */;
CREATE TABLE `t_s_user` (
  `email` varchar(50) DEFAULT NULL,
  `mobilePhone` varchar(30) DEFAULT NULL,
  `officePhone` varchar(20) DEFAULT NULL,
  `signatureFile` varchar(100) DEFAULT NULL,
  `id` varchar(32) NOT NULL,
  `accountid` varchar(36) DEFAULT NULL,
  `type` varchar(2) DEFAULT '1',
  PRIMARY KEY (`id`),
  KEY `FK_2cuji5h6yorrxgsr8ojndlmal` (`id`),
  CONSTRAINT `FK_2cuji5h6yorrxgsr8ojndlmal` FOREIGN KEY (`id`) REFERENCES `t_s_base_user` (`ID`)
) ENGINE=InnoDB DEFAULT CHARSET=utf8;
/*!40101 SET character_set_client = @saved_cs_client */;

--
-- Dumping data for table `t_s_user`
--

/*!40000 ALTER TABLE `t_s_user` DISABLE KEYS */;
INSERT INTO `t_s_user` (`email`, `mobilePhone`, `officePhone`, `signatureFile`, `id`, `accountid`, `type`) VALUES ('','','',NULL,'402881e4461f9c6401461fa2e6f50002','',NULL);
INSERT INTO `t_s_user` (`email`, `mobilePhone`, `officePhone`, `signatureFile`, `id`, `accountid`, `type`) VALUES ('','','',NULL,'402881e44648134a014648174a45000c','',NULL);
INSERT INTO `t_s_user` (`email`, `mobilePhone`, `officePhone`, `signatureFile`, `id`, `accountid`, `type`) VALUES ('','','','images/renfang/qm/licf.gif','4028d881436d514601436d5215ac0043','',NULL);
INSERT INTO `t_s_user` (`email`, `mobilePhone`, `officePhone`, `signatureFile`, `id`, `accountid`, `type`) VALUES ('zhangdaiscott@163.com','','',NULL,'4028d881436d514601436d5215b20044','',NULL);
INSERT INTO `t_s_user` (`email`, `mobilePhone`, `officePhone`, `signatureFile`, `id`, `accountid`, `type`) VALUES (NULL,NULL,NULL,NULL,'4028d881436d514601436d5215b80045','',NULL);
INSERT INTO `t_s_user` (`email`, `mobilePhone`, `officePhone`, `signatureFile`, `id`, `accountid`, `type`) VALUES (NULL,NULL,NULL,NULL,'4028d881436d514601436d5215bc0046','',NULL);
/*!40000 ALTER TABLE `t_s_user` ENABLE KEYS */;

--
-- Table structure for table `t_s_version`
--

DROP TABLE IF EXISTS `t_s_version`;
/*!40101 SET @saved_cs_client     = @@character_set_client */;
/*!40101 SET character_set_client = utf8 */;
CREATE TABLE `t_s_version` (
  `ID` varchar(32) NOT NULL,
  `loginpage` varchar(100) DEFAULT NULL,
  `versioncode` varchar(50) DEFAULT NULL,
  `versionname` varchar(30) DEFAULT NULL,
  `versionnum` varchar(20) DEFAULT NULL,
  PRIMARY KEY (`ID`)
) ENGINE=InnoDB DEFAULT CHARSET=utf8;
/*!40101 SET character_set_client = @saved_cs_client */;

--
-- Dumping data for table `t_s_version`
--

/*!40000 ALTER TABLE `t_s_version` DISABLE KEYS */;
/*!40000 ALTER TABLE `t_s_version` ENABLE KEYS */;

--
-- Table structure for table `weixin_accesstoken`
--

DROP TABLE IF EXISTS `weixin_accesstoken`;
/*!40101 SET @saved_cs_client     = @@character_set_client */;
/*!40101 SET character_set_client = utf8 */;
CREATE TABLE `weixin_accesstoken` (
  `ID` varchar(32) NOT NULL,
  `access_token` varchar(255) DEFAULT NULL,
  `addtime` datetime DEFAULT NULL,
  `expires_ib` int(11) DEFAULT NULL,
  PRIMARY KEY (`ID`)
) ENGINE=InnoDB DEFAULT CHARSET=utf8;
/*!40101 SET character_set_client = @saved_cs_client */;

--
-- Dumping data for table `weixin_accesstoken`
--

/*!40000 ALTER TABLE `weixin_accesstoken` DISABLE KEYS */;
/*!40000 ALTER TABLE `weixin_accesstoken` ENABLE KEYS */;

--
-- Table structure for table `weixin_account`
--

DROP TABLE IF EXISTS `weixin_account`;
/*!40101 SET @saved_cs_client     = @@character_set_client */;
/*!40101 SET character_set_client = utf8 */;
CREATE TABLE `weixin_account` (
  `id` varchar(36) NOT NULL COMMENT '主键',
  `accountname` varchar(200) DEFAULT NULL COMMENT '公众帐号名称',
  `accounttoken` varchar(200) DEFAULT NULL COMMENT '公众帐号TOKEN',
  `accountnumber` varchar(200) DEFAULT NULL COMMENT '公众微信号',
  `accounttype` varchar(50) DEFAULT NULL COMMENT '公众号类型',
  `accountemail` varchar(200) DEFAULT NULL COMMENT '电子邮箱',
  `accountdesc` varchar(500) DEFAULT NULL COMMENT '公众帐号描述',
  `accountaccesstoken` varchar(1000) DEFAULT NULL COMMENT 'ACCESS_TOKEN',
  `accountappid` varchar(200) DEFAULT NULL COMMENT '公众帐号APPID',
  `accountappsecret` varchar(500) DEFAULT NULL COMMENT '公众帐号APPSECRET',
  `ADDTOEKNTIME` datetime DEFAULT NULL,
  `USERNAME` varchar(50) DEFAULT NULL,
  `WEIXIN_ACCOUNTID` varchar(100) DEFAULT NULL,
  `apiticket` varchar(200) DEFAULT NULL,
  `apiticketttime` datetime DEFAULT NULL,
  `jsapiticket` varchar(200) DEFAULT NULL,
  `jsapitickettime` datetime DEFAULT NULL,
  PRIMARY KEY (`id`)
) ENGINE=InnoDB DEFAULT CHARSET=utf8;
/*!40101 SET character_set_client = @saved_cs_client */;

--
-- Dumping data for table `weixin_account`
--

/*!40000 ALTER TABLE `weixin_account` DISABLE KEYS */;
INSERT INTO `weixin_account` (`id`, `accountname`, `accounttoken`, `accountnumber`, `accounttype`, `accountemail`, `accountdesc`, `accountaccesstoken`, `accountappid`, `accountappsecret`, `ADDTOEKNTIME`, `USERNAME`, `WEIXIN_ACCOUNTID`, `apiticket`, `apiticketttime`, `jsapiticket`, `jsapitickettime`) VALUES ('402881e8461795c201461795c2e90000','Jeewx演示账号','jeewx','guojusoft','1','jeecg@sina.com','无','UudfmlPWU-fSHa5vl1KBt1hMnhQLQL53UxTjcZj_6h0zK3Ar_8QMArQAnypjMq-OMelg69XwZ1RPpCY3la6aM_q3s9w25LjsVq2R3Nj9rPO12TqrNtfYkpv0YhjjITkfIBWfCGAXQL','wxc60a4d9cbac8092d','?','2016-12-20 23:08:22','admin','?','IpK_1T69hDhZkLQTlwsAXyjkZaTEYbX_kE6IkQ8b5Waw7uX8zbeFp34lurpnPaSKLMQZZ1RsvceEiMn6_ft3cA','2016-08-22 14:48:38','kgt8ON7yVITDhtdwci0qeeC2RWfOAQ1Sc_HMdjrzSlpbgBEpB7t7JQlTHnS-4WyK2Jnp3m5UbeKswqZoKKNDBw','2016-12-20 23:08:22');
/*!40000 ALTER TABLE `weixin_account` ENABLE KEYS */;

--
-- Table structure for table `weixin_autoresponse`
--

DROP TABLE IF EXISTS `weixin_autoresponse`;
/*!40101 SET @saved_cs_client     = @@character_set_client */;
/*!40101 SET character_set_client = utf8 */;
CREATE TABLE `weixin_autoresponse` (
  `ID` varchar(32) NOT NULL,
  `addtime` varchar(255) DEFAULT NULL,
  `keyword` varchar(255) DEFAULT NULL,
  `msgtype` varchar(255) DEFAULT NULL,
  `rescontent` varchar(255) DEFAULT NULL,
  `templatename` varchar(255) DEFAULT NULL,
  `accountid` varchar(100) DEFAULT NULL,
  PRIMARY KEY (`ID`)
) ENGINE=InnoDB DEFAULT CHARSET=utf8;
/*!40101 SET character_set_client = @saved_cs_client */;

--
-- Dumping data for table `weixin_autoresponse`
--

/*!40000 ALTER TABLE `weixin_autoresponse` DISABLE KEYS */;
INSERT INTO `weixin_autoresponse` (`ID`, `addtime`, `keyword`, `msgtype`, `rescontent`, `templatename`, `accountid`) VALUES ('402889ff4728a293014728b0c7da001b','2014-07-12 11:49:39','01','text','f7a8a3a946e55a940146e5a3e498004d','微译使用指南','402881e8461795c201461795c2e90000');
INSERT INTO `weixin_autoresponse` (`ID`, `addtime`, `keyword`, `msgtype`, `rescontent`, `templatename`, `accountid`) VALUES ('402889ff4728a293014728b155c8001c','2014-07-12 11:50:16','你好','text','4028d8814734ee0d0147356b4c730010','你好','402881e8461795c201461795c2e90000');
INSERT INTO `weixin_autoresponse` (`ID`, `addtime`, `keyword`, `msgtype`, `rescontent`, `templatename`, `accountid`) VALUES ('f7a8a3a946e249c20146e26a10ca0019','2014-06-28 20:19:00','?','text','f7a8a3a946e249c20146e25c4dc7000c','欢迎关注语','402881e8461795c201461795c2e90000');
INSERT INTO `weixin_autoresponse` (`ID`, `addtime`, `keyword`, `msgtype`, `rescontent`, `templatename`, `accountid`) VALUES ('f7a8a3a946e55a940146e5a47b890050','2014-06-29 11:21:40','02','text','f7a8a3a946e55a940146e5a429cf004e','天气使用指南','402881e8461795c201461795c2e90000');
INSERT INTO `weixin_autoresponse` (`ID`, `addtime`, `keyword`, `msgtype`, `rescontent`, `templatename`, `accountid`) VALUES ('f7a8a3a946e55a940146e5a632220054','2014-06-29 11:23:32','03','text','f7a8a3a946e55a940146e5a53e6b0051','大转盘指南','402881e8461795c201461795c2e90000');
INSERT INTO `weixin_autoresponse` (`ID`, `addtime`, `keyword`, `msgtype`, `rescontent`, `templatename`, `accountid`) VALUES ('f7a8a3a946e55a940146e5a656150055','2014-06-29 11:23:41','04','text','f7a8a3a946e55a940146e5a584da0052','刮刮乐指南','402881e8461795c201461795c2e90000');
/*!40000 ALTER TABLE `weixin_autoresponse` ENABLE KEYS */;

--
-- Table structure for table `weixin_cms_ad`
--

DROP TABLE IF EXISTS `weixin_cms_ad`;
/*!40101 SET @saved_cs_client     = @@character_set_client */;
/*!40101 SET character_set_client = utf8 */;
CREATE TABLE `weixin_cms_ad` (
  `ID` varchar(36) NOT NULL,
  `ACCOUNTID` varchar(100) DEFAULT NULL,
  `CREATE_BY` varchar(255) DEFAULT NULL,
  `CREATE_DATE` datetime DEFAULT NULL,
  `CREATE_NAME` varchar(255) DEFAULT NULL,
  `IMAGE_HREF` varchar(255) DEFAULT NULL,
  `IMAGE_NAME` varchar(255) DEFAULT NULL,
  `TITLE` varchar(20) DEFAULT NULL,
  PRIMARY KEY (`ID`)
) ENGINE=InnoDB DEFAULT CHARSET=utf8;
/*!40101 SET character_set_client = @saved_cs_client */;

--
-- Dumping data for table `weixin_cms_ad`
--

/*!40000 ALTER TABLE `weixin_cms_ad` DISABLE KEYS */;
INSERT INTO `weixin_cms_ad` (`ID`, `ACCOUNTID`, `CREATE_BY`, `CREATE_DATE`, `CREATE_NAME`, `IMAGE_HREF`, `IMAGE_NAME`, `TITLE`) VALUES ('402881e44695183a014695214a510013','402881e8461795c201461795c2e90000','admin','2014-06-13 20:08:45','管理员','upload/files/20140627233502FEzyc38j.jpg','19300001024098134717639977056.jpg','IPHONE7');
INSERT INTO `weixin_cms_ad` (`ID`, `ACCOUNTID`, `CREATE_BY`, `CREATE_DATE`, `CREATE_NAME`, `IMAGE_HREF`, `IMAGE_NAME`, `TITLE`) VALUES ('402881e44695183a014695219fe70016','402881e8461795c201461795c2e90000','admin','2014-06-13 20:09:07','管理员','upload/files/20140627232736z3SvfVEj.jpg','634490825089531250.jpg','IPHONE');
INSERT INTO `weixin_cms_ad` (`ID`, `ACCOUNTID`, `CREATE_BY`, `CREATE_DATE`, `CREATE_NAME`, `IMAGE_HREF`, `IMAGE_NAME`, `TITLE`) VALUES ('402881e946ddea480146de053265000b','402881e8461795c201461795c2e90000','4028d881436d514601436d5215ac0043','2014-06-27 23:50:21','admin','upload/files/20140627235534VJM1pkx3.jpg','Img305735292.jpg','黑莓');
INSERT INTO `weixin_cms_ad` (`ID`, `ACCOUNTID`, `CREATE_BY`, `CREATE_DATE`, `CREATE_NAME`, `IMAGE_HREF`, `IMAGE_NAME`, `TITLE`) VALUES ('402881e946ddea480146de0f3a810011','402881e8461795c201461795c2e90000','4028d881436d514601436d5215ac0043','2014-06-28 00:01:18','admin','upload/files/20140628000116OF07rm7E.jpg','30_1i$1JxIOB.jpg','Lumia930 王者归来');
/*!40000 ALTER TABLE `weixin_cms_ad` ENABLE KEYS */;

--
-- Table structure for table `weixin_cms_article`
--

DROP TABLE IF EXISTS `weixin_cms_article`;
/*!40101 SET @saved_cs_client     = @@character_set_client */;
/*!40101 SET character_set_client = utf8 */;
CREATE TABLE `weixin_cms_article` (
  `id` varchar(36) NOT NULL COMMENT '主键',
  `title` varchar(50) DEFAULT NULL COMMENT '标题',
  `image_name` varchar(255) DEFAULT NULL COMMENT '图片名称',
  `image_href` varchar(255) DEFAULT NULL COMMENT '图片地址',
  `summary` varchar(255) DEFAULT NULL,
  `content` varchar(20000) DEFAULT NULL COMMENT '内容',
  `column_id` varchar(36) DEFAULT NULL COMMENT '栏目id',
  `accountid` varchar(100) DEFAULT NULL COMMENT '微信账户',
  `create_name` varchar(255) DEFAULT NULL COMMENT '创建人',
  `create_by` varchar(255) DEFAULT NULL COMMENT '创建人id',
  `create_date` datetime DEFAULT NULL COMMENT '创建日期',
  PRIMARY KEY (`id`)
) ENGINE=InnoDB DEFAULT CHARSET=utf8;
/*!40101 SET character_set_client = @saved_cs_client */;

--
-- Dumping data for table `weixin_cms_article`
--

/*!40000 ALTER TABLE `weixin_cms_article` DISABLE KEYS */;
INSERT INTO `weixin_cms_article` (`id`, `title`, `image_name`, `image_href`, `summary`, `content`, `column_id`, `accountid`, `create_name`, `create_by`, `create_date`) VALUES ('297e7eb6469a4a8901469a5e58c0000e','测试一个小黄人的图片','19343396_845725.jpg','upload/files/20140613235146eEgyESpy.jpg','你看看这个小黄人美不美？','<p><strong>我的小黄人是不是很好看啊</strong></p><p><strong><br/></strong></p><p><strong><br/></strong></p><p><span style=\"background-color: rgb(255, 255, 0);\"><strong>这个颜色怎么样啊。</strong></span></p>','402881e44695183a01469522f7d20019','402881e8461795c201461795c2e90000','管理员','admin','2014-06-14 20:33:33');
INSERT INTO `weixin_cms_article` (`id`, `title`, `image_name`, `image_href`, `summary`, `content`, `column_id`, `accountid`, `create_name`, `create_by`, `create_date`) VALUES ('297e7eb6469a4a8901469a5ef95c0011','这个杀手帅不帅？','1384480985636.jpg','upload/files/20140613235146eEgyESpy.jpg','这个杀手帅不帅？','<p><strong><em>这个杀手帅不帅？这个杀手帅不帅？这个杀手帅不帅？这个杀手帅不帅？</em></strong></p><p><strong><em>这个杀手帅不帅？这个杀手帅不帅？这个杀手帅不帅？这个杀手帅不帅？这个杀手帅不帅？这个杀手帅不帅？这个杀手帅不帅？这个杀手帅不帅？这个杀手帅不帅？</em></strong></p>','402881e44695183a01469522f7d20019','402881e8461795c201461795c2e90000','管理员','admin','2014-06-14 20:34:14');
/*!40000 ALTER TABLE `weixin_cms_article` ENABLE KEYS */;

--
-- Table structure for table `weixin_cms_menu`
--

DROP TABLE IF EXISTS `weixin_cms_menu`;
/*!40101 SET @saved_cs_client     = @@character_set_client */;
/*!40101 SET character_set_client = utf8 */;
CREATE TABLE `weixin_cms_menu` (
  `ID` varchar(36) NOT NULL,
  `ACCOUNTID` varchar(100) DEFAULT NULL,
  `CREATE_BY` varchar(255) DEFAULT NULL,
  `CREATE_DATE` datetime DEFAULT NULL,
  `CREATE_NAME` varchar(255) DEFAULT NULL,
  `IMAGE_HREF` varchar(255) DEFAULT NULL,
  `IMAGE_NAME` varchar(255) DEFAULT NULL,
  `NAME` varchar(20) DEFAULT NULL,
  `TYPE` varchar(20) DEFAULT NULL COMMENT '类型',
  PRIMARY KEY (`ID`)
) ENGINE=InnoDB DEFAULT CHARSET=utf8;
/*!40101 SET character_set_client = @saved_cs_client */;

--
-- Dumping data for table `weixin_cms_menu`
--

/*!40000 ALTER TABLE `weixin_cms_menu` DISABLE KEYS */;
INSERT INTO `weixin_cms_menu` (`ID`, `ACCOUNTID`, `CREATE_BY`, `CREATE_DATE`, `CREATE_NAME`, `IMAGE_HREF`, `IMAGE_NAME`, `NAME`, `TYPE`) VALUES ('402881e44695183a01469522f7d20019','402881e8461795c201461795c2e90000','admin','2014-06-13 20:10:35','管理员','upload/files/201406132357343zuaHgX4.jpg','537f1f63dd1c9.jpg','关于JEECG','01');
INSERT INTO `weixin_cms_menu` (`ID`, `ACCOUNTID`, `CREATE_BY`, `CREATE_DATE`, `CREATE_NAME`, `IMAGE_HREF`, `IMAGE_NAME`, `NAME`, `TYPE`) VALUES ('402881e44695183a014695234880001c','402881e8461795c201461795c2e90000','admin','2014-06-13 20:10:56','管理员','upload/files/20140613235754hLRC87rF.jpg','537f1f86602b3.jpg','渠道代理','01');
INSERT INTO `weixin_cms_menu` (`ID`, `ACCOUNTID`, `CREATE_BY`, `CREATE_DATE`, `CREATE_NAME`, `IMAGE_HREF`, `IMAGE_NAME`, `NAME`, `TYPE`) VALUES ('402881e44695183a01469523f03a001f','402881e8461795c201461795c2e90000','admin','2014-06-13 20:11:39','管理员','upload/files/201406132358039IpFSyet.jpg','537f1f74d031c.jpg','功能说明','01');
INSERT INTO `weixin_cms_menu` (`ID`, `ACCOUNTID`, `CREATE_BY`, `CREATE_DATE`, `CREATE_NAME`, `IMAGE_HREF`, `IMAGE_NAME`, `NAME`, `TYPE`) VALUES ('402881e44695183a0146952426ce0022','402881e8461795c201461795c2e90000','admin','2014-06-13 20:11:53','管理员','upload/files/20140613235830M96wj4Lr.jpg','537f1f98d6f42.jpg','企业文化','01');
INSERT INTO `weixin_cms_menu` (`ID`, `ACCOUNTID`, `CREATE_BY`, `CREATE_DATE`, `CREATE_NAME`, `IMAGE_HREF`, `IMAGE_NAME`, `NAME`, `TYPE`) VALUES ('402881e446955c7c014695a72a610029','402881e8461795c201461795c2e90000','admin','2014-06-13 22:34:59','管理员','upload/files/20140613235852gBTueAWO.jpg','537f1faf595dd.jpg','案例分享','01');
INSERT INTO `weixin_cms_menu` (`ID`, `ACCOUNTID`, `CREATE_BY`, `CREATE_DATE`, `CREATE_NAME`, `IMAGE_HREF`, `IMAGE_NAME`, `NAME`, `TYPE`) VALUES ('402881e446955c7c014695a774f9002c','402881e8461795c201461795c2e90000','admin','2014-06-13 22:35:18','管理员','upload/files/20140613235911chsAs0Md.jpg','537f1ca3cd562.jpg','联系我们','01');
INSERT INTO `weixin_cms_menu` (`ID`, `ACCOUNTID`, `CREATE_BY`, `CREATE_DATE`, `CREATE_NAME`, `IMAGE_HREF`, `IMAGE_NAME`, `NAME`, `TYPE`) VALUES ('402881e446955c7c014695a7bc45002f','402881e8461795c201461795c2e90000','admin','2014-06-13 22:35:36','管理员','upload/files/20140613235918OA8vt546.jpg','537f1cb75c597.jpg','轻松一刻','01');
INSERT INTO `weixin_cms_menu` (`ID`, `ACCOUNTID`, `CREATE_BY`, `CREATE_DATE`, `CREATE_NAME`, `IMAGE_HREF`, `IMAGE_NAME`, `NAME`, `TYPE`) VALUES ('402881e446955c7c014695a7f08b0032','402881e8461795c201461795c2e90000','admin','2014-06-13 22:35:50','管理员','upload/files/20140613235932htqZFtCs.jpg','537f1fc8d750b.jpg','互动推广','01');
/*!40000 ALTER TABLE `weixin_cms_menu` ENABLE KEYS */;

--
-- Table structure for table `weixin_cms_site`
--

DROP TABLE IF EXISTS `weixin_cms_site`;
/*!40101 SET @saved_cs_client     = @@character_set_client */;
/*!40101 SET character_set_client = utf8 */;
CREATE TABLE `weixin_cms_site` (
  `ID` varchar(36) NOT NULL,
  `ACCOUNTID` varchar(32) DEFAULT NULL,
  `COMPANY_TEL` varchar(50) DEFAULT NULL,
  `CREATE_DATE` datetime DEFAULT NULL,
  `CREATE_NAME` varchar(50) DEFAULT NULL,
  `SITE_LOGO` varchar(200) DEFAULT NULL,
  `SITE_NAME` varchar(100) DEFAULT NULL,
  `SITE_TEMPLATE_STYLE` varchar(50) DEFAULT NULL,
  `UPDATE_DATE` datetime DEFAULT NULL,
  `UPDATE_NAME` varchar(50) DEFAULT NULL,
  PRIMARY KEY (`ID`)
) ENGINE=InnoDB DEFAULT CHARSET=utf8;
/*!40101 SET character_set_client = @saved_cs_client */;

--
-- Dumping data for table `weixin_cms_site`
--

/*!40000 ALTER TABLE `weixin_cms_site` DISABLE KEYS */;
/*!40000 ALTER TABLE `weixin_cms_site` ENABLE KEYS */;

--
-- Table structure for table `weixin_cms_style`
--

DROP TABLE IF EXISTS `weixin_cms_style`;
/*!40101 SET @saved_cs_client     = @@character_set_client */;
/*!40101 SET character_set_client = utf8 */;
CREATE TABLE `weixin_cms_style` (
  `ID` varchar(36) NOT NULL,
  `ACCOUNTID` varchar(50) DEFAULT NULL,
  `CREATE_DATE` datetime DEFAULT NULL,
  `CREATE_NAME` varchar(50) DEFAULT NULL,
  `REVIEW_IMG_URL` varchar(100) DEFAULT NULL,
  `TEMPLATE_NAME` varchar(100) DEFAULT NULL,
  `TEMPLATE_URL` varchar(200) DEFAULT NULL,
  `UPDATE_DATE` datetime DEFAULT NULL,
  `UPDATE_NAME` varchar(50) DEFAULT NULL,
  PRIMARY KEY (`ID`)
) ENGINE=InnoDB DEFAULT CHARSET=utf8;
/*!40101 SET character_set_client = @saved_cs_client */;

--
-- Dumping data for table `weixin_cms_style`
--

/*!40000 ALTER TABLE `weixin_cms_style` DISABLE KEYS */;
/*!40000 ALTER TABLE `weixin_cms_style` ENABLE KEYS */;

--
-- Table structure for table `weixin_expandconfig`
--

DROP TABLE IF EXISTS `weixin_expandconfig`;
/*!40101 SET @saved_cs_client     = @@character_set_client */;
/*!40101 SET character_set_client = utf8 */;
CREATE TABLE `weixin_expandconfig` (
  `ID` varchar(36) NOT NULL,
  `ACCOUNTID` varchar(200) DEFAULT NULL,
  `CLASSNAME` varchar(100) NOT NULL,
  `CONTENT` longtext,
  `KEYWORD` varchar(100) NOT NULL,
  `NAME` varchar(100) DEFAULT NULL,
  PRIMARY KEY (`ID`)
) ENGINE=InnoDB DEFAULT CHARSET=utf8;
/*!40101 SET character_set_client = @saved_cs_client */;

--
-- Dumping data for table `weixin_expandconfig`
--

/*!40000 ALTER TABLE `weixin_expandconfig` DISABLE KEYS */;
INSERT INTO `weixin_expandconfig` (`ID`, `ACCOUNTID`, `CLASSNAME`, `CONTENT`, `KEYWORD`, `NAME`) VALUES ('402881e44667912a0146679390450001','402881e8461795c201461795c2e90000','weixin.idea.extend.function.impl.FanYiKeyService','翻译','翻译','翻译');
INSERT INTO `weixin_expandconfig` (`ID`, `ACCOUNTID`, `CLASSNAME`, `CONTENT`, `KEYWORD`, `NAME`) VALUES ('402881e44667912a014667947a3a0003','402881e8461795c201461795c2e90000','weixin.idea.extend.function.impl.TianQiKeyService','天气预报','天气','天气预报');
INSERT INTO `weixin_expandconfig` (`ID`, `ACCOUNTID`, `CLASSNAME`, `CONTENT`, `KEYWORD`, `NAME`) VALUES ('402881e446950f86014695120f810001','402881e8461795c201461795c2e90000','weixin.idea.extend.function.impl.DaZhuanPanService','大转盘','大转盘','大转盘');
INSERT INTO `weixin_expandconfig` (`ID`, `ACCOUNTID`, `CLASSNAME`, `CONTENT`, `KEYWORD`, `NAME`) VALUES ('402881e446950f8601469513ec670003','402881e8461795c201461795c2e90000','weixin.idea.extend.function.impl.CmsService','CMS','cms','CMS,cms');
INSERT INTO `weixin_expandconfig` (`ID`, `ACCOUNTID`, `CLASSNAME`, `CONTENT`, `KEYWORD`, `NAME`) VALUES ('402881e4469ffe7a0146a000090d0001','402881e8461795c201461795c2e90000','weixin.idea.extend.function.impl.GuagualeService','刮刮乐','刮刮乐','刮刮乐');
INSERT INTO `weixin_expandconfig` (`ID`, `ACCOUNTID`, `CLASSNAME`, `CONTENT`, `KEYWORD`, `NAME`) VALUES ('402881e747baf1ea0147bb79d2330007','402881e8461795c201461795c2e90000','weixin.idea.extend.function.impl.WeixinPhotoService','微相册','微相册,相册','微相册');
/*!40000 ALTER TABLE `weixin_expandconfig` ENABLE KEYS */;

--
-- Table structure for table `weixin_hdrecord`
--

DROP TABLE IF EXISTS `weixin_hdrecord`;
/*!40101 SET @saved_cs_client     = @@character_set_client */;
/*!40101 SET character_set_client = utf8 */;
CREATE TABLE `weixin_hdrecord` (
  `ID` varchar(100) NOT NULL,
  `ADDTIME` datetime DEFAULT NULL,
  `HDID` varchar(100) DEFAULT NULL,
  `NICKNAME` varchar(200) DEFAULT NULL,
  `OPENDID` varchar(100) DEFAULT NULL,
  `TOTAL` int(11) DEFAULT NULL,
  `accountid` varchar(100) DEFAULT NULL,
  PRIMARY KEY (`ID`)
) ENGINE=InnoDB DEFAULT CHARSET=utf8;
/*!40101 SET character_set_client = @saved_cs_client */;

--
-- Dumping data for table `weixin_hdrecord`
--

/*!40000 ALTER TABLE `weixin_hdrecord` DISABLE KEYS */;
INSERT INTO `weixin_hdrecord` (`ID`, `ADDTIME`, `HDID`, `NICKNAME`, `OPENDID`, `TOTAL`, `accountid`) VALUES ('402881865907db7401590826e3d00030','2016-12-16 23:01:23','402881e6469a13b901469a1e9e420001','','o94BGv4wkjYm7GV6tnh1IHC_F0Z4',3,'402881e8461795c201461795c2e90000');
INSERT INTO `weixin_hdrecord` (`ID`, `ADDTIME`, `HDID`, `NICKNAME`, `OPENDID`, `TOTAL`, `accountid`) VALUES ('402881865907db7401590828ca6b0031','2016-12-16 23:03:28','402881e6469a13b901469a1e9e420001','','o94BGv4wkjYm7GV6tnh1IHC_F0Z4',1,NULL);
INSERT INTO `weixin_hdrecord` (`ID`, `ADDTIME`, `HDID`, `NICKNAME`, `OPENDID`, `TOTAL`, `accountid`) VALUES ('402881865907db74015908295ef70032','2016-12-16 23:04:06','402881e6469a13b901469a1e9e420001','','o94BGv4wkjYm7GV6tnh1IHC_F0Z4',1,NULL);
/*!40000 ALTER TABLE `weixin_hdrecord` ENABLE KEYS */;

--
-- Table structure for table `weixin_huodong`
--

DROP TABLE IF EXISTS `weixin_huodong`;
/*!40101 SET @saved_cs_client     = @@character_set_client */;
/*!40101 SET character_set_client = utf8 */;
CREATE TABLE `weixin_huodong` (
  `id` varchar(100) NOT NULL COMMENT '键主',
  `title` varchar(400) DEFAULT NULL COMMENT '活动名称',
  `description` text COMMENT '活动描述',
  `priceone` varchar(400) DEFAULT NULL COMMENT '一等奖奖品',
  `onetotal` int(4) DEFAULT NULL COMMENT '一等奖数量',
  `pricetwo` varchar(400) DEFAULT NULL COMMENT '二等奖奖品',
  `twototal` int(4) DEFAULT NULL COMMENT '二等奖数量',
  `pricethree` varchar(400) DEFAULT NULL COMMENT '三等奖奖品',
  `threetotal` int(4) DEFAULT NULL COMMENT '三等奖数量',
  `starttime` timestamp NULL DEFAULT NULL COMMENT '开始时间',
  `endtime` timestamp NULL DEFAULT NULL ON UPDATE CURRENT_TIMESTAMP COMMENT '结束时间',
  `type` varchar(100) DEFAULT NULL COMMENT '活动类型',
  `gl` varchar(100) DEFAULT NULL,
  `count` varchar(10) DEFAULT NULL,
  `accountid` varchar(100) DEFAULT NULL,
  PRIMARY KEY (`id`)
) ENGINE=InnoDB DEFAULT CHARSET=utf8;
/*!40101 SET character_set_client = @saved_cs_client */;

--
-- Dumping data for table `weixin_huodong`
--

/*!40000 ALTER TABLE `weixin_huodong` DISABLE KEYS */;
INSERT INTO `weixin_huodong` (`id`, `title`, `description`, `priceone`, `onetotal`, `pricetwo`, `twototal`, `pricethree`, `threetotal`, `starttime`, `endtime`, `type`, `gl`, `count`, `accountid`) VALUES ('402880a9468a0bef01468a0e72840001','国庆乐欢天','活动期间参加抽奖，就有计划获得精美礼品一份！','联想Thinkpad',1,'苹果6',1,'捷安特自行车',5,'2014-06-09 20:32:00','2018-07-27 18:59:51','1','90/100','5','402881e8461795c201461795c2e90000');
INSERT INTO `weixin_huodong` (`id`, `title`, `description`, `priceone`, `onetotal`, `pricetwo`, `twototal`, `pricethree`, `threetotal`, `starttime`, `endtime`, `type`, `gl`, `count`, `accountid`) VALUES ('402881e6469a13b901469a1e9e420001','微信大转盘摇奖','活动期间参与摇奖，就送好礼！','500万',1,'200万',2,'300万',3,'2014-06-13 23:23:36','2018-07-11 18:59:49','2','90/100','3','402881e8461795c201461795c2e90000');
/*!40000 ALTER TABLE `weixin_huodong` ENABLE KEYS */;

--
-- Table structure for table `weixin_linksucai`
--

DROP TABLE IF EXISTS `weixin_linksucai`;
/*!40101 SET @saved_cs_client     = @@character_set_client */;
/*!40101 SET character_set_client = utf8 */;
CREATE TABLE `weixin_linksucai` (
  `id` varchar(36) NOT NULL,
  `create_name` varchar(50) DEFAULT NULL COMMENT '创建人名称',
  `create_date` datetime DEFAULT NULL COMMENT '创建日期',
  `update_name` varchar(50) DEFAULT NULL COMMENT '修改人名称',
  `update_date` datetime DEFAULT NULL COMMENT '修改日期',
  `name` varchar(100) DEFAULT NULL COMMENT '链接名称',
  `outer_link` longtext COMMENT '外部链接',
  `content` longtext COMMENT '功能描述',
  `inner_link` longtext COMMENT '内部链接',
  `transfer_sign` int(11) DEFAULT NULL COMMENT '转换标志',
  `accountid` varchar(100) DEFAULT NULL COMMENT '微信账户id',
  `post_code` varchar(200) DEFAULT NULL COMMENT '账号邮编',
  `share_status` varchar(10) DEFAULT 'N' COMMENT '分享状态',
  `is_encrypt` int(2) DEFAULT '0' COMMENT '是否加密（0：不加密，1：加密）',
  PRIMARY KEY (`id`)
) ENGINE=InnoDB DEFAULT CHARSET=utf8;
/*!40101 SET character_set_client = @saved_cs_client */;

--
-- Dumping data for table `weixin_linksucai`
--

/*!40000 ALTER TABLE `weixin_linksucai` DISABLE KEYS */;
INSERT INTO `weixin_linksucai` (`id`, `create_name`, `create_date`, `update_name`, `update_date`, `name`, `outer_link`, `content`, `inner_link`, `transfer_sign`, `accountid`, `post_code`, `share_status`, `is_encrypt`) VALUES ('4028948151d769f20151d76c11e10002','admin','2015-12-25 12:36:02','admin','2016-12-16 23:05:31','九宫格','http://www.h5huodong.com/jiugongge/toIndex.do?openid=${openid}&subscribe=${subscribe}&appid=${appid}','九宫格','http://zhangdaiscott.oicp.net/jeewx/weixinLinksucaiController.do?link&id=4028948151d769f20151d76c11e10002',NULL,'402881e8461795c201461795c2e90000',NULL,NULL,NULL);
/*!40000 ALTER TABLE `weixin_linksucai` ENABLE KEYS */;

--
-- Table structure for table `weixin_menuentity`
--

DROP TABLE IF EXISTS `weixin_menuentity`;
/*!40101 SET @saved_cs_client     = @@character_set_client */;
/*!40101 SET character_set_client = utf8 */;
CREATE TABLE `weixin_menuentity` (
  `ID` varchar(32) NOT NULL,
  `menukey` varchar(255) DEFAULT NULL,
  `msgtype` varchar(255) DEFAULT NULL,
  `name` varchar(255) DEFAULT NULL,
  `orders` varchar(11) DEFAULT NULL,
  `templateid` varchar(255) DEFAULT NULL,
  `type` varchar(255) DEFAULT NULL,
  `url` varchar(255) DEFAULT NULL,
  `fatherid` varchar(32) DEFAULT NULL,
  `accountid` varchar(255) DEFAULT NULL,
  PRIMARY KEY (`ID`),
  KEY `FK_astulwpsla864at9igbas3eic` (`fatherid`)
) ENGINE=InnoDB DEFAULT CHARSET=utf8;
/*!40101 SET character_set_client = @saved_cs_client */;

--
-- Dumping data for table `weixin_menuentity`
--

/*!40000 ALTER TABLE `weixin_menuentity` DISABLE KEYS */;
INSERT INTO `weixin_menuentity` (`ID`, `menukey`, `msgtype`, `name`, `orders`, `templateid`, `type`, `url`, `fatherid`, `accountid`) VALUES ('402880f2590749060159074eb9ab0009','c05','expand','微相册','5','402881e747baf1ea0147bb79d2330007','click','','402881e4464d026901464d05ab600001','402881e8461795c201461795c2e90000');
INSERT INTO `weixin_menuentity` (`ID`, `menukey`, `msgtype`, `name`, `orders`, `templateid`, `type`, `url`, `fatherid`, `accountid`) VALUES ('402880f25907490601590757810f0019','d01','news','触发图文','1','4028d881472f356e01472f36461b0001','click','','402889ff4728a293014728bc62250036','402881e8461795c201461795c2e90000');
INSERT INTO `weixin_menuentity` (`ID`, `menukey`, `msgtype`, `name`, `orders`, `templateid`, `type`, `url`, `fatherid`, `accountid`) VALUES ('402880f259074906015907593688001e','a01','text','联系我们','4','f7a8a3a946e55a940146e5c317f6005f','click','','402889ff4728f237014728f2d39f0001','402881e8461795c201461795c2e90000');
INSERT INTO `weixin_menuentity` (`ID`, `menukey`, `msgtype`, `name`, `orders`, `templateid`, `type`, `url`, `fatherid`, `accountid`) VALUES ('402881e4464d026901464d05ab600001','c02','text','微活动','2','f7a8a3a946e249c20146e25c4dc7000c','click',NULL,NULL,'402881e8461795c201461795c2e90000');
INSERT INTO `weixin_menuentity` (`ID`, `menukey`, `msgtype`, `name`, `orders`, `templateid`, `type`, `url`, `fatherid`, `accountid`) VALUES ('402881e4464df45f01464df707760004','c0202','expand','大转盘','0','402881e446950f86014695120f810001','click','http://123.165.130.173/jeecg-weixin-steward/webpage/weixin/guanjia/other/dazhuanpan/index.html','402881e4464d026901464d05ab600001','402881e8461795c201461795c2e90000');
INSERT INTO `weixin_menuentity` (`ID`, `menukey`, `msgtype`, `name`, `orders`, `templateid`, `type`, `url`, `fatherid`, `accountid`) VALUES ('402881e446a4f9400146a50183620008','c0203','expand','微网站','1','402881e446950f8601469513ec670003','click',NULL,'402881e4464d026901464d05ab600001','402881e8461795c201461795c2e90000');
INSERT INTO `weixin_menuentity` (`ID`, `menukey`, `msgtype`, `name`, `orders`, `templateid`, `type`, `url`, `fatherid`, `accountid`) VALUES ('402889ff4728a293014728bc62250036','c03','text','触发功能','3','f7a8a3a946e55a940146e5c317f6005f','click','',NULL,'402881e8461795c201461795c2e90000');
INSERT INTO `weixin_menuentity` (`ID`, `menukey`, `msgtype`, `name`, `orders`, `templateid`, `type`, `url`, `fatherid`, `accountid`) VALUES ('402889ff4728a293014728bcb3020038','c0302','text','访问链接','1','f7a8a3a946e55a940146e5c317f6005f','view','http://www.jeewx.com','402889ff4728a293014728bc62250036','402881e8461795c201461795c2e90000');
INSERT INTO `weixin_menuentity` (`ID`, `menukey`, `msgtype`, `name`, `orders`, `templateid`, `type`, `url`, `fatherid`, `accountid`) VALUES ('402889ff4728f237014728f2d39f0001','c01',NULL,'开源项目','1',NULL,'click','',NULL,'402881e8461795c201461795c2e90000');
INSERT INTO `weixin_menuentity` (`ID`, `menukey`, `msgtype`, `name`, `orders`, `templateid`, `type`, `url`, `fatherid`, `accountid`) VALUES ('402889ff4728f237014728f52c0b0008','c0102',NULL,'Jeecg快速开发平台','2',NULL,'view','http://mp.weixin.qq.com/s?__biz=MjM5NjA2OTkxMg==&mid=200275454&idx=2&sn=a4a4bd237aff404b8044e59105b74c69#rd','402889ff4728f237014728f2d39f0001','402881e8461795c201461795c2e90000');
INSERT INTO `weixin_menuentity` (`ID`, `menukey`, `msgtype`, `name`, `orders`, `templateid`, `type`, `url`, `fatherid`, `accountid`) VALUES ('402889ff4728f237014728f60f0f000b','c0301','text','触发文本','1','f7a8a3a946e55a940146e5cfa5660070','click','http://mp.weixin.qq.com/s?__biz=MjM5NjA2OTkxMg==&mid=200211928&idx=1&sn=18baf4ad4076f2f42c7db938c1277b08#rd','402889ff4728a293014728bc62250036','402881e8461795c201461795c2e90000');
INSERT INTO `weixin_menuentity` (`ID`, `menukey`, `msgtype`, `name`, `orders`, `templateid`, `type`, `url`, `fatherid`, `accountid`) VALUES ('402889ff4728f237014729029d940010','c0204','expand','刮刮乐','1','402881e4469ffe7a0146a000090d0001','click',NULL,'402881e4464d026901464d05ab600001','402881e8461795c201461795c2e90000');
INSERT INTO `weixin_menuentity` (`ID`, `menukey`, `msgtype`, `name`, `orders`, `templateid`, `type`, `url`, `fatherid`, `accountid`) VALUES ('402889ff4728f237014729039c7c0014','c0201','text','营销工具','','f7a8a3a946e55a940146e5cfa5660070','click',NULL,'402881e4464d026901464d05ab600001','402881e8461795c201461795c2e90000');
INSERT INTO `weixin_menuentity` (`ID`, `menukey`, `msgtype`, `name`, `orders`, `templateid`, `type`, `url`, `fatherid`, `accountid`) VALUES ('40289481515d5e1201515d6009020005','jeewx',NULL,'Jeewx微信管家','1',NULL,'view','http://mp.weixin.qq.com/s?__biz=MjM5NjA2OTkxMg==&mid=201250688&idx=4&sn=6aa38b2e0a3cd1bc770e6fca732cf04f#rd','402889ff4728f237014728f2d39f0001','402881e8461795c201461795c2e90000');
/*!40000 ALTER TABLE `weixin_menuentity` ENABLE KEYS */;

--
-- Table structure for table `weixin_message_template`
--

DROP TABLE IF EXISTS `weixin_message_template`;
/*!40101 SET @saved_cs_client     = @@character_set_client */;
/*!40101 SET character_set_client = utf8 */;
CREATE TABLE `weixin_message_template` (
  `template_id` varchar(100) NOT NULL COMMENT '模板ID',
  `title` varchar(100) NOT NULL COMMENT '模板标题',
  `primary_industry_id` int(11) DEFAULT NULL COMMENT '模板所属一级行业编号',
  `primary_industry_name` varchar(64) DEFAULT NULL COMMENT '模板所属一级行业名称',
  `secondary_industry_id` int(11) DEFAULT NULL COMMENT '模板所属二级行业编号',
  `secondary_industry_name` varchar(255) DEFAULT NULL COMMENT '模板所属二级行业名称',
  `createtime` datetime NOT NULL COMMENT '创建时间',
  `updatetime` datetime DEFAULT NULL COMMENT '修改时间',
  `detail_content` text NOT NULL COMMENT '详细内容',
  `ex_content` text COMMENT '事例内容',
  `status` int(11) NOT NULL DEFAULT '1' COMMENT '模板状态 1：正常 0：删除',
  PRIMARY KEY (`template_id`)
) ENGINE=InnoDB DEFAULT CHARSET=utf8 COMMENT='模板消息表';
/*!40101 SET character_set_client = @saved_cs_client */;

--
-- Dumping data for table `weixin_message_template`
--

/*!40000 ALTER TABLE `weixin_message_template` DISABLE KEYS */;
/*!40000 ALTER TABLE `weixin_message_template` ENABLE KEYS */;

--
-- Table structure for table `weixin_newsitem`
--

DROP TABLE IF EXISTS `weixin_newsitem`;
/*!40101 SET @saved_cs_client     = @@character_set_client */;
/*!40101 SET character_set_client = utf8 */;
CREATE TABLE `weixin_newsitem` (
  `ID` varchar(32) NOT NULL,
  `new_type` varchar(255) DEFAULT NULL COMMENT '图文类型：图文还是外部url',
  `author` varchar(255) DEFAULT NULL,
  `content` text,
  `description` varchar(255) DEFAULT NULL,
  `imagepath` varchar(255) DEFAULT NULL,
  `orders` varchar(255) DEFAULT NULL,
  `title` varchar(255) DEFAULT NULL,
  `templateid` varchar(32) DEFAULT NULL,
  `url` varchar(255) DEFAULT NULL COMMENT '外部URL',
  `create_date` date DEFAULT NULL,
  `accountid` varchar(100) DEFAULT NULL,
  PRIMARY KEY (`ID`),
  KEY `FK_m8qs8ufeqkk5cx17budto66r0` (`templateid`),
  CONSTRAINT `FK_m8qs8ufeqkk5cx17budto66r0` FOREIGN KEY (`templateid`) REFERENCES `weixin_newstemplate` (`ID`)
) ENGINE=InnoDB DEFAULT CHARSET=utf8;
/*!40101 SET character_set_client = @saved_cs_client */;

--
-- Dumping data for table `weixin_newsitem`
--

/*!40000 ALTER TABLE `weixin_newsitem` DISABLE KEYS */;
INSERT INTO `weixin_newsitem` (`ID`, `new_type`, `author`, `content`, `description`, `imagepath`, `orders`, `title`, `templateid`, `url`, `create_date`, `accountid`) VALUES ('402881865907db7401590806c526000d',NULL,'33','<p><img src=\"http://localhost/jeewx/plug-in/ueditor/jsp/upload1/20161216/4211481898373334.jpg\" title=\"4afbfbedab64034f9015f1bca8c379310b551dab.jpg\"/></p>','33','upload/files/20161216222607YvbDnX3S.jpg','1','333','4028d881472f356e01472f36461b0001','','2016-12-16','402881e8461795c201461795c2e90000');
INSERT INTO `weixin_newsitem` (`ID`, `new_type`, `author`, `content`, `description`, `imagepath`, `orders`, `title`, `templateid`, `url`, `create_date`, `accountid`) VALUES ('40289481515cf0fe01515cfb24c5001b',NULL,'jeecg','','Jeewx商业版本介绍','upload/files/20151201175834RttNvMaW.jpg','2','Jeewx商业版本介绍','4028d881472f356e01472f36461b0001','http://mp.weixin.qq.com/s?__biz=MjM5NjA2OTkxMg==&mid=201250688&idx=4&sn=6aa38b2e0a3cd1bc770e6fca732cf04f#rd','2015-12-01','402881e8461795c201461795c2e90000');
INSERT INTO `weixin_newsitem` (`ID`, `new_type`, `author`, `content`, `description`, `imagepath`, `orders`, `title`, `templateid`, `url`, `create_date`, `accountid`) VALUES ('4028d881472f356e01472f36d0a00003',NULL,'Jeecg','<h2 style=\"box-sizing: inherit; font-family: Lato, &#39;Helvetica Neue&#39;, &#39;Microsoft YaHei&#39;, Arial, Helvetica, sans-serif; line-height: 1.33em; margin: 20px 0px 10px; padding: 0px; font-size: 24px; -webkit-font-smoothing: antialiased; cursor: text; position: relative; border-bottom-width: 1px; border-bottom-style: solid; border-bottom-color: rgb(204, 204, 204); white-space: normal; background-color: rgb(250, 250, 250);\">一、简介</h2><p style=\"box-sizing: inherit; margin-top: 0px; margin-bottom: 15px; line-height: 1.33; color: rgba(0, 0, 0, 0.8); font-family: Lato, &#39;Helvetica Neue&#39;, &#39;Microsoft YaHei&#39;, Arial, Helvetica, sans-serif; font-size: 15px; white-space: normal; background-color: rgb(250, 250, 250);\">jeewx是一个开源，高效，敏捷的微信开发平台采用JAVA语言，它是基于jeecg这个企业级快速开发框架实现的。 jeewx的目的是最大化的简化微信开发的流程，使用开发者能把最好的精力放到微信具体业务开发，并能以最快的时间完成。把一些常规而频繁的工作交由jeewx来处理即可，平台兼备的代码生成器，在线开发，可以快速的完成企业应用。为此jeewx提供了详细的二次开发文档，关键代码里还是相关的注释说明。jeewx采用插件的方式实现微信功能，不同的插件实现不同的微信功能。</p><h2 style=\"box-sizing: inherit; font-family: Lato, &#39;Helvetica Neue&#39;, &#39;Microsoft YaHei&#39;, Arial, Helvetica, sans-serif; line-height: 1.33em; margin: 20px 0px 10px; padding: 0px; font-size: 24px; -webkit-font-smoothing: antialiased; cursor: text; position: relative; border-bottom-width: 1px; border-bottom-style: solid; border-bottom-color: rgb(204, 204, 204); white-space: normal; background-color: rgb(250, 250, 250);\"><a class=\"anchor\" id=\"主要特性\" href=\"http://git.oschina.net/jeecg/jeewx#主要特性\" style=\"box-sizing: inherit; color: rgb(65, 131, 196); text-decoration: none; background-color: transparent; cursor: pointer; word-wrap: break-word; display: block; padding-left: 30px; margin-left: -20px; position: absolute; top: 0px; left: 0px; bottom: 0px; background-position: initial initial; background-repeat: initial initial;\"></a>主要特性</h2><ul class=\"task-list list-paddingleft-2\" style=\"box-sizing: inherit; font-size: 14px; line-height: 24px; margin-bottom: 15px; padding-left: 30px; color: rgba(0, 0, 0, 0.8); font-family: Lato, &#39;Helvetica Neue&#39;, &#39;Microsoft YaHei&#39;, Arial, Helvetica, sans-serif; white-space: normal; background-color: rgb(250, 250, 250);\"><li><p>1、基于快速开发平台jeecg 3.4.4最新版本，采用SpringMVC+Hibernate4+UI库+代码生成器+Jquery+Ehcache等主流架构技术</p></li><li><p>2、支持企业快速开发，完善的用户组织机构，报表，强大的代码生成器快速有效的提高开发效率</p></li><li><p>3、开源免费，jeewx遵循Apache2开源协议,免费提供使用。</p></li><li><p>4、支持多用户多公众号管理</p></li><li><p>5、详细的二次开发文档，并不断更新增加相关开发案例提供学习参考</p></li><li><p>6、微信功能插件化开发，更易于定制和二次开发</p></li><li><p>7、提供丰富的微信插件下载安装使用，总有一些是符合或接近你的需求</p></li></ul><h2 style=\"box-sizing: inherit; font-family: Lato, &#39;Helvetica Neue&#39;, &#39;Microsoft YaHei&#39;, Arial, Helvetica, sans-serif; line-height: 1.33em; margin: 20px 0px 10px; padding: 0px; font-size: 24px; -webkit-font-smoothing: antialiased; cursor: text; position: relative; border-bottom-width: 1px; border-bottom-style: solid; border-bottom-color: rgb(204, 204, 204); white-space: normal; background-color: rgb(250, 250, 250);\"><a class=\"anchor\" id=\"主要功能\" href=\"http://git.oschina.net/jeecg/jeewx#主要功能\" style=\"box-sizing: inherit; color: rgb(65, 131, 196); text-decoration: none; background-color: transparent; cursor: pointer; word-wrap: break-word; display: block; padding-left: 30px; margin-left: -20px; position: absolute; top: 0px; left: 0px; bottom: 0px; background-position: initial initial; background-repeat: initial initial;\"></a>主要功能</h2><ul class=\"task-list list-paddingleft-2\" style=\"box-sizing: inherit; font-size: 14px; line-height: 24px; margin-bottom: 15px; padding-left: 30px; color: rgba(0, 0, 0, 0.8); font-family: Lato, &#39;Helvetica Neue&#39;, &#39;Microsoft YaHei&#39;, Arial, Helvetica, sans-serif; white-space: normal; background-color: rgb(250, 250, 250);\"><li><p>1，微信接口认证</p></li><li><p>2，菜单自定义</p></li><li><p>3，文本管理和回复</p></li><li><p>4，关注欢迎语</p></li><li><p>5，关键字管理</p></li><li><p>6，文本模板管理</p></li><li><p>7，图文模板管理</p></li><li><p>8，账号管理</p></li><li><p>9，用户管理</p></li><li><p>10，角色管理</p></li><li><p>11，菜单管理</p></li><li><p>12, 微信支持多用户多公众号</p></li><li><p>13，微信大转盘</p></li><li><p>14，微信刮刮乐</p></li><li><p>15，微信CMS</p></li><li><p>16，自定义接口回复</p></li><li><p>17，翻译</p></li><li><p>18，天气 更多功能参考官方：www.jeecg.org</p></li></ul><p><br/></p>','Jeewx管家介绍','upload/files/20151201175716Q7tIXj7S.jpg','1','Jeewx管家介绍','4028d881472f356e01472f36461b0001','','2014-07-13','402881e8461795c201461795c2e90000');
/*!40000 ALTER TABLE `weixin_newsitem` ENABLE KEYS */;

--
-- Table structure for table `weixin_newstemplate`
--

DROP TABLE IF EXISTS `weixin_newstemplate`;
/*!40101 SET @saved_cs_client     = @@character_set_client */;
/*!40101 SET character_set_client = utf8 */;
CREATE TABLE `weixin_newstemplate` (
  `ID` varchar(32) NOT NULL,
  `addtime` varchar(255) DEFAULT NULL,
  `tempatename` varchar(255) DEFAULT NULL,
  `type` varchar(255) DEFAULT NULL,
  `accountid` varchar(100) DEFAULT NULL,
  PRIMARY KEY (`ID`)
) ENGINE=InnoDB DEFAULT CHARSET=utf8;
/*!40101 SET character_set_client = @saved_cs_client */;

--
-- Dumping data for table `weixin_newstemplate`
--

/*!40000 ALTER TABLE `weixin_newstemplate` DISABLE KEYS */;
INSERT INTO `weixin_newstemplate` (`ID`, `addtime`, `tempatename`, `type`, `accountid`) VALUES ('4028d881472f356e01472f36461b0001','2014-07-13 18:13:11','jeecg图文','common','402881e8461795c201461795c2e90000');
/*!40000 ALTER TABLE `weixin_newstemplate` ENABLE KEYS */;

--
-- Table structure for table `weixin_open_account`
--

DROP TABLE IF EXISTS `weixin_open_account`;
/*!40101 SET @saved_cs_client     = @@character_set_client */;
/*!40101 SET character_set_client = utf8 */;
CREATE TABLE `weixin_open_account` (
  `id` varchar(36) NOT NULL COMMENT '主键',
  `appid` varchar(200) DEFAULT NULL,
  `ticket` varchar(200) DEFAULT NULL COMMENT '第三方平台推送 : ticket',
  `get_ticket_time` datetime DEFAULT NULL,
  PRIMARY KEY (`id`)
) ENGINE=InnoDB DEFAULT CHARSET=utf8;
/*!40101 SET character_set_client = @saved_cs_client */;

--
-- Dumping data for table `weixin_open_account`
--

/*!40000 ALTER TABLE `weixin_open_account` DISABLE KEYS */;
/*!40000 ALTER TABLE `weixin_open_account` ENABLE KEYS */;

--
-- Table structure for table `weixin_photo`
--

DROP TABLE IF EXISTS `weixin_photo`;
/*!40101 SET @saved_cs_client     = @@character_set_client */;
/*!40101 SET character_set_client = utf8 */;
CREATE TABLE `weixin_photo` (
  `ID` varchar(32) NOT NULL,
  `PHOTO_ALBUM_ID` varchar(32) DEFAULT NULL COMMENT '对应相册',
  `CONTENT` varchar(255) DEFAULT NULL COMMENT '相片描述',
  `CREATE_BY` varchar(32) DEFAULT NULL,
  `CREATE_DATE` datetime DEFAULT NULL,
  `NAME` varchar(100) DEFAULT NULL COMMENT '相片名字',
  `UPDATE_BY` varchar(32) DEFAULT NULL,
  `UPDATE_DATE` datetime DEFAULT NULL,
  PRIMARY KEY (`ID`)
) ENGINE=InnoDB DEFAULT CHARSET=utf8;
/*!40101 SET character_set_client = @saved_cs_client */;

--
-- Dumping data for table `weixin_photo`
--

/*!40000 ALTER TABLE `weixin_photo` DISABLE KEYS */;
INSERT INTO `weixin_photo` (`ID`, `PHOTO_ALBUM_ID`, `CONTENT`, `CREATE_BY`, `CREATE_DATE`, `NAME`, `UPDATE_BY`, `UPDATE_DATE`) VALUES ('402880f2590749060159075431330013','402880f25907490601590753f98c000f',NULL,'4028d881436d514601436d5215ac0043','2016-12-16 19:11:15','未命名','4028d881436d514601436d5215ac0043','2016-12-16 19:11:15');
INSERT INTO `weixin_photo` (`ID`, `PHOTO_ALBUM_ID`, `CONTENT`, `CREATE_BY`, `CREATE_DATE`, `NAME`, `UPDATE_BY`, `UPDATE_DATE`) VALUES ('402880f25907490601590754343a0014','402880f25907490601590753f98c000f',NULL,'4028d881436d514601436d5215ac0043','2016-12-16 19:11:16','未命名','4028d881436d514601436d5215ac0043','2016-12-16 19:11:16');
INSERT INTO `weixin_photo` (`ID`, `PHOTO_ALBUM_ID`, `CONTENT`, `CREATE_BY`, `CREATE_DATE`, `NAME`, `UPDATE_BY`, `UPDATE_DATE`) VALUES ('402880f2590749060159075436400015','402880f25907490601590753f98c000f',NULL,'4028d881436d514601436d5215ac0043','2016-12-16 19:11:16','未命名','4028d881436d514601436d5215ac0043','2016-12-16 19:11:16');
INSERT INTO `weixin_photo` (`ID`, `PHOTO_ALBUM_ID`, `CONTENT`, `CREATE_BY`, `CREATE_DATE`, `NAME`, `UPDATE_BY`, `UPDATE_DATE`) VALUES ('402880f2590749060159075438570016','402880f25907490601590753f98c000f',NULL,'4028d881436d514601436d5215ac0043','2016-12-16 19:11:17','未命名','4028d881436d514601436d5215ac0043','2016-12-16 19:11:17');
INSERT INTO `weixin_photo` (`ID`, `PHOTO_ALBUM_ID`, `CONTENT`, `CREATE_BY`, `CREATE_DATE`, `NAME`, `UPDATE_BY`, `UPDATE_DATE`) VALUES ('4028948151dc770f0151dc7e8c5a0005','4028948151dc770f0151dc7d6f0f0001',NULL,'4028d881436d514601436d5215ac0043','2015-12-26 12:14:19','未命名','4028d881436d514601436d5215ac0043','2015-12-26 12:14:19');
INSERT INTO `weixin_photo` (`ID`, `PHOTO_ALBUM_ID`, `CONTENT`, `CREATE_BY`, `CREATE_DATE`, `NAME`, `UPDATE_BY`, `UPDATE_DATE`) VALUES ('4028948151dc770f0151dc7e8d050006','4028948151dc770f0151dc7d6f0f0001',NULL,'4028d881436d514601436d5215ac0043','2015-12-26 12:14:19','未命名','4028d881436d514601436d5215ac0043','2015-12-26 12:14:19');
INSERT INTO `weixin_photo` (`ID`, `PHOTO_ALBUM_ID`, `CONTENT`, `CREATE_BY`, `CREATE_DATE`, `NAME`, `UPDATE_BY`, `UPDATE_DATE`) VALUES ('4028948151dc770f0151dc7e8d7e0007','4028948151dc770f0151dc7d6f0f0001',NULL,'4028d881436d514601436d5215ac0043','2015-12-26 12:14:20','未命名','4028d881436d514601436d5215ac0043','2015-12-26 12:14:20');
INSERT INTO `weixin_photo` (`ID`, `PHOTO_ALBUM_ID`, `CONTENT`, `CREATE_BY`, `CREATE_DATE`, `NAME`, `UPDATE_BY`, `UPDATE_DATE`) VALUES ('4028948151dc770f0151dc7e8e020008','4028948151dc770f0151dc7d6f0f0001',NULL,'4028d881436d514601436d5215ac0043','2015-12-26 12:14:20','未命名','4028d881436d514601436d5215ac0043','2015-12-26 12:14:20');
INSERT INTO `weixin_photo` (`ID`, `PHOTO_ALBUM_ID`, `CONTENT`, `CREATE_BY`, `CREATE_DATE`, `NAME`, `UPDATE_BY`, `UPDATE_DATE`) VALUES ('4028948151dc770f0151dc7e8e8b0009','4028948151dc770f0151dc7d6f0f0001',NULL,'4028d881436d514601436d5215ac0043','2015-12-26 12:14:20','未命名','4028d881436d514601436d5215ac0043','2015-12-26 12:14:20');
/*!40000 ALTER TABLE `weixin_photo` ENABLE KEYS */;

--
-- Table structure for table `weixin_photo_album`
--

DROP TABLE IF EXISTS `weixin_photo_album`;
/*!40101 SET @saved_cs_client     = @@character_set_client */;
/*!40101 SET character_set_client = utf8 */;
CREATE TABLE `weixin_photo_album` (
  `ID` varchar(32) NOT NULL,
  `NAME` varchar(100) DEFAULT NULL COMMENT '相册名称',
  `CONTENT` varchar(255) DEFAULT NULL COMMENT '相册描述',
  `ACCOUNTID` varchar(100) DEFAULT NULL,
  `CREATE_DATE` datetime DEFAULT NULL COMMENT '创建时间',
  `CREATE_BY` varchar(32) DEFAULT NULL COMMENT '创建人',
  `UPDATE_DATE` datetime DEFAULT NULL COMMENT '修改时间',
  `UPDATE_BY` varchar(32) DEFAULT NULL COMMENT '修改人',
  `PHOTO_ID` varchar(32) DEFAULT NULL COMMENT '封面相片',
  PRIMARY KEY (`ID`)
) ENGINE=InnoDB DEFAULT CHARSET=utf8;
/*!40101 SET character_set_client = @saved_cs_client */;

--
-- Dumping data for table `weixin_photo_album`
--

/*!40000 ALTER TABLE `weixin_photo_album` DISABLE KEYS */;
INSERT INTO `weixin_photo_album` (`ID`, `NAME`, `CONTENT`, `ACCOUNTID`, `CREATE_DATE`, `CREATE_BY`, `UPDATE_DATE`, `UPDATE_BY`, `PHOTO_ID`) VALUES ('402880f25907490601590753f98c000f','相册2','相册2','402881e8461795c201461795c2e90000','2016-12-16 19:11:01','4028d881436d514601436d5215ac0043','2016-12-16 19:11:36','4028d881436d514601436d5215ac0043','402880f2590749060159075438570016');
INSERT INTO `weixin_photo_album` (`ID`, `NAME`, `CONTENT`, `ACCOUNTID`, `CREATE_DATE`, `CREATE_BY`, `UPDATE_DATE`, `UPDATE_BY`, `PHOTO_ID`) VALUES ('4028948151dc770f0151dc7d6f0f0001','相册one','相册one','402881e8461795c201461795c2e90000','2015-12-26 12:13:06','4028d881436d514601436d5215ac0043','2016-12-16 19:10:44','4028d881436d514601436d5215ac0043','4028948151dc770f0151dc7e8e020008');
/*!40000 ALTER TABLE `weixin_photo_album` ENABLE KEYS */;

--
-- Table structure for table `weixin_prizerecord`
--

DROP TABLE IF EXISTS `weixin_prizerecord`;
/*!40101 SET @saved_cs_client     = @@character_set_client */;
/*!40101 SET character_set_client = utf8 */;
CREATE TABLE `weixin_prizerecord` (
  `ID` varchar(100) NOT NULL,
  `ADDTIME` datetime DEFAULT NULL,
  `HDID` varchar(100) DEFAULT NULL,
  `MOBILE` varchar(100) DEFAULT NULL,
  `openid` varchar(255) DEFAULT NULL,
  `PRIZE` varchar(100) DEFAULT NULL,
  `accountid` varchar(100) DEFAULT NULL,
  PRIMARY KEY (`ID`)
) ENGINE=InnoDB DEFAULT CHARSET=utf8;
/*!40101 SET character_set_client = @saved_cs_client */;

--
-- Dumping data for table `weixin_prizerecord`
--

/*!40000 ALTER TABLE `weixin_prizerecord` DISABLE KEYS */;
INSERT INTO `weixin_prizerecord` (`ID`, `ADDTIME`, `HDID`, `MOBILE`, `openid`, `PRIZE`, `accountid`) VALUES ('402881865907db740159082a0e690033','2016-12-16 23:04:51','402881e6469a13b901469a1e9e420001','18677877878','o94BGv4wkjYm7GV6tnh1IHC_F0Z4','2','402881e8461795c201461795c2e90000');
/*!40000 ALTER TABLE `weixin_prizerecord` ENABLE KEYS */;

--
-- Table structure for table `weixin_receivetext`
--

DROP TABLE IF EXISTS `weixin_receivetext`;
/*!40101 SET @saved_cs_client     = @@character_set_client */;
/*!40101 SET character_set_client = utf8 */;
CREATE TABLE `weixin_receivetext` (
  `ID` varchar(32) NOT NULL,
  `content` varchar(255) DEFAULT NULL,
  `createtime` datetime DEFAULT NULL,
  `fromusername` varchar(255) DEFAULT NULL,
  `msgid` varchar(255) DEFAULT NULL,
  `msgtype` varchar(255) DEFAULT NULL,
  `rescontent` varchar(255) DEFAULT NULL,
  `response` varchar(255) DEFAULT NULL,
  `tousername` varchar(255) DEFAULT NULL,
  `accountid` varchar(100) DEFAULT NULL,
  `nickname` varchar(200) DEFAULT NULL,
  PRIMARY KEY (`ID`)
) ENGINE=InnoDB DEFAULT CHARSET=utf8;
/*!40101 SET character_set_client = @saved_cs_client */;

--
-- Dumping data for table `weixin_receivetext`
--

/*!40000 ALTER TABLE `weixin_receivetext` DISABLE KEYS */;
INSERT INTO `weixin_receivetext` (`ID`, `content`, `createtime`, `fromusername`, `msgid`, `msgtype`, `rescontent`, `response`, `tousername`, `accountid`, `nickname`) VALUES ('402880f2590749060159074b49580004','01','2016-12-16 19:01:31','o94BGv4wkjYm7GV6tnh1IHC_F0Z4','6364652314832334913','text',NULL,'0','gh_20419b74f848','gh_20419b74f848',NULL);
INSERT INTO `weixin_receivetext` (`ID`, `content`, `createtime`, `fromusername`, `msgid`, `msgtype`, `rescontent`, `response`, `tousername`, `accountid`, `nickname`) VALUES ('402880f2590749060159074be5b40006','你好','2016-12-16 19:02:11','o94BGv4wkjYm7GV6tnh1IHC_F0Z4','6364652486631026762','text',NULL,'0','gh_20419b74f848','gh_20419b74f848',NULL);
INSERT INTO `weixin_receivetext` (`ID`, `content`, `createtime`, `fromusername`, `msgid`, `msgtype`, `rescontent`, `response`, `tousername`, `accountid`, `nickname`) VALUES ('402880f2590749060159074d69490007','大转盘','2016-12-16 19:03:50','o94BGv4wkjYm7GV6tnh1IHC_F0Z4','6364652911832789078','text',NULL,'0','gh_20419b74f848','gh_20419b74f848',NULL);
INSERT INTO `weixin_receivetext` (`ID`, `content`, `createtime`, `fromusername`, `msgid`, `msgtype`, `rescontent`, `response`, `tousername`, `accountid`, `nickname`) VALUES ('402880f3591b2a3001591b32e7c50001','你好','2016-12-20 15:47:18','o94BGv4wkjYm7GV6tnh1IHC_F0Z4','6366086537556470254','text',NULL,'0','gh_20419b74f848','gh_20419b74f848',NULL);
INSERT INTO `weixin_receivetext` (`ID`, `content`, `createtime`, `fromusername`, `msgid`, `msgtype`, `rescontent`, `response`, `tousername`, `accountid`, `nickname`) VALUES ('402880f3591bc49901591bc76e220001','你好','2016-12-20 18:29:31','o94BGv4wkjYm7GV6tnh1IHC_F0Z4','6366128383422835970','text',NULL,'0','gh_20419b74f848','gh_20419b74f848',NULL);
/*!40000 ALTER TABLE `weixin_receivetext` ENABLE KEYS */;

--
-- Table structure for table `weixin_send_template_message`
--

DROP TABLE IF EXISTS `weixin_send_template_message`;
/*!40101 SET @saved_cs_client     = @@character_set_client */;
/*!40101 SET character_set_client = utf8 */;
CREATE TABLE `weixin_send_template_message` (
  `id` varchar(100) NOT NULL COMMENT '主键(uuid)',
  `template_id` varchar(100) NOT NULL COMMENT '模板ID',
  `open_id` varchar(100) NOT NULL COMMENT '用户主键',
  `content` text NOT NULL COMMENT '消息内容',
  `createtime` datetime NOT NULL COMMENT '创建时间',
  `send_status` int(11) NOT NULL DEFAULT '1' COMMENT '发送状态（1：成功 0：不成功）',
  `ttacct` varchar(100) DEFAULT NULL COMMENT '推推账号',
  `svcchnl` int(11) DEFAULT NULL COMMENT '渠道类型 1.微信渠道 2.手机',
  `devtype` int(11) DEFAULT NULL COMMENT '设备类型 0:无/未识别 1：IOS 2:Android',
  PRIMARY KEY (`id`)
) ENGINE=InnoDB DEFAULT CHARSET=utf8 COMMENT='已发送模板消息表';
/*!40101 SET character_set_client = @saved_cs_client */;

--
-- Dumping data for table `weixin_send_template_message`
--

/*!40000 ALTER TABLE `weixin_send_template_message` DISABLE KEYS */;
/*!40000 ALTER TABLE `weixin_send_template_message` ENABLE KEYS */;

--
-- Table structure for table `weixin_subscribe`
--

DROP TABLE IF EXISTS `weixin_subscribe`;
/*!40101 SET @saved_cs_client     = @@character_set_client */;
/*!40101 SET character_set_client = utf8 */;
CREATE TABLE `weixin_subscribe` (
  `ID` varchar(32) CHARACTER SET utf8 NOT NULL,
  `accountid` varchar(255) CHARACTER SET utf8 DEFAULT NULL,
  `addTime` varchar(255) CHARACTER SET utf8 DEFAULT NULL,
  `msgType` varchar(255) CHARACTER SET utf8 DEFAULT NULL,
  `templateId` varchar(255) CHARACTER SET utf8 DEFAULT NULL,
  `templateName` varchar(255) CHARACTER SET utf8 DEFAULT NULL,
  PRIMARY KEY (`ID`)
) ENGINE=InnoDB DEFAULT CHARSET=latin1;
/*!40101 SET character_set_client = @saved_cs_client */;

--
-- Dumping data for table `weixin_subscribe`
--

/*!40000 ALTER TABLE `weixin_subscribe` DISABLE KEYS */;
INSERT INTO `weixin_subscribe` (`ID`, `accountid`, `addTime`, `msgType`, `templateId`, `templateName`) VALUES ('402889ff472978290147297b54350004','402881e8461795c201461795c2e90000','2014-07-12 15:30:54','text','f7a8a3a946e249c20146e25c4dc7000c','欢迎关注语');
/*!40000 ALTER TABLE `weixin_subscribe` ENABLE KEYS */;

--
-- Table structure for table `weixin_tag`
--

DROP TABLE IF EXISTS `weixin_tag`;
/*!40101 SET @saved_cs_client     = @@character_set_client */;
/*!40101 SET character_set_client = utf8 */;
CREATE TABLE `weixin_tag` (
  `accountid` varchar(100) NOT NULL COMMENT '微信账号',
  `id` int(11) NOT NULL COMMENT '标签编号',
  `name` varchar(20) NOT NULL COMMENT '标签名称',
  `status` int(11) NOT NULL COMMENT '状态(1：有效；0无效)',
  `create_name` varchar(50) NOT NULL COMMENT '创建人名称',
  `create_by` varchar(50) NOT NULL COMMENT '创建人登录名',
  `create_date` datetime NOT NULL COMMENT '创建时间',
  `update_name` varchar(50) NOT NULL COMMENT '更新人名称',
  `update_by` varchar(50) NOT NULL COMMENT '更新人登录名',
  `update_date` datetime NOT NULL COMMENT '更新时间',
  PRIMARY KEY (`accountid`,`id`)
) ENGINE=InnoDB DEFAULT CHARSET=utf8 COMMENT='标签表';
/*!40101 SET character_set_client = @saved_cs_client */;

--
-- Dumping data for table `weixin_tag`
--

/*!40000 ALTER TABLE `weixin_tag` DISABLE KEYS */;
/*!40000 ALTER TABLE `weixin_tag` ENABLE KEYS */;

--
-- Table structure for table `weixin_texttemplate`
--

DROP TABLE IF EXISTS `weixin_texttemplate`;
/*!40101 SET @saved_cs_client     = @@character_set_client */;
/*!40101 SET character_set_client = utf8 */;
CREATE TABLE `weixin_texttemplate` (
  `ID` varchar(32) NOT NULL,
  `addtime` varchar(255) DEFAULT NULL,
  `content` varchar(255) DEFAULT NULL,
  `templatename` varchar(255) DEFAULT NULL,
  `accountid` varchar(100) DEFAULT NULL,
  PRIMARY KEY (`ID`)
) ENGINE=InnoDB DEFAULT CHARSET=utf8;
/*!40101 SET character_set_client = @saved_cs_client */;

--
-- Dumping data for table `weixin_texttemplate`
--

/*!40000 ALTER TABLE `weixin_texttemplate` DISABLE KEYS */;
INSERT INTO `weixin_texttemplate` (`ID`, `addtime`, `content`, `templatename`, `accountid`) VALUES ('4028d8814734ee0d0147356b4c730010','2014-07-14 23:08:50','你好，我是Jeewx捷微管家系统，如果想了解更多功能，请关注公众号“jeecg”','你好','402881e8461795c201461795c2e90000');
INSERT INTO `weixin_texttemplate` (`ID`, `addtime`, `content`, `templatename`, `accountid`) VALUES ('f7a8a3a946e249c20146e25c4dc7000c','2014-06-28 20:03:58',' 欢迎您关注JEEWX管家，捷微是一款基于JAVA语言的，多触点管理系统，支持微信公众号、微信企业号、支付服务窗，同时代码完全开源，方便二次开发。程序自身提供部分行业解决方案及丰富的营销功能。更多演示功能请查看下方菜单。\r\n官网：www.jeewx.com\r\nQQ群：289709451\r\n论坛：www.jeecg.org','欢迎关注语','402881e8461795c201461795c2e90000');
INSERT INTO `weixin_texttemplate` (`ID`, `addtime`, `content`, `templatename`, `accountid`) VALUES ('f7a8a3a946e55a940146e5a3e498004d','2014-06-29 11:21:01','微译使用指南\r\n\r\n微译为用户提供专业的多语言翻译服务，目前支持以下翻译方向：\r\n    中 -> 英\r\n    英 -> 中\r\n    日 -> 中\r\n\r\n使用示例：\r\n    翻译我是中国人\r\n    翻译dream\r\n    翻译さようなら\r\n\r\n回复“?”显示主菜单','微译使用指南','402881e8461795c201461795c2e90000');
INSERT INTO `weixin_texttemplate` (`ID`, `addtime`, `content`, `templatename`, `accountid`) VALUES ('f7a8a3a946e55a940146e5a429cf004e','2014-06-29 11:21:19','发送天气+城市，例如\'天气广州\'\r\n','天气使用指南','402881e8461795c201461795c2e90000');
INSERT INTO `weixin_texttemplate` (`ID`, `addtime`, `content`, `templatename`, `accountid`) VALUES ('f7a8a3a946e55a940146e5a53e6b0051','2014-06-29 11:22:30','请输入\"大转盘\"，参与抽奖活动','大转盘指南','402881e8461795c201461795c2e90000');
INSERT INTO `weixin_texttemplate` (`ID`, `addtime`, `content`, `templatename`, `accountid`) VALUES ('f7a8a3a946e55a940146e5a584da0052','2014-06-29 11:22:48','请输入\"刮刮乐\"，参与抽奖活动','刮刮乐指南','402881e8461795c201461795c2e90000');
INSERT INTO `weixin_texttemplate` (`ID`, `addtime`, `content`, `templatename`, `accountid`) VALUES ('f7a8a3a946e55a940146e5c317f6005f','2014-06-29 11:55:06','官方网站：www.jeewx.com\r\n商务购买联系QQ: 418799587','联系我们','402881e8461795c201461795c2e90000');
INSERT INTO `weixin_texttemplate` (`ID`, `addtime`, `content`, `templatename`, `accountid`) VALUES ('f7a8a3a946e55a940146e5cfa5660070','2014-06-29 12:08:49','01  翻译\r\n02  天气\r\n03  大转盘\r\n04  刮刮乐','营销工具','402881e8461795c201461795c2e90000');
/*!40000 ALTER TABLE `weixin_texttemplate` ENABLE KEYS */;

--
-- Table structure for table `weixin_user`
--

DROP TABLE IF EXISTS `weixin_user`;
/*!40101 SET @saved_cs_client     = @@character_set_client */;
/*!40101 SET character_set_client = utf8 */;
CREATE TABLE `weixin_user` (
  `accountid` varchar(100) NOT NULL COMMENT '微信账号',
  `subscribe` int(11) NOT NULL DEFAULT '1' COMMENT '用户是否订阅该公众号标识：0，用户未订阅；1、用户已订阅',
  `openid` varchar(30) NOT NULL COMMENT '用户的标识，对当前公众号唯一',
  `nickname` varchar(64) NOT NULL COMMENT '用户的昵称',
  `sex` int(11) NOT NULL DEFAULT '2' COMMENT '用户的性别，值为1时是男性，值为2时是女性，值为0时是未知',
  `city` varchar(255) DEFAULT NULL COMMENT '用户所在城市',
  `country` varchar(255) DEFAULT NULL COMMENT '用户所在国家',
  `province` varchar(255) DEFAULT NULL COMMENT '用户所在省份',
  `language` varchar(16) NOT NULL COMMENT '用户的语言，简体中文为zh_CN',
  `headimgurl` varchar(255) DEFAULT NULL COMMENT '用户头像',
  `subscribe_time` int(11) NOT NULL COMMENT '用户关注时间，为时间戳。如果用户曾多次关注，则取最后关注时间',
  `unionid` varchar(30) DEFAULT NULL COMMENT '只有在用户将公众号绑定到微信开放平台帐号后，才会出现该字段。',
  `remark` varchar(255) DEFAULT NULL COMMENT '公众号运营者对粉丝的备注，公众号运营者可在微信公众平台用户管理界面对粉丝添加备注',
  `groupid` int(11) NOT NULL COMMENT '用户所在的分组ID（兼容旧的用户分组接口）',
  `isblack` int(11) DEFAULT '0' COMMENT '用户是否被拉黑',
  PRIMARY KEY (`accountid`,`openid`)
) ENGINE=InnoDB DEFAULT CHARSET=utf8 COMMENT='用户信息表';
/*!40101 SET character_set_client = @saved_cs_client */;

--
-- Dumping data for table `weixin_user`
--

/*!40000 ALTER TABLE `weixin_user` DISABLE KEYS */;
/*!40000 ALTER TABLE `weixin_user` ENABLE KEYS */;

--
-- Table structure for table `weixin_user_tag`
--

DROP TABLE IF EXISTS `weixin_user_tag`;
/*!40101 SET @saved_cs_client     = @@character_set_client */;
/*!40101 SET character_set_client = utf8 */;
CREATE TABLE `weixin_user_tag` (
  `accountid` varchar(100) NOT NULL COMMENT '微信账号',
  `openid` varchar(30) NOT NULL COMMENT '用户的标识，对当前公众号唯一',
  `id` int(11) NOT NULL COMMENT '标签编号',
  `status` int(11) NOT NULL COMMENT '状态(1：用户已添加该标签；0：用户已移除该标签)',
  `create_name` varchar(50) NOT NULL COMMENT '创建人名称',
  `create_by` varchar(50) NOT NULL COMMENT '创建人登录名',
  `create_date` datetime NOT NULL COMMENT '创建时间',
  `update_name` varchar(50) NOT NULL COMMENT '更新人名称',
  `update_by` varchar(50) NOT NULL COMMENT '更新人登录名',
  `update_date` datetime NOT NULL COMMENT '更新时间',
  PRIMARY KEY (`accountid`,`openid`,`id`)
) ENGINE=InnoDB DEFAULT CHARSET=utf8 COMMENT='用户标签表';
/*!40101 SET character_set_client = @saved_cs_client */;

--
-- Dumping data for table `weixin_user_tag`
--

/*!40000 ALTER TABLE `weixin_user_tag` DISABLE KEYS */;
/*!40000 ALTER TABLE `weixin_user_tag` ENABLE KEYS */;
/*!40103 SET TIME_ZONE=@OLD_TIME_ZONE */;

/*!40101 SET SQL_MODE=@OLD_SQL_MODE */;
/*!40014 SET FOREIGN_KEY_CHECKS=@OLD_FOREIGN_KEY_CHECKS */;
/*!40014 SET UNIQUE_CHECKS=@OLD_UNIQUE_CHECKS */;
/*!40101 SET CHARACTER_SET_CLIENT=@OLD_CHARACTER_SET_CLIENT */;
/*!40101 SET CHARACTER_SET_RESULTS=@OLD_CHARACTER_SET_RESULTS */;
/*!40101 SET COLLATION_CONNECTION=@OLD_COLLATION_CONNECTION */;
/*!40111 SET SQL_NOTES=@OLD_SQL_NOTES */;

-- Dump completed on 2017-04-11 17:03:30
