--------------------------------------------------------
--  文件已创建 - 星期一-三月-27-2017   
--------------------------------------------------------
--------------------------------------------------------
--  DDL for Sequence DOC_ID_SEQ
--------------------------------------------------------

   CREATE SEQUENCE  "DOC_ID_SEQ"  MINVALUE 1 MAXVALUE 999999999999999999999999 INCREMENT BY 1 START WITH 1 CACHE 20 NOORDER  NOCYCLE
--------------------------------------------------------
--  DDL for Sequence JP_DEMO_AUTH_ID_SEQ
--------------------------------------------------------

   CREATE SEQUENCE  "JP_DEMO_AUTH_ID_SEQ"  MINVALUE 1 MAXVALUE 999999999999999999999999 INCREMENT BY 1 START WITH 1 CACHE 20 NOORDER  NOCYCLE
--------------------------------------------------------
--  DDL for Table ALIPAY_ACCOUNT
--------------------------------------------------------

  CREATE TABLE "ALIPAY_ACCOUNT" 
   (	"ID" VARCHAR2(50 CHAR), 
	"ACCONT_NAME" VARCHAR2(100 CHAR), 
	"APPID" VARCHAR2(255 CHAR), 
	"RSA_PRIVATE_KEY" VARCHAR2(2000 CHAR), 
	"ALIPAY_PUBLIC_KEY" VARCHAR2(2000 CHAR), 
	"ACCOUNT_DESC" VARCHAR2(300 CHAR), 
	"CREATE_NAME" VARCHAR2(50 CHAR), 
	"CREATE_BY" VARCHAR2(50 CHAR), 
	"CREATE_DATE" DATE, 
	"UPDATE_NAME" VARCHAR2(50 CHAR), 
	"UPDATE_BY" VARCHAR2(50 CHAR), 
	"UPDATE_DATE" DATE, 
	"CONVERSATION_SECRET" VARCHAR2(255 CHAR), 
	"PUBLIC_KEY" VARCHAR2(2000 CHAR)
   ) 
 

   COMMENT ON COLUMN "ALIPAY_ACCOUNT"."ACCONT_NAME" IS '名称'
 
   COMMENT ON COLUMN "ALIPAY_ACCOUNT"."APPID" IS '企业号标识CorpID'
 
   COMMENT ON COLUMN "ALIPAY_ACCOUNT"."RSA_PRIVATE_KEY" IS '管理组凭证密钥Secret'
 
   COMMENT ON COLUMN "ALIPAY_ACCOUNT"."ALIPAY_PUBLIC_KEY" IS 'AccessToken'
 
   COMMENT ON COLUMN "ALIPAY_ACCOUNT"."ACCOUNT_DESC" IS '描述'
 
   COMMENT ON COLUMN "ALIPAY_ACCOUNT"."CREATE_NAME" IS '创建人名称'
 
   COMMENT ON COLUMN "ALIPAY_ACCOUNT"."CREATE_BY" IS '创建人登录名称'
 
   COMMENT ON COLUMN "ALIPAY_ACCOUNT"."CREATE_DATE" IS '创建日期'
 
   COMMENT ON COLUMN "ALIPAY_ACCOUNT"."UPDATE_NAME" IS '更新人名称'
 
   COMMENT ON COLUMN "ALIPAY_ACCOUNT"."UPDATE_BY" IS '更新人登录名称'
 
   COMMENT ON COLUMN "ALIPAY_ACCOUNT"."UPDATE_DATE" IS '更新日期'
--------------------------------------------------------
--  DDL for Table ALIPAY_AUTORESPONSE
--------------------------------------------------------

  CREATE TABLE "ALIPAY_AUTORESPONSE" 
   (	"ID" VARCHAR2(100 CHAR), 
	"KEY_WORD" VARCHAR2(200 CHAR), 
	"RES_CONTENT" VARCHAR2(500 CHAR), 
	"MSG_TYPE" VARCHAR2(100 CHAR), 
	"TEMPLATE_NAME" VARCHAR2(100 CHAR), 
	"ACCOUNTID" VARCHAR2(100 CHAR), 
	"CREATE_NAME" VARCHAR2(50 CHAR), 
	"CREATE_BY" VARCHAR2(50 CHAR), 
	"CREATE_DATE" DATE, 
	"UPDATE_NAME" VARCHAR2(50 CHAR), 
	"UPDATE_BY" VARCHAR2(50 CHAR), 
	"UPDATE_DATE" DATE
   ) 
 

   COMMENT ON COLUMN "ALIPAY_AUTORESPONSE"."KEY_WORD" IS '关键字'
 
   COMMENT ON COLUMN "ALIPAY_AUTORESPONSE"."RES_CONTENT" IS '回复内容'
 
   COMMENT ON COLUMN "ALIPAY_AUTORESPONSE"."MSG_TYPE" IS '消息类型'
 
   COMMENT ON COLUMN "ALIPAY_AUTORESPONSE"."TEMPLATE_NAME" IS '模板名称'
 
   COMMENT ON COLUMN "ALIPAY_AUTORESPONSE"."ACCOUNTID" IS '微信账号id'
 
   COMMENT ON COLUMN "ALIPAY_AUTORESPONSE"."CREATE_NAME" IS '创建人名称'
 
   COMMENT ON COLUMN "ALIPAY_AUTORESPONSE"."CREATE_BY" IS '创建人登录名称'
 
   COMMENT ON COLUMN "ALIPAY_AUTORESPONSE"."CREATE_DATE" IS '创建日期'
 
   COMMENT ON COLUMN "ALIPAY_AUTORESPONSE"."UPDATE_NAME" IS '更新人名称'
 
   COMMENT ON COLUMN "ALIPAY_AUTORESPONSE"."UPDATE_BY" IS '更新人登录名称'
 
   COMMENT ON COLUMN "ALIPAY_AUTORESPONSE"."UPDATE_DATE" IS '更新日期'
--------------------------------------------------------
--  DDL for Table ALIPAY_AUTORESPONSE_DEFAULT
--------------------------------------------------------

  CREATE TABLE "ALIPAY_AUTORESPONSE_DEFAULT" 
   (	"ID" VARCHAR2(50 CHAR), 
	"TEMPLATENAME" VARCHAR2(200 CHAR), 
	"TEMPLATEID" VARCHAR2(50 CHAR), 
	"MSGTYPE" VARCHAR2(40 CHAR), 
	"ACCOUNTID" VARCHAR2(40 CHAR), 
	"ISWORK" VARCHAR2(10 CHAR), 
	"CREATE_NAME" VARCHAR2(50 CHAR), 
	"CREATE_BY" VARCHAR2(50 CHAR), 
	"CREATE_DATE" DATE, 
	"UPDATE_NAME" VARCHAR2(50 CHAR), 
	"UPDATE_BY" VARCHAR2(50 CHAR), 
	"UPDATE_DATE" DATE
   ) 
 

   COMMENT ON COLUMN "ALIPAY_AUTORESPONSE_DEFAULT"."ID" IS '主键Id'
 
   COMMENT ON COLUMN "ALIPAY_AUTORESPONSE_DEFAULT"."TEMPLATENAME" IS '模板名称'
 
   COMMENT ON COLUMN "ALIPAY_AUTORESPONSE_DEFAULT"."TEMPLATEID" IS '模板Id'
 
   COMMENT ON COLUMN "ALIPAY_AUTORESPONSE_DEFAULT"."MSGTYPE" IS '消息类型'
 
   COMMENT ON COLUMN "ALIPAY_AUTORESPONSE_DEFAULT"."ACCOUNTID" IS '微信账号Id'
 
   COMMENT ON COLUMN "ALIPAY_AUTORESPONSE_DEFAULT"."ISWORK" IS '是否启用'
 
   COMMENT ON COLUMN "ALIPAY_AUTORESPONSE_DEFAULT"."CREATE_NAME" IS '创建人名称'
 
   COMMENT ON COLUMN "ALIPAY_AUTORESPONSE_DEFAULT"."CREATE_BY" IS '创建人登录名称'
 
   COMMENT ON COLUMN "ALIPAY_AUTORESPONSE_DEFAULT"."CREATE_DATE" IS '创建日期'
 
   COMMENT ON COLUMN "ALIPAY_AUTORESPONSE_DEFAULT"."UPDATE_NAME" IS '更新人名称'
 
   COMMENT ON COLUMN "ALIPAY_AUTORESPONSE_DEFAULT"."UPDATE_BY" IS '更新人登录名称'
 
   COMMENT ON COLUMN "ALIPAY_AUTORESPONSE_DEFAULT"."UPDATE_DATE" IS '更新日期'
--------------------------------------------------------
--  DDL for Table ALIPAY_GZENTITY
--------------------------------------------------------

  CREATE TABLE "ALIPAY_GZENTITY" 
   (	"ID" VARCHAR2(100 CHAR), 
	"TEMPLATE_NAME" VARCHAR2(100 CHAR), 
	"TEMPLATE_ID" VARCHAR2(100 CHAR), 
	"TEMPLATE_TYPE" VARCHAR2(100 CHAR), 
	"IS_WORK" VARCHAR2(100 CHAR), 
	"ACCOUNTID" VARCHAR2(100 CHAR), 
	"CREATE_NAME" VARCHAR2(50 CHAR), 
	"CREATE_BY" VARCHAR2(50 CHAR), 
	"CREATE_DATE" DATE, 
	"UPDATE_NAME" VARCHAR2(50 CHAR), 
	"UPDATE_BY" VARCHAR2(50 CHAR), 
	"UPDATE_DATE" DATE
   ) 
 

   COMMENT ON COLUMN "ALIPAY_GZENTITY"."TEMPLATE_NAME" IS '模板名称'
 
   COMMENT ON COLUMN "ALIPAY_GZENTITY"."TEMPLATE_ID" IS '模板id'
 
   COMMENT ON COLUMN "ALIPAY_GZENTITY"."TEMPLATE_TYPE" IS '类型 文本_text,图文_news'
 
   COMMENT ON COLUMN "ALIPAY_GZENTITY"."IS_WORK" IS '是否启用 未启用_0,启用_1'
 
   COMMENT ON COLUMN "ALIPAY_GZENTITY"."ACCOUNTID" IS '微信账号id'
 
   COMMENT ON COLUMN "ALIPAY_GZENTITY"."CREATE_NAME" IS '创建人名称'
 
   COMMENT ON COLUMN "ALIPAY_GZENTITY"."CREATE_BY" IS '创建人登录名称'
 
   COMMENT ON COLUMN "ALIPAY_GZENTITY"."CREATE_DATE" IS '创建日期'
 
   COMMENT ON COLUMN "ALIPAY_GZENTITY"."UPDATE_NAME" IS '更新人名称'
 
   COMMENT ON COLUMN "ALIPAY_GZENTITY"."UPDATE_BY" IS '更新人登录名称'
 
   COMMENT ON COLUMN "ALIPAY_GZENTITY"."UPDATE_DATE" IS '更新日期'
--------------------------------------------------------
--  DDL for Table ALIPAY_GZUSERINFO
--------------------------------------------------------

  CREATE TABLE "ALIPAY_GZUSERINFO" 
   (	"ID" VARCHAR2(100 CHAR), 
	"USERID" VARCHAR2(100 CHAR), 
	"NAME" VARCHAR2(100 CHAR), 
	"DEPARTMENT" VARCHAR2(200 CHAR), 
	"POSITION" VARCHAR2(100 CHAR), 
	"MOBILE" VARCHAR2(100 CHAR), 
	"PROVINCE" VARCHAR2(100 CHAR), 
	"GENDER" VARCHAR2(100 CHAR), 
	"EMAIL" VARCHAR2(400 CHAR), 
	"WEIXINID" VARCHAR2(100 CHAR), 
	"AVATAR" VARCHAR2(100 CHAR), 
	"SUBSCRIBE_STATUS" VARCHAR2(100 CHAR), 
	"SUBSCRIBE_TIME" DATE, 
	"ACCOUNTID" VARCHAR2(100 CHAR), 
	"CREATE_NAME" VARCHAR2(50 CHAR), 
	"CREATE_BY" VARCHAR2(50 CHAR), 
	"CREATE_DATE" DATE, 
	"UPDATE_NAME" VARCHAR2(50 CHAR), 
	"UPDATE_BY" VARCHAR2(50 CHAR), 
	"UPDATE_DATE" DATE
   ) 
 

   COMMENT ON COLUMN "ALIPAY_GZUSERINFO"."ID" IS '主键'
 
   COMMENT ON COLUMN "ALIPAY_GZUSERINFO"."USERID" IS '账号'
 
   COMMENT ON COLUMN "ALIPAY_GZUSERINFO"."NAME" IS '姓名'
 
   COMMENT ON COLUMN "ALIPAY_GZUSERINFO"."DEPARTMENT" IS '部门'
 
   COMMENT ON COLUMN "ALIPAY_GZUSERINFO"."POSITION" IS '职位'
 
   COMMENT ON COLUMN "ALIPAY_GZUSERINFO"."MOBILE" IS '电话'
 
   COMMENT ON COLUMN "ALIPAY_GZUSERINFO"."PROVINCE" IS '省份'
 
   COMMENT ON COLUMN "ALIPAY_GZUSERINFO"."GENDER" IS '性别gender=1表示男，=0表示女'
 
   COMMENT ON COLUMN "ALIPAY_GZUSERINFO"."EMAIL" IS '邮箱'
 
   COMMENT ON COLUMN "ALIPAY_GZUSERINFO"."WEIXINID" IS '微信号'
 
   COMMENT ON COLUMN "ALIPAY_GZUSERINFO"."AVATAR" IS '头像url'
 
   COMMENT ON COLUMN "ALIPAY_GZUSERINFO"."SUBSCRIBE_STATUS" IS '关注状态: 1=已关注，2=已冻结，4=未关注'
 
   COMMENT ON COLUMN "ALIPAY_GZUSERINFO"."SUBSCRIBE_TIME" IS '关注时间'
 
   COMMENT ON COLUMN "ALIPAY_GZUSERINFO"."ACCOUNTID" IS '微信账号ID'
 
   COMMENT ON COLUMN "ALIPAY_GZUSERINFO"."CREATE_NAME" IS '创建人名称'
 
   COMMENT ON COLUMN "ALIPAY_GZUSERINFO"."CREATE_BY" IS '创建人登录名称'
 
   COMMENT ON COLUMN "ALIPAY_GZUSERINFO"."CREATE_DATE" IS '创建日期'
 
   COMMENT ON COLUMN "ALIPAY_GZUSERINFO"."UPDATE_NAME" IS '更新人名称'
 
   COMMENT ON COLUMN "ALIPAY_GZUSERINFO"."UPDATE_BY" IS '更新人登录名称'
 
   COMMENT ON COLUMN "ALIPAY_GZUSERINFO"."UPDATE_DATE" IS '更新日期'
--------------------------------------------------------
--  DDL for Table ALIPAY_MENU
--------------------------------------------------------

  CREATE TABLE "ALIPAY_MENU" 
   (	"ID" VARCHAR2(32 CHAR), 
	"AGENT_ID" VARCHAR2(255 CHAR), 
	"MENU_NAME" VARCHAR2(255 CHAR), 
	"MENU_TYPE" VARCHAR2(255 CHAR), 
	"MENU_KEY" VARCHAR2(255 CHAR), 
	"ORDERS" VARCHAR2(10 CHAR), 
	"MSG_TYPE" VARCHAR2(255 CHAR), 
	"TEMPLATE_ID" VARCHAR2(255 CHAR), 
	"URL" VARCHAR2(1000 CHAR), 
	"FATHER_ID" VARCHAR2(32 CHAR), 
	"CREATE_NAME" VARCHAR2(50 CHAR), 
	"CREATE_BY" VARCHAR2(50 CHAR), 
	"CREATE_DATE" DATE, 
	"UPDATE_NAME" VARCHAR2(50 CHAR), 
	"UPDATE_BY" VARCHAR2(50 CHAR), 
	"UPDATE_DATE" DATE
   ) 
 

   COMMENT ON COLUMN "ALIPAY_MENU"."AGENT_ID" IS '应用主键ID'
 
   COMMENT ON COLUMN "ALIPAY_MENU"."MENU_NAME" IS '菜单标题'
 
   COMMENT ON COLUMN "ALIPAY_MENU"."MENU_TYPE" IS '菜单类型'
 
   COMMENT ON COLUMN "ALIPAY_MENU"."MENU_KEY" IS '菜单KEY'
 
   COMMENT ON COLUMN "ALIPAY_MENU"."ORDERS" IS '菜单位置'
 
   COMMENT ON COLUMN "ALIPAY_MENU"."MSG_TYPE" IS '响应消息类型'
 
   COMMENT ON COLUMN "ALIPAY_MENU"."TEMPLATE_ID" IS '关联素材ID'
 
   COMMENT ON COLUMN "ALIPAY_MENU"."URL" IS '网页链接'
 
   COMMENT ON COLUMN "ALIPAY_MENU"."FATHER_ID" IS '父ID'
 
   COMMENT ON COLUMN "ALIPAY_MENU"."CREATE_NAME" IS '创建人名称'
 
   COMMENT ON COLUMN "ALIPAY_MENU"."CREATE_BY" IS '创建人登录名称'
 
   COMMENT ON COLUMN "ALIPAY_MENU"."CREATE_DATE" IS '创建日期'
 
   COMMENT ON COLUMN "ALIPAY_MENU"."UPDATE_NAME" IS '更新人名称'
 
   COMMENT ON COLUMN "ALIPAY_MENU"."UPDATE_BY" IS '更新人登录名称'
 
   COMMENT ON COLUMN "ALIPAY_MENU"."UPDATE_DATE" IS '更新日期'
--------------------------------------------------------
--  DDL for Table ALIPAY_MESSAGELOG
--------------------------------------------------------

  CREATE TABLE "ALIPAY_MESSAGELOG" 
   (	"ID" VARCHAR2(200 CHAR), 
	"MESSAGE_TYPE" VARCHAR2(50 CHAR), 
	"CONTENT_ID" VARCHAR2(500 CHAR), 
	"RECEIVE_MESSAGE" VARCHAR2(200 CHAR), 
	"CREATE_DATE" DATE, 
	"MESSAGE_CONTENT" CLOB
   )
--------------------------------------------------------
--  DDL for Table ALIPAY_NEWSITEM
--------------------------------------------------------

  CREATE TABLE "ALIPAY_NEWSITEM" 
   (	"ID" VARCHAR2(100 CHAR), 
	"TITLE" VARCHAR2(300 CHAR), 
	"AUTHOR" VARCHAR2(100 CHAR), 
	"IMAGE_PATH" VARCHAR2(100 CHAR), 
	"CONTENT" CLOB, 
	"TEMPLATEID" VARCHAR2(100 CHAR), 
	"DESCRIPTION" VARCHAR2(400 CHAR), 
	"ORDER_NO" VARCHAR2(100 CHAR), 
	"URL" VARCHAR2(100 CHAR), 
	"HDID" VARCHAR2(100 CHAR), 
	"CREATE_NAME" VARCHAR2(50 CHAR), 
	"CREATE_BY" VARCHAR2(50 CHAR), 
	"CREATE_DATE" DATE, 
	"UPDATE_NAME" VARCHAR2(50 CHAR), 
	"UPDATE_BY" VARCHAR2(50 CHAR), 
	"UPDATE_DATE" DATE
   ) 
 

   COMMENT ON COLUMN "ALIPAY_NEWSITEM"."TITLE" IS '标题'
 
   COMMENT ON COLUMN "ALIPAY_NEWSITEM"."AUTHOR" IS '作者'
 
   COMMENT ON COLUMN "ALIPAY_NEWSITEM"."IMAGE_PATH" IS '图片路径'
 
   COMMENT ON COLUMN "ALIPAY_NEWSITEM"."CONTENT" IS '内容'
 
   COMMENT ON COLUMN "ALIPAY_NEWSITEM"."TEMPLATEID" IS '图文模板id'
 
   COMMENT ON COLUMN "ALIPAY_NEWSITEM"."DESCRIPTION" IS '摘要'
 
   COMMENT ON COLUMN "ALIPAY_NEWSITEM"."ORDER_NO" IS '新闻顺序'
 
   COMMENT ON COLUMN "ALIPAY_NEWSITEM"."URL" IS '消息内容的url'
 
   COMMENT ON COLUMN "ALIPAY_NEWSITEM"."HDID" IS '活动id'
 
   COMMENT ON COLUMN "ALIPAY_NEWSITEM"."CREATE_NAME" IS '创建人名称'
 
   COMMENT ON COLUMN "ALIPAY_NEWSITEM"."CREATE_BY" IS '创建人登录名称'
 
   COMMENT ON COLUMN "ALIPAY_NEWSITEM"."CREATE_DATE" IS '创建日期'
 
   COMMENT ON COLUMN "ALIPAY_NEWSITEM"."UPDATE_NAME" IS '更新人名称'
 
   COMMENT ON COLUMN "ALIPAY_NEWSITEM"."UPDATE_BY" IS '更新人登录名称'
 
   COMMENT ON COLUMN "ALIPAY_NEWSITEM"."UPDATE_DATE" IS '更新日期'
--------------------------------------------------------
--  DDL for Table ALIPAY_NEWSTEMPLATE
--------------------------------------------------------

  CREATE TABLE "ALIPAY_NEWSTEMPLATE" 
   (	"ID" VARCHAR2(100 CHAR), 
	"TEMPLATE_NAME" VARCHAR2(200 CHAR), 
	"TEMPLATE_TYPE" VARCHAR2(100 CHAR), 
	"ACCOUNTID" VARCHAR2(100 CHAR), 
	"CREATE_NAME" VARCHAR2(50 CHAR), 
	"CREATE_BY" VARCHAR2(50 CHAR), 
	"CREATE_DATE" DATE, 
	"UPDATE_NAME" VARCHAR2(50 CHAR), 
	"UPDATE_BY" VARCHAR2(50 CHAR), 
	"UPDATE_DATE" DATE
   ) 
 

   COMMENT ON COLUMN "ALIPAY_NEWSTEMPLATE"."TEMPLATE_NAME" IS '模板名称'
 
   COMMENT ON COLUMN "ALIPAY_NEWSTEMPLATE"."TEMPLATE_TYPE" IS '模板类型'
 
   COMMENT ON COLUMN "ALIPAY_NEWSTEMPLATE"."ACCOUNTID" IS '微信企业号账号id'
 
   COMMENT ON COLUMN "ALIPAY_NEWSTEMPLATE"."CREATE_NAME" IS '创建人名称'
 
   COMMENT ON COLUMN "ALIPAY_NEWSTEMPLATE"."CREATE_BY" IS '创建人登录名称'
 
   COMMENT ON COLUMN "ALIPAY_NEWSTEMPLATE"."CREATE_DATE" IS '创建日期'
 
   COMMENT ON COLUMN "ALIPAY_NEWSTEMPLATE"."UPDATE_NAME" IS '更新人名称'
 
   COMMENT ON COLUMN "ALIPAY_NEWSTEMPLATE"."UPDATE_BY" IS '更新人登录名称'
 
   COMMENT ON COLUMN "ALIPAY_NEWSTEMPLATE"."UPDATE_DATE" IS '更新日期'
--------------------------------------------------------
--  DDL for Table ALIPAY_RECEIVETEXT
--------------------------------------------------------

  CREATE TABLE "ALIPAY_RECEIVETEXT" 
   (	"ID" VARCHAR2(100 CHAR), 
	"TOUSERNAME" VARCHAR2(100 CHAR), 
	"FROMUSERNAME" VARCHAR2(100 CHAR), 
	"CREATETIME" DATE DEFAULT SYSDATE, 
	"MSGTYPE" VARCHAR2(100 CHAR), 
	"MSGID" VARCHAR2(100 CHAR), 
	"CONTENT" VARCHAR2(400 CHAR), 
	"RESPONSE" VARCHAR2(10 CHAR), 
	"RESCONTENT" VARCHAR2(400 CHAR), 
	"NICKNAME" VARCHAR2(100 CHAR), 
	"ACCOUNTID" VARCHAR2(40 CHAR), 
	"AGENT_ID" VARCHAR2(200 CHAR), 
	"CREATE_NAME" VARCHAR2(50 CHAR), 
	"CREATE_BY" VARCHAR2(50 CHAR), 
	"CREATE_DATE" DATE, 
	"UPDATE_NAME" VARCHAR2(50 CHAR), 
	"UPDATE_BY" VARCHAR2(50 CHAR), 
	"UPDATE_DATE" DATE
   ) 
 

   COMMENT ON COLUMN "ALIPAY_RECEIVETEXT"."TOUSERNAME" IS '开发者微信号'
 
   COMMENT ON COLUMN "ALIPAY_RECEIVETEXT"."FROMUSERNAME" IS '发送方帐号（一个OpenID）'
 
   COMMENT ON COLUMN "ALIPAY_RECEIVETEXT"."CREATETIME" IS '消息创建时间 （整型）'
 
   COMMENT ON COLUMN "ALIPAY_RECEIVETEXT"."MSGTYPE" IS '消息类型（text/image/location/link）'
 
   COMMENT ON COLUMN "ALIPAY_RECEIVETEXT"."MSGID" IS '消息id，64位整型'
 
   COMMENT ON COLUMN "ALIPAY_RECEIVETEXT"."CONTENT" IS '消息内容'
 
   COMMENT ON COLUMN "ALIPAY_RECEIVETEXT"."RESPONSE" IS '是否回复'
 
   COMMENT ON COLUMN "ALIPAY_RECEIVETEXT"."RESCONTENT" IS '回复内容'
 
   COMMENT ON COLUMN "ALIPAY_RECEIVETEXT"."NICKNAME" IS '用户昵称'
 
   COMMENT ON COLUMN "ALIPAY_RECEIVETEXT"."ACCOUNTID" IS '微信账号Id'
 
   COMMENT ON COLUMN "ALIPAY_RECEIVETEXT"."AGENT_ID" IS '应用ID(微信)'
 
   COMMENT ON COLUMN "ALIPAY_RECEIVETEXT"."CREATE_NAME" IS '创建人名称'
 
   COMMENT ON COLUMN "ALIPAY_RECEIVETEXT"."CREATE_BY" IS '创建人登录名称'
 
   COMMENT ON COLUMN "ALIPAY_RECEIVETEXT"."CREATE_DATE" IS '创建日期'
 
   COMMENT ON COLUMN "ALIPAY_RECEIVETEXT"."UPDATE_NAME" IS '更新人名称'
 
   COMMENT ON COLUMN "ALIPAY_RECEIVETEXT"."UPDATE_BY" IS '更新人登录名称'
 
   COMMENT ON COLUMN "ALIPAY_RECEIVETEXT"."UPDATE_DATE" IS '更新日期'
--------------------------------------------------------
--  DDL for Table ALIPAY_RECEIVETEXT_CONTENT
--------------------------------------------------------

  CREATE TABLE "ALIPAY_RECEIVETEXT_CONTENT" 
   (	"ID" VARCHAR2(100 CHAR), 
	"RECEIVETEXT_ID" VARCHAR2(100 CHAR), 
	"CONTENT" VARCHAR2(400 CHAR), 
	"CREATE_NAME" VARCHAR2(50 CHAR), 
	"CREATE_BY" VARCHAR2(50 CHAR), 
	"CREATE_DATE" DATE, 
	"UPDATE_NAME" VARCHAR2(50 CHAR), 
	"UPDATE_BY" VARCHAR2(50 CHAR), 
	"UPDATE_DATE" DATE
   ) 
 

   COMMENT ON COLUMN "ALIPAY_RECEIVETEXT_CONTENT"."RECEIVETEXT_ID" IS '用户消息表 id'
 
   COMMENT ON COLUMN "ALIPAY_RECEIVETEXT_CONTENT"."CONTENT" IS '消息内容'
 
   COMMENT ON COLUMN "ALIPAY_RECEIVETEXT_CONTENT"."CREATE_NAME" IS '创建人名称'
 
   COMMENT ON COLUMN "ALIPAY_RECEIVETEXT_CONTENT"."CREATE_BY" IS '创建人登录名称'
 
   COMMENT ON COLUMN "ALIPAY_RECEIVETEXT_CONTENT"."CREATE_DATE" IS '创建日期'
 
   COMMENT ON COLUMN "ALIPAY_RECEIVETEXT_CONTENT"."UPDATE_NAME" IS '更新人名称'
 
   COMMENT ON COLUMN "ALIPAY_RECEIVETEXT_CONTENT"."UPDATE_BY" IS '更新人登录名称'
 
   COMMENT ON COLUMN "ALIPAY_RECEIVETEXT_CONTENT"."UPDATE_DATE" IS '更新日期'
--------------------------------------------------------
--  DDL for Table ALIPAY_TEXTTEMPLATE
--------------------------------------------------------

  CREATE TABLE "ALIPAY_TEXTTEMPLATE" 
   (	"ID" VARCHAR2(100 CHAR), 
	"TEMPLATE_NAME" VARCHAR2(200 CHAR), 
	"TEMPLATE_CONTENT" VARCHAR2(500 CHAR), 
	"ACCOUNTID" VARCHAR2(100 CHAR), 
	"CREATE_NAME" VARCHAR2(50 CHAR), 
	"CREATE_BY" VARCHAR2(50 CHAR), 
	"CREATE_DATE" DATE, 
	"UPDATE_NAME" VARCHAR2(50 CHAR), 
	"UPDATE_BY" VARCHAR2(50 CHAR), 
	"UPDATE_DATE" DATE
   ) 
 

   COMMENT ON COLUMN "ALIPAY_TEXTTEMPLATE"."TEMPLATE_NAME" IS '模板名称'
 
   COMMENT ON COLUMN "ALIPAY_TEXTTEMPLATE"."TEMPLATE_CONTENT" IS '模板内容'
 
   COMMENT ON COLUMN "ALIPAY_TEXTTEMPLATE"."ACCOUNTID" IS '微信企业账户id'
 
   COMMENT ON COLUMN "ALIPAY_TEXTTEMPLATE"."CREATE_NAME" IS '创建人名称'
 
   COMMENT ON COLUMN "ALIPAY_TEXTTEMPLATE"."CREATE_BY" IS '创建人登录名称'
 
   COMMENT ON COLUMN "ALIPAY_TEXTTEMPLATE"."CREATE_DATE" IS '创建日期'
 
   COMMENT ON COLUMN "ALIPAY_TEXTTEMPLATE"."UPDATE_NAME" IS '更新人名称'
 
   COMMENT ON COLUMN "ALIPAY_TEXTTEMPLATE"."UPDATE_BY" IS '更新人登录名称'
 
   COMMENT ON COLUMN "ALIPAY_TEXTTEMPLATE"."UPDATE_DATE" IS '更新日期'
--------------------------------------------------------
--  DDL for Table CGFORM_BUTTON
--------------------------------------------------------

  CREATE TABLE "CGFORM_BUTTON" 
   (	"ID" VARCHAR2(32 CHAR), 
	"BUTTON_CODE" VARCHAR2(50 CHAR), 
	"BUTTON_ICON" VARCHAR2(20 CHAR), 
	"BUTTON_NAME" VARCHAR2(50 CHAR), 
	"BUTTON_STATUS" VARCHAR2(2 CHAR), 
	"BUTTON_STYLE" VARCHAR2(20 CHAR), 
	"EXP" VARCHAR2(255 CHAR), 
	"FORM_ID" VARCHAR2(32 CHAR), 
	"OPT_TYPE" VARCHAR2(20 CHAR), 
	"ORDER_NUM" NUMBER(10,0)
   )
--------------------------------------------------------
--  DDL for Table CGFORM_BUTTON_SQL
--------------------------------------------------------

  CREATE TABLE "CGFORM_BUTTON_SQL" 
   (	"ID" VARCHAR2(32 CHAR), 
	"BUTTON_CODE" VARCHAR2(50 CHAR), 
	"CGB_SQL" BLOB, 
	"CGB_SQL_NAME" VARCHAR2(50 CHAR), 
	"CONTENT" CLOB, 
	"FORM_ID" VARCHAR2(32 CHAR)
   )
--------------------------------------------------------
--  DDL for Table CGFORM_ENHANCE_JS
--------------------------------------------------------

  CREATE TABLE "CGFORM_ENHANCE_JS" 
   (	"ID" VARCHAR2(32 CHAR), 
	"CG_JS" BLOB, 
	"CG_JS_TYPE" VARCHAR2(20 CHAR), 
	"CONTENT" CLOB, 
	"FORM_ID" VARCHAR2(32 CHAR)
   )
--------------------------------------------------------
--  DDL for Table CGFORM_FIELD
--------------------------------------------------------

  CREATE TABLE "CGFORM_FIELD" 
   (	"ID" VARCHAR2(32 CHAR), 
	"CONTENT" VARCHAR2(200 CHAR), 
	"CREATE_BY" VARCHAR2(255 CHAR), 
	"CREATE_DATE" DATE, 
	"CREATE_NAME" VARCHAR2(32 CHAR), 
	"DICT_FIELD" VARCHAR2(100 CHAR), 
	"DICT_TABLE" VARCHAR2(100 CHAR), 
	"DICT_TEXT" VARCHAR2(100 CHAR), 
	"FIELD_DEFAULT" VARCHAR2(20 CHAR), 
	"FIELD_HREF" VARCHAR2(200 CHAR), 
	"FIELD_LENGTH" NUMBER(10,0), 
	"FIELD_NAME" VARCHAR2(32 CHAR), 
	"FIELD_VALID_TYPE" VARCHAR2(10 CHAR), 
	"IS_KEY" VARCHAR2(2 CHAR), 
	"IS_NULL" VARCHAR2(5 CHAR), 
	"IS_QUERY" VARCHAR2(5 CHAR), 
	"IS_SHOW" VARCHAR2(5 CHAR), 
	"IS_SHOW_LIST" VARCHAR2(5 CHAR), 
	"LENGTH" NUMBER(10,0), 
	"MAIN_FIELD" VARCHAR2(100 CHAR), 
	"MAIN_TABLE" VARCHAR2(100 CHAR), 
	"OLD_FIELD_NAME" VARCHAR2(32 CHAR), 
	"ORDER_NUM" NUMBER(10,0), 
	"POINT_LENGTH" NUMBER(10,0), 
	"QUERY_MODE" VARCHAR2(10 CHAR), 
	"SHOW_TYPE" VARCHAR2(10 CHAR), 
	"TYPE" VARCHAR2(32 CHAR), 
	"UPDATE_BY" VARCHAR2(32 CHAR), 
	"UPDATE_DATE" DATE, 
	"UPDATE_NAME" VARCHAR2(32 CHAR), 
	"TABLE_ID" VARCHAR2(32 CHAR)
   )
--------------------------------------------------------
--  DDL for Table CGFORM_FTL
--------------------------------------------------------

  CREATE TABLE "CGFORM_FTL" 
   (	"ID" VARCHAR2(32 CHAR), 
	"CGFORM_ID" VARCHAR2(36 CHAR), 
	"CGFORM_NAME" VARCHAR2(100 CHAR), 
	"CREATE_BY" VARCHAR2(36 CHAR), 
	"CREATE_DATE" DATE, 
	"CREATE_NAME" VARCHAR2(32 CHAR), 
	"FTL_CONTENT" CLOB, 
	"FTL_STATUS" VARCHAR2(50 CHAR), 
	"FTL_VERSION" NUMBER(10,0), 
	"FTL_WORD_URL" VARCHAR2(200 CHAR), 
	"UPDATE_BY" VARCHAR2(36 CHAR), 
	"UPDATE_DATE" DATE, 
	"UPDATE_NAME" VARCHAR2(32 CHAR)
   )
--------------------------------------------------------
--  DDL for Table CGFORM_HEAD
--------------------------------------------------------

  CREATE TABLE "CGFORM_HEAD" 
   (	"ID" VARCHAR2(32 CHAR), 
	"CONTENT" VARCHAR2(200 CHAR), 
	"CREATE_BY" VARCHAR2(32 CHAR), 
	"CREATE_DATE" DATE, 
	"CREATE_NAME" VARCHAR2(32 CHAR), 
	"IS_CHECKBOX" VARCHAR2(5 CHAR), 
	"IS_DBSYNCH" VARCHAR2(20 CHAR), 
	"IS_PAGINATION" VARCHAR2(5 CHAR), 
	"IS_TREE" VARCHAR2(5 CHAR), 
	"JFORM_TYPE" NUMBER(10,0), 
	"JFORM_VERSION" VARCHAR2(10 CHAR), 
	"QUERYMODE" VARCHAR2(10 CHAR), 
	"RELATION_TYPE" NUMBER(10,0), 
	"SUB_TABLE_STR" CLOB, 
	"TABLE_NAME" VARCHAR2(20 CHAR), 
	"UPDATE_BY" VARCHAR2(32 CHAR), 
	"UPDATE_DATE" DATE, 
	"UPDATE_NAME" VARCHAR2(32 CHAR), 
	"JFORM_PK_SEQUENCE" VARCHAR2(200 CHAR), 
	"JFORM_PK_TYPE" VARCHAR2(100 CHAR), 
	"TAB_ORDER" NUMBER(10,0)
   )
--------------------------------------------------------
--  DDL for Table CGFORM_UPLOADFILES
--------------------------------------------------------

  CREATE TABLE "CGFORM_UPLOADFILES" 
   (	"CGFORM_FIELD" VARCHAR2(100 CHAR), 
	"CGFORM_ID" VARCHAR2(36 CHAR), 
	"CGFORM_NAME" VARCHAR2(100 CHAR), 
	"ID" VARCHAR2(32 CHAR)
   )
--------------------------------------------------------
--  DDL for Table CK_EDITOR
--------------------------------------------------------

  CREATE TABLE "CK_EDITOR" 
   (	"ID" VARCHAR2(32 CHAR), 
	"CONTENTS" BLOB
   )
--------------------------------------------------------
--  DDL for Table CK_FINDER
--------------------------------------------------------

  CREATE TABLE "CK_FINDER" 
   (	"ID" VARCHAR2(32 CHAR), 
	"ATTACHMENT" VARCHAR2(255 CHAR), 
	"IMAGE" VARCHAR2(255 CHAR), 
	"REMARK" CLOB
   )
--------------------------------------------------------
--  DDL for Table DOC
--------------------------------------------------------

  CREATE TABLE "DOC" 
   (	"ID" NUMBER(10,0), 
	"DOCCONTENT" BLOB, 
	"DOCDATE" DATE, 
	"DOCID" VARCHAR2(255 CHAR), 
	"DOCTITLE" VARCHAR2(255 CHAR), 
	"DOCTYPE" VARCHAR2(255 CHAR)
   )
--------------------------------------------------------
--  DDL for Table JEECG_DEMO
--------------------------------------------------------

  CREATE TABLE "JEECG_DEMO" 
   (	"ID" VARCHAR2(32 CHAR), 
	"AGE" NUMBER(10,0), 
	"BIRTHDAY" DATE, 
	"CONTENT" VARCHAR2(255 CHAR), 
	"CREATE_TIME" DATE, 
	"DEP_ID" VARCHAR2(255 CHAR), 
	"EMAIL" VARCHAR2(255 CHAR), 
	"MOBILE_PHONE" VARCHAR2(255 CHAR), 
	"OFFICE_PHONE" VARCHAR2(255 CHAR), 
	"SALARY" FLOAT(126), 
	"SEX" VARCHAR2(255 CHAR), 
	"STATUS" VARCHAR2(255 CHAR), 
	"USER_NAME" VARCHAR2(255 CHAR), 
	"CREATE_DATE" DATE
   )
--------------------------------------------------------
--  DDL for Table JEECG_DEMO_COURSE
--------------------------------------------------------

  CREATE TABLE "JEECG_DEMO_COURSE" 
   (	"ID" VARCHAR2(32 CHAR), 
	"NAME" VARCHAR2(25 CHAR), 
	"TEACHER_ID" VARCHAR2(32 CHAR)
   )
--------------------------------------------------------
--  DDL for Table JEECG_DEMO_STUDENT
--------------------------------------------------------

  CREATE TABLE "JEECG_DEMO_STUDENT" 
   (	"ID" VARCHAR2(32 CHAR), 
	"BIRTHDAY" DATE, 
	"NAME" VARCHAR2(32 CHAR), 
	"SEX" VARCHAR2(1 CHAR), 
	"COURSE_ID" VARCHAR2(32 CHAR)
   )
--------------------------------------------------------
--  DDL for Table JEECG_DEMO_TEACHER
--------------------------------------------------------

  CREATE TABLE "JEECG_DEMO_TEACHER" 
   (	"ID" VARCHAR2(32 CHAR), 
	"NAME" VARCHAR2(12 CHAR), 
	"PIC" VARCHAR2(255 CHAR)
   )
--------------------------------------------------------
--  DDL for Table JEECG_MATTER_BOM
--------------------------------------------------------

  CREATE TABLE "JEECG_MATTER_BOM" 
   (	"ID" VARCHAR2(32 CHAR), 
	"ADDRESS" VARCHAR2(255 CHAR), 
	"CODE" VARCHAR2(50 CHAR), 
	"NAME" VARCHAR2(50 CHAR), 
	"PRICE" FLOAT(126), 
	"PRODUCTIONDATE" DATE, 
	"QUANTITY" NUMBER(10,0), 
	"STOCK" NUMBER(10,0), 
	"UNIT" VARCHAR2(50 CHAR), 
	"WEIGHT" VARCHAR2(50 CHAR), 
	"PARENT_ID" VARCHAR2(32 CHAR)
   )
--------------------------------------------------------
--  DDL for Table JEECG_MINIDAO
--------------------------------------------------------

  CREATE TABLE "JEECG_MINIDAO" 
   (	"ID" VARCHAR2(32 CHAR), 
	"AGE" NUMBER(10,0), 
	"BIRTHDAY" DATE, 
	"CONTENT" VARCHAR2(255 CHAR), 
	"CREATE_TIME" DATE, 
	"DEP_ID" VARCHAR2(255 CHAR), 
	"EMAIL" VARCHAR2(255 CHAR), 
	"MOBILE_PHONE" VARCHAR2(255 CHAR), 
	"OFFICE_PHONE" VARCHAR2(255 CHAR), 
	"SALARY" FLOAT(126), 
	"SEX" NUMBER(10,0), 
	"STATUS" VARCHAR2(255 CHAR), 
	"USER_NAME" VARCHAR2(255 CHAR)
   )
--------------------------------------------------------
--  DDL for Table JEECG_ORDER_CUSTOM
--------------------------------------------------------

  CREATE TABLE "JEECG_ORDER_CUSTOM" 
   (	"ID" VARCHAR2(32 CHAR), 
	"CREATE_DT" DATE, 
	"CRTUSER" VARCHAR2(12 CHAR), 
	"CRTUSER_NAME" VARCHAR2(10 CHAR), 
	"DEL_DT" DATE, 
	"DELFLAG" NUMBER(10,0), 
	"GO_ORDER_CODE" VARCHAR2(12 CHAR), 
	"GOC_BUSS_CONTENT" VARCHAR2(33 CHAR), 
	"GOC_CONTENT" VARCHAR2(66 CHAR), 
	"GOC_CUS_NAME" VARCHAR2(16 CHAR), 
	"GOC_IDCARD" VARCHAR2(18 CHAR), 
	"GOC_PASSPORT_CODE" VARCHAR2(10 CHAR), 
	"GOC_SEX" VARCHAR2(255 CHAR), 
	"MODIFIER" VARCHAR2(12 CHAR), 
	"MODIFIER_NAME" VARCHAR2(10 CHAR), 
	"MODIFY_DT" DATE
   )
--------------------------------------------------------
--  DDL for Table JEECG_ORDER_MAIN
--------------------------------------------------------

  CREATE TABLE "JEECG_ORDER_MAIN" 
   (	"ID" VARCHAR2(32 CHAR), 
	"CREATE_DT" DATE, 
	"CRTUSER" VARCHAR2(12 CHAR), 
	"CRTUSER_NAME" VARCHAR2(10 CHAR), 
	"DEL_DT" DATE, 
	"DELFLAG" NUMBER(10,0), 
	"GO_ALL_PRICE" FLOAT(126), 
	"GO_CONTACT_NAME" VARCHAR2(16 CHAR), 
	"GO_CONTENT" VARCHAR2(66 CHAR), 
	"GO_ORDER_CODE" VARCHAR2(12 CHAR), 
	"GO_ORDER_COUNT" NUMBER(10,0), 
	"GO_RETURN_PRICE" FLOAT(126), 
	"GO_TELPHONE" VARCHAR2(11 CHAR), 
	"GODER_TYPE" VARCHAR2(255 CHAR), 
	"MODIFIER" VARCHAR2(12 CHAR), 
	"MODIFIER_NAME" VARCHAR2(10 CHAR), 
	"MODIFY_DT" DATE, 
	"USERTYPE" VARCHAR2(255 CHAR)
   )
--------------------------------------------------------
--  DDL for Table JEECG_ORDER_PRODUCT
--------------------------------------------------------

  CREATE TABLE "JEECG_ORDER_PRODUCT" 
   (	"ID" VARCHAR2(32 CHAR), 
	"CREATE_DT" DATE, 
	"CRTUSER" VARCHAR2(12 CHAR), 
	"CRTUSER_NAME" VARCHAR2(10 CHAR), 
	"DEL_DT" DATE, 
	"DELFLAG" NUMBER(10,0), 
	"GO_ORDER_CODE" VARCHAR2(12 CHAR), 
	"GOP_CONTENT" VARCHAR2(66 CHAR), 
	"GOP_COUNT" NUMBER(10,0), 
	"GOP_ONE_PRICE" FLOAT(126), 
	"GOP_PRODUCT_NAME" VARCHAR2(33 CHAR), 
	"GOP_PRODUCT_TYPE" VARCHAR2(1 CHAR), 
	"GOP_SUM_PRICE" FLOAT(126), 
	"MODIFIER" VARCHAR2(12 CHAR), 
	"MODIFIER_NAME" VARCHAR2(10 CHAR), 
	"MODIFY_DT" DATE
   )
--------------------------------------------------------
--  DDL for Table JFORM_CGREPORT_HEAD
--------------------------------------------------------

  CREATE TABLE "JFORM_CGREPORT_HEAD" 
   (	"ID" VARCHAR2(36 CHAR), 
	"CGR_SQL" CLOB, 
	"CODE" VARCHAR2(36 CHAR), 
	"CONTENT" CLOB, 
	"NAME" VARCHAR2(100 CHAR)
   )
--------------------------------------------------------
--  DDL for Table JFORM_CGREPORT_ITEM
--------------------------------------------------------

  CREATE TABLE "JFORM_CGREPORT_ITEM" 
   (	"ID" VARCHAR2(36 CHAR), 
	"S_FLAG" VARCHAR2(2 CHAR), 
	"S_MODE" VARCHAR2(10 CHAR), 
	"CGRHEAD_ID" VARCHAR2(36 CHAR), 
	"DICT_CODE" VARCHAR2(36 CHAR), 
	"FIELD_HREF" VARCHAR2(120 CHAR), 
	"FIELD_NAME" VARCHAR2(36 CHAR), 
	"FIELD_TXT" CLOB, 
	"FIELD_TYPE" VARCHAR2(10 CHAR), 
	"IS_SHOW" VARCHAR2(5 CHAR), 
	"ORDER_NUM" NUMBER(10,0), 
	"REPLACE_VA" VARCHAR2(36 CHAR)
   )
--------------------------------------------------------
--  DDL for Table JFORM_LEAVE
--------------------------------------------------------

  CREATE TABLE "JFORM_LEAVE" 
   (	"ID" VARCHAR2(36 CHAR), 
	"TITLE" VARCHAR2(50 CHAR), 
	"PEOPLE" VARCHAR2(20 CHAR), 
	"SEX" VARCHAR2(10 CHAR), 
	"BEGINDATE" DATE, 
	"ENDDATE" DATE, 
	"DAY_NUM" NUMBER(10,0), 
	"HOL_DEPT" VARCHAR2(32 CHAR), 
	"HOL_RESON" VARCHAR2(255 CHAR), 
	"DEP_LEADER" VARCHAR2(20 CHAR), 
	"CONTENT" VARCHAR2(255 CHAR)
   ) 
 

   COMMENT ON COLUMN "JFORM_LEAVE"."TITLE" IS '请假标题'
 
   COMMENT ON COLUMN "JFORM_LEAVE"."PEOPLE" IS '请假人'
 
   COMMENT ON COLUMN "JFORM_LEAVE"."SEX" IS '性别'
 
   COMMENT ON COLUMN "JFORM_LEAVE"."BEGINDATE" IS '请假开始时间'
 
   COMMENT ON COLUMN "JFORM_LEAVE"."ENDDATE" IS '请假结束时间'
 
   COMMENT ON COLUMN "JFORM_LEAVE"."DAY_NUM" IS '请假天数'
 
   COMMENT ON COLUMN "JFORM_LEAVE"."HOL_DEPT" IS '所属部门'
 
   COMMENT ON COLUMN "JFORM_LEAVE"."HOL_RESON" IS '请假原因'
 
   COMMENT ON COLUMN "JFORM_LEAVE"."DEP_LEADER" IS '部门审批人'
 
   COMMENT ON COLUMN "JFORM_LEAVE"."CONTENT" IS '部门审批意见'
--------------------------------------------------------
--  DDL for Table JFORM_ORDER_MAIN
--------------------------------------------------------

  CREATE TABLE "JFORM_ORDER_MAIN" 
   (	"ID" VARCHAR2(36 CHAR), 
	"ORDER_CODE" VARCHAR2(50 CHAR), 
	"ORDER_DATE" DATE, 
	"ORDER_MONEY" FLOAT(126), 
	"CONTENT" VARCHAR2(255 CHAR)
   ) 
 

   COMMENT ON COLUMN "JFORM_ORDER_MAIN"."ORDER_CODE" IS '订单号'
 
   COMMENT ON COLUMN "JFORM_ORDER_MAIN"."ORDER_DATE" IS '订单日期'
 
   COMMENT ON COLUMN "JFORM_ORDER_MAIN"."ORDER_MONEY" IS '订单金额'
 
   COMMENT ON COLUMN "JFORM_ORDER_MAIN"."CONTENT" IS '备注'
--------------------------------------------------------
--  DDL for Table JG_PERSON
--------------------------------------------------------

  CREATE TABLE "JG_PERSON" 
   (	"ID" VARCHAR2(32 CHAR), 
	"AGE" NUMBER(10,0), 
	"BIRTHDAY" DATE, 
	"CREATEDT" DATE, 
	"NAME" VARCHAR2(255 CHAR), 
	"SALARY" FLOAT(126)
   )
--------------------------------------------------------
--  DDL for Table JP_DEMO_ACTIVITY
--------------------------------------------------------

  CREATE TABLE "JP_DEMO_ACTIVITY" 
   (	"ID" VARCHAR2(32 CHAR), 
	"NAME" VARCHAR2(100 CHAR), 
	"BEGIN_TIME" DATE, 
	"END_TIME" DATE, 
	"HDURL" VARCHAR2(300 CHAR)
   ) 
 

   COMMENT ON COLUMN "JP_DEMO_ACTIVITY"."ID" IS 'ID'
 
   COMMENT ON COLUMN "JP_DEMO_ACTIVITY"."NAME" IS '活动名称'
 
   COMMENT ON COLUMN "JP_DEMO_ACTIVITY"."BEGIN_TIME" IS '活动开始时间'
 
   COMMENT ON COLUMN "JP_DEMO_ACTIVITY"."END_TIME" IS ' 活动结束时间'
 
   COMMENT ON COLUMN "JP_DEMO_ACTIVITY"."HDURL" IS '入口地址'
--------------------------------------------------------
--  DDL for Table JP_DEMO_AUTH
--------------------------------------------------------

  CREATE TABLE "JP_DEMO_AUTH" 
   (	"ID" NUMBER(24,0), 
	"AUTH_ID" VARCHAR2(32 CHAR), 
	"AUTH_NAME" VARCHAR2(100 CHAR), 
	"AUTH_TYPE" VARCHAR2(2 CHAR), 
	"AUTH_CONTR" VARCHAR2(256 CHAR), 
	"PARENT_AUTH_ID" VARCHAR2(12 CHAR), 
	"LEAF_IND" VARCHAR2(2 CHAR)
   ) 
 

   COMMENT ON COLUMN "JP_DEMO_AUTH"."ID" IS '序号'
 
   COMMENT ON COLUMN "JP_DEMO_AUTH"."AUTH_ID" IS '权限编码'
 
   COMMENT ON COLUMN "JP_DEMO_AUTH"."AUTH_NAME" IS '权限名称'
 
   COMMENT ON COLUMN "JP_DEMO_AUTH"."AUTH_TYPE" IS '权限类型 0:菜单;1:功能'
 
   COMMENT ON COLUMN "JP_DEMO_AUTH"."AUTH_CONTR" IS '权限控制'
 
   COMMENT ON COLUMN "JP_DEMO_AUTH"."PARENT_AUTH_ID" IS '上一级权限编码'
 
   COMMENT ON COLUMN "JP_DEMO_AUTH"."LEAF_IND" IS '是否叶子节点'
--------------------------------------------------------
--  DDL for Table OPTIMISTIC_LOCKING
--------------------------------------------------------

  CREATE TABLE "OPTIMISTIC_LOCKING" 
   (	"ID" VARCHAR2(32 CHAR), 
	"ACCOUNT" NUMBER(10,0), 
	"AGE" NUMBER(10,0), 
	"NAME" VARCHAR2(85 CHAR), 
	"VER" NUMBER(10,0)
   )
--------------------------------------------------------
--  DDL for Table QYWX_ACCOUNT
--------------------------------------------------------

  CREATE TABLE "QYWX_ACCOUNT" 
   (	"ID" VARCHAR2(50 CHAR), 
	"ACCONT_NAME" VARCHAR2(100 CHAR), 
	"CORPID" VARCHAR2(255 CHAR), 
	"SECRET" VARCHAR2(255 CHAR), 
	"ACCESS_TOKEN" VARCHAR2(512 CHAR), 
	"ACCOUNT_DESC" VARCHAR2(300 CHAR), 
	"CREATE_NAME" VARCHAR2(50 CHAR), 
	"CREATE_BY" VARCHAR2(50 CHAR), 
	"CREATE_DATE" DATE, 
	"UPDATE_NAME" VARCHAR2(50 CHAR), 
	"UPDATE_BY" VARCHAR2(50 CHAR), 
	"UPDATE_DATE" DATE, 
	"CONVERSATION_SECRET" VARCHAR2(255 CHAR)
   ) 
 

   COMMENT ON COLUMN "QYWX_ACCOUNT"."ACCONT_NAME" IS '名称'
 
   COMMENT ON COLUMN "QYWX_ACCOUNT"."CORPID" IS '企业号标识CorpID'
 
   COMMENT ON COLUMN "QYWX_ACCOUNT"."SECRET" IS '管理组凭证密钥Secret'
 
   COMMENT ON COLUMN "QYWX_ACCOUNT"."ACCESS_TOKEN" IS 'AccessToken'
 
   COMMENT ON COLUMN "QYWX_ACCOUNT"."ACCOUNT_DESC" IS '描述'
 
   COMMENT ON COLUMN "QYWX_ACCOUNT"."CREATE_NAME" IS '创建人名称'
 
   COMMENT ON COLUMN "QYWX_ACCOUNT"."CREATE_BY" IS '创建人登录名称'
 
   COMMENT ON COLUMN "QYWX_ACCOUNT"."CREATE_DATE" IS '创建日期'
 
   COMMENT ON COLUMN "QYWX_ACCOUNT"."UPDATE_NAME" IS '更新人名称'
 
   COMMENT ON COLUMN "QYWX_ACCOUNT"."UPDATE_BY" IS '更新人登录名称'
 
   COMMENT ON COLUMN "QYWX_ACCOUNT"."UPDATE_DATE" IS '更新日期'
--------------------------------------------------------
--  DDL for Table QYWX_AGENT
--------------------------------------------------------

  CREATE TABLE "QYWX_AGENT" 
   (	"ID" VARCHAR2(50 CHAR), 
	"ACCOUNT_ID" VARCHAR2(200 CHAR), 
	"WX_AGENTID" VARCHAR2(200 CHAR), 
	"AGENT_NAME" VARCHAR2(200 CHAR), 
	"TOKEN" VARCHAR2(50 CHAR), 
	"ENCODINGAESKEY" VARCHAR2(100 CHAR), 
	"SQUARE_LOGO_URL" VARCHAR2(200 CHAR), 
	"ROUND_LOGO_URL" VARCHAR2(200 CHAR), 
	"LOGO_MEDIAID" VARCHAR2(100 CHAR), 
	"DESCRIPTION" VARCHAR2(200 CHAR), 
	"CLOSE_STATUS" VARCHAR2(200 CHAR), 
	"REDIRECT_DOMAIN" VARCHAR2(200 CHAR), 
	"REPORT_LOCATION_FLAG" VARCHAR2(2 CHAR), 
	"ISREPORTUSER" VARCHAR2(2 CHAR), 
	"ISREPORTENTER" VARCHAR2(2 CHAR), 
	"APP_TYPE" VARCHAR2(2 CHAR), 
	"HOME_URL" VARCHAR2(200 CHAR), 
	"CREATE_NAME" VARCHAR2(50 CHAR), 
	"CREATE_BY" VARCHAR2(50 CHAR), 
	"CREATE_DATE" DATE, 
	"UPDATE_NAME" VARCHAR2(50 CHAR), 
	"UPDATE_BY" VARCHAR2(50 CHAR), 
	"UPDATE_DATE" DATE
   ) 
 

   COMMENT ON COLUMN "QYWX_AGENT"."ID" IS '主键Id'
 
   COMMENT ON COLUMN "QYWX_AGENT"."ACCOUNT_ID" IS '企业号ID'
 
   COMMENT ON COLUMN "QYWX_AGENT"."WX_AGENTID" IS '应用ID(微信)'
 
   COMMENT ON COLUMN "QYWX_AGENT"."AGENT_NAME" IS '应用名称'
 
   COMMENT ON COLUMN "QYWX_AGENT"."TOKEN" IS '回调token'
 
   COMMENT ON COLUMN "QYWX_AGENT"."ENCODINGAESKEY" IS '回调EncodingAESKey'
 
   COMMENT ON COLUMN "QYWX_AGENT"."SQUARE_LOGO_URL" IS '方形头像'
 
   COMMENT ON COLUMN "QYWX_AGENT"."ROUND_LOGO_URL" IS '圆形头像'
 
   COMMENT ON COLUMN "QYWX_AGENT"."LOGO_MEDIAID" IS '头像mediaid'
 
   COMMENT ON COLUMN "QYWX_AGENT"."DESCRIPTION" IS '描述'
 
   COMMENT ON COLUMN "QYWX_AGENT"."CLOSE_STATUS" IS '是否被禁用'
 
   COMMENT ON COLUMN "QYWX_AGENT"."REDIRECT_DOMAIN" IS '可信域名'
 
   COMMENT ON COLUMN "QYWX_AGENT"."REPORT_LOCATION_FLAG" IS '是否打开地理位置上报 0：不上报；1：进入会话上报；2：持续上报'
 
   COMMENT ON COLUMN "QYWX_AGENT"."ISREPORTUSER" IS '是否接收用户变更通知。0：不接收；1：接收'
 
   COMMENT ON COLUMN "QYWX_AGENT"."ISREPORTENTER" IS '是否上报用户进入应用事件。0：不接收；1：接收'
 
   COMMENT ON COLUMN "QYWX_AGENT"."APP_TYPE" IS '应用类型。1：消息型；2：主页型'
 
   COMMENT ON COLUMN "QYWX_AGENT"."HOME_URL" IS '主页型应用url'
 
   COMMENT ON COLUMN "QYWX_AGENT"."CREATE_NAME" IS '创建人名称'
 
   COMMENT ON COLUMN "QYWX_AGENT"."CREATE_BY" IS '创建人登录名称'
 
   COMMENT ON COLUMN "QYWX_AGENT"."CREATE_DATE" IS '创建日期'
 
   COMMENT ON COLUMN "QYWX_AGENT"."UPDATE_NAME" IS '更新人名称'
 
   COMMENT ON COLUMN "QYWX_AGENT"."UPDATE_BY" IS '更新人登录名称'
 
   COMMENT ON COLUMN "QYWX_AGENT"."UPDATE_DATE" IS '更新日期'
--------------------------------------------------------
--  DDL for Table QYWX_AUTORESPONSE
--------------------------------------------------------

  CREATE TABLE "QYWX_AUTORESPONSE" 
   (	"ID" VARCHAR2(100 CHAR), 
	"KEY_WORD" VARCHAR2(200 CHAR), 
	"RES_CONTENT" VARCHAR2(500 CHAR), 
	"MSG_TYPE" VARCHAR2(100 CHAR), 
	"TEMPLATE_NAME" VARCHAR2(100 CHAR), 
	"ACCOUNTID" VARCHAR2(100 CHAR), 
	"CREATE_NAME" VARCHAR2(50 CHAR), 
	"CREATE_BY" VARCHAR2(50 CHAR), 
	"CREATE_DATE" DATE, 
	"UPDATE_NAME" VARCHAR2(50 CHAR), 
	"UPDATE_BY" VARCHAR2(50 CHAR), 
	"UPDATE_DATE" DATE
   ) 
 

   COMMENT ON COLUMN "QYWX_AUTORESPONSE"."KEY_WORD" IS '关键字'
 
   COMMENT ON COLUMN "QYWX_AUTORESPONSE"."RES_CONTENT" IS '回复内容'
 
   COMMENT ON COLUMN "QYWX_AUTORESPONSE"."MSG_TYPE" IS '消息类型'
 
   COMMENT ON COLUMN "QYWX_AUTORESPONSE"."TEMPLATE_NAME" IS '模板名称'
 
   COMMENT ON COLUMN "QYWX_AUTORESPONSE"."ACCOUNTID" IS '微信账号id'
 
   COMMENT ON COLUMN "QYWX_AUTORESPONSE"."CREATE_NAME" IS '创建人名称'
 
   COMMENT ON COLUMN "QYWX_AUTORESPONSE"."CREATE_BY" IS '创建人登录名称'
 
   COMMENT ON COLUMN "QYWX_AUTORESPONSE"."CREATE_DATE" IS '创建日期'
 
   COMMENT ON COLUMN "QYWX_AUTORESPONSE"."UPDATE_NAME" IS '更新人名称'
 
   COMMENT ON COLUMN "QYWX_AUTORESPONSE"."UPDATE_BY" IS '更新人登录名称'
 
   COMMENT ON COLUMN "QYWX_AUTORESPONSE"."UPDATE_DATE" IS '更新日期'
--------------------------------------------------------
--  DDL for Table QYWX_AUTORESPONSE_DEFAULT
--------------------------------------------------------

  CREATE TABLE "QYWX_AUTORESPONSE_DEFAULT" 
   (	"ID" VARCHAR2(50 CHAR), 
	"TEMPLATENAME" VARCHAR2(200 CHAR), 
	"TEMPLATEID" VARCHAR2(50 CHAR), 
	"MSGTYPE" VARCHAR2(40 CHAR), 
	"ACCOUNTID" VARCHAR2(40 CHAR), 
	"ISWORK" VARCHAR2(10 CHAR), 
	"CREATE_NAME" VARCHAR2(50 CHAR), 
	"CREATE_BY" VARCHAR2(50 CHAR), 
	"CREATE_DATE" DATE, 
	"UPDATE_NAME" VARCHAR2(50 CHAR), 
	"UPDATE_BY" VARCHAR2(50 CHAR), 
	"UPDATE_DATE" DATE
   ) 
 

   COMMENT ON COLUMN "QYWX_AUTORESPONSE_DEFAULT"."ID" IS '主键Id'
 
   COMMENT ON COLUMN "QYWX_AUTORESPONSE_DEFAULT"."TEMPLATENAME" IS '模板名称'
 
   COMMENT ON COLUMN "QYWX_AUTORESPONSE_DEFAULT"."TEMPLATEID" IS '模板Id'
 
   COMMENT ON COLUMN "QYWX_AUTORESPONSE_DEFAULT"."MSGTYPE" IS '消息类型'
 
   COMMENT ON COLUMN "QYWX_AUTORESPONSE_DEFAULT"."ACCOUNTID" IS '微信账号Id'
 
   COMMENT ON COLUMN "QYWX_AUTORESPONSE_DEFAULT"."ISWORK" IS '是否启用'
 
   COMMENT ON COLUMN "QYWX_AUTORESPONSE_DEFAULT"."CREATE_NAME" IS '创建人名称'
 
   COMMENT ON COLUMN "QYWX_AUTORESPONSE_DEFAULT"."CREATE_BY" IS '创建人登录名称'
 
   COMMENT ON COLUMN "QYWX_AUTORESPONSE_DEFAULT"."CREATE_DATE" IS '创建日期'
 
   COMMENT ON COLUMN "QYWX_AUTORESPONSE_DEFAULT"."UPDATE_NAME" IS '更新人名称'
 
   COMMENT ON COLUMN "QYWX_AUTORESPONSE_DEFAULT"."UPDATE_BY" IS '更新人登录名称'
 
   COMMENT ON COLUMN "QYWX_AUTORESPONSE_DEFAULT"."UPDATE_DATE" IS '更新日期'
--------------------------------------------------------
--  DDL for Table QYWX_CONVERSATION
--------------------------------------------------------

  CREATE TABLE "QYWX_CONVERSATION" 
   (	"ID" VARCHAR2(50 CHAR), 
	"TITLE" VARCHAR2(200 CHAR), 
	"USERNAMELIST" VARCHAR2(2000 CHAR), 
	"USERIDLIST" VARCHAR2(2000 CHAR), 
	"STATUS" NUMBER(10,0), 
	"MANAGERID" VARCHAR2(50 CHAR), 
	"CHATID" VARCHAR2(100 CHAR), 
	"MANAGERNAME" VARCHAR2(50 CHAR)
   )
--------------------------------------------------------
--  DDL for Table QYWX_GROUP
--------------------------------------------------------

  CREATE TABLE "QYWX_GROUP" 
   (	"ID" VARCHAR2(100 CHAR), 
	"NAME" VARCHAR2(200 CHAR), 
	"PARENTID" VARCHAR2(100 CHAR), 
	"ACCOUNTID" VARCHAR2(100 CHAR), 
	"ORDERS" VARCHAR2(11 CHAR), 
	"CREATE_NAME" VARCHAR2(50 CHAR), 
	"CREATE_BY" VARCHAR2(50 CHAR), 
	"CREATE_DATE" DATE, 
	"UPDATE_NAME" VARCHAR2(50 CHAR), 
	"UPDATE_BY" VARCHAR2(50 CHAR), 
	"UPDATE_DATE" DATE
   ) 
 

   COMMENT ON COLUMN "QYWX_GROUP"."ID" IS '部门Id'
 
   COMMENT ON COLUMN "QYWX_GROUP"."NAME" IS '部门名称'
 
   COMMENT ON COLUMN "QYWX_GROUP"."PARENTID" IS '上级部门Id'
 
   COMMENT ON COLUMN "QYWX_GROUP"."ACCOUNTID" IS '微信账号ID'
 
   COMMENT ON COLUMN "QYWX_GROUP"."CREATE_NAME" IS '创建人名称'
 
   COMMENT ON COLUMN "QYWX_GROUP"."CREATE_BY" IS '创建人登录名称'
 
   COMMENT ON COLUMN "QYWX_GROUP"."CREATE_DATE" IS '创建日期'
 
   COMMENT ON COLUMN "QYWX_GROUP"."UPDATE_NAME" IS '更新人名称'
 
   COMMENT ON COLUMN "QYWX_GROUP"."UPDATE_BY" IS '更新人登录名称'
 
   COMMENT ON COLUMN "QYWX_GROUP"."UPDATE_DATE" IS '更新日期'
--------------------------------------------------------
--  DDL for Table QYWX_GZENTITY
--------------------------------------------------------

  CREATE TABLE "QYWX_GZENTITY" 
   (	"ID" VARCHAR2(100 CHAR), 
	"TEMPLATE_NAME" VARCHAR2(100 CHAR), 
	"TEMPLATE_ID" VARCHAR2(100 CHAR), 
	"TEMPLATE_TYPE" VARCHAR2(100 CHAR), 
	"IS_WORK" VARCHAR2(100 CHAR), 
	"ACCOUNTID" VARCHAR2(100 CHAR), 
	"CREATE_NAME" VARCHAR2(50 CHAR), 
	"CREATE_BY" VARCHAR2(50 CHAR), 
	"CREATE_DATE" DATE, 
	"UPDATE_NAME" VARCHAR2(50 CHAR), 
	"UPDATE_BY" VARCHAR2(50 CHAR), 
	"UPDATE_DATE" DATE
   ) 
 

   COMMENT ON COLUMN "QYWX_GZENTITY"."TEMPLATE_NAME" IS '模板名称'
 
   COMMENT ON COLUMN "QYWX_GZENTITY"."TEMPLATE_ID" IS '模板id'
 
   COMMENT ON COLUMN "QYWX_GZENTITY"."TEMPLATE_TYPE" IS '类型 文本_text,图文_news'
 
   COMMENT ON COLUMN "QYWX_GZENTITY"."IS_WORK" IS '是否启用 未启用_0,启用_1'
 
   COMMENT ON COLUMN "QYWX_GZENTITY"."ACCOUNTID" IS '微信账号id'
 
   COMMENT ON COLUMN "QYWX_GZENTITY"."CREATE_NAME" IS '创建人名称'
 
   COMMENT ON COLUMN "QYWX_GZENTITY"."CREATE_BY" IS '创建人登录名称'
 
   COMMENT ON COLUMN "QYWX_GZENTITY"."CREATE_DATE" IS '创建日期'
 
   COMMENT ON COLUMN "QYWX_GZENTITY"."UPDATE_NAME" IS '更新人名称'
 
   COMMENT ON COLUMN "QYWX_GZENTITY"."UPDATE_BY" IS '更新人登录名称'
 
   COMMENT ON COLUMN "QYWX_GZENTITY"."UPDATE_DATE" IS '更新日期'
--------------------------------------------------------
--  DDL for Table QYWX_GZUSERINFO
--------------------------------------------------------

  CREATE TABLE "QYWX_GZUSERINFO" 
   (	"ID" VARCHAR2(100 CHAR), 
	"USERID" VARCHAR2(100 CHAR), 
	"NAME" VARCHAR2(100 CHAR), 
	"DEPARTMENT" VARCHAR2(200 CHAR), 
	"POSITION" VARCHAR2(100 CHAR), 
	"MOBILE" VARCHAR2(100 CHAR), 
	"PROVINCE" VARCHAR2(100 CHAR), 
	"GENDER" VARCHAR2(100 CHAR), 
	"EMAIL" VARCHAR2(400 CHAR), 
	"WEIXINID" VARCHAR2(100 CHAR), 
	"AVATAR" VARCHAR2(100 CHAR), 
	"SUBSCRIBE_STATUS" VARCHAR2(100 CHAR), 
	"SUBSCRIBE_TIME" DATE, 
	"ACCOUNTID" VARCHAR2(100 CHAR), 
	"CREATE_NAME" VARCHAR2(50 CHAR), 
	"CREATE_BY" VARCHAR2(50 CHAR), 
	"CREATE_DATE" DATE, 
	"UPDATE_NAME" VARCHAR2(50 CHAR), 
	"UPDATE_BY" VARCHAR2(50 CHAR), 
	"UPDATE_DATE" DATE
   ) 
 

   COMMENT ON COLUMN "QYWX_GZUSERINFO"."ID" IS '主键'
 
   COMMENT ON COLUMN "QYWX_GZUSERINFO"."USERID" IS '账号'
 
   COMMENT ON COLUMN "QYWX_GZUSERINFO"."NAME" IS '姓名'
 
   COMMENT ON COLUMN "QYWX_GZUSERINFO"."DEPARTMENT" IS '部门'
 
   COMMENT ON COLUMN "QYWX_GZUSERINFO"."POSITION" IS '职位'
 
   COMMENT ON COLUMN "QYWX_GZUSERINFO"."MOBILE" IS '电话'
 
   COMMENT ON COLUMN "QYWX_GZUSERINFO"."PROVINCE" IS '省份'
 
   COMMENT ON COLUMN "QYWX_GZUSERINFO"."GENDER" IS '性别gender=1表示男，=0表示女'
 
   COMMENT ON COLUMN "QYWX_GZUSERINFO"."EMAIL" IS '邮箱'
 
   COMMENT ON COLUMN "QYWX_GZUSERINFO"."WEIXINID" IS '微信号'
 
   COMMENT ON COLUMN "QYWX_GZUSERINFO"."AVATAR" IS '头像url'
 
   COMMENT ON COLUMN "QYWX_GZUSERINFO"."SUBSCRIBE_STATUS" IS '关注状态: 1=已关注，2=已冻结，4=未关注'
 
   COMMENT ON COLUMN "QYWX_GZUSERINFO"."SUBSCRIBE_TIME" IS '关注时间'
 
   COMMENT ON COLUMN "QYWX_GZUSERINFO"."ACCOUNTID" IS '微信账号ID'
 
   COMMENT ON COLUMN "QYWX_GZUSERINFO"."CREATE_NAME" IS '创建人名称'
 
   COMMENT ON COLUMN "QYWX_GZUSERINFO"."CREATE_BY" IS '创建人登录名称'
 
   COMMENT ON COLUMN "QYWX_GZUSERINFO"."CREATE_DATE" IS '创建日期'
 
   COMMENT ON COLUMN "QYWX_GZUSERINFO"."UPDATE_NAME" IS '更新人名称'
 
   COMMENT ON COLUMN "QYWX_GZUSERINFO"."UPDATE_BY" IS '更新人登录名称'
 
   COMMENT ON COLUMN "QYWX_GZUSERINFO"."UPDATE_DATE" IS '更新日期'
--------------------------------------------------------
--  DDL for Table QYWX_LOCATION
--------------------------------------------------------

  CREATE TABLE "QYWX_LOCATION" 
   (	"ID" VARCHAR2(32 CHAR), 
	"CORPID" VARCHAR2(64 CHAR), 
	"USERID" VARCHAR2(64 CHAR), 
	"CREATETIME" DATE, 
	"LATITUDE" VARCHAR2(64 CHAR), 
	"LONGITUDE" VARCHAR2(64 CHAR), 
	"PRECISION" VARCHAR2(64 CHAR), 
	"AGENTID" NUMBER(10,0), 
	"LOCATION_PRECISION" VARCHAR2(100 CHAR)
   ) 
 

   COMMENT ON COLUMN "QYWX_LOCATION"."ID" IS 'id'
 
   COMMENT ON COLUMN "QYWX_LOCATION"."CORPID" IS '企业号corpId'
 
   COMMENT ON COLUMN "QYWX_LOCATION"."USERID" IS ' 	成员UserID '
 
   COMMENT ON COLUMN "QYWX_LOCATION"."CREATETIME" IS '创建时间'
 
   COMMENT ON COLUMN "QYWX_LOCATION"."LATITUDE" IS '地理位置纬度'
 
   COMMENT ON COLUMN "QYWX_LOCATION"."LONGITUDE" IS '地理位置径度'
 
   COMMENT ON COLUMN "QYWX_LOCATION"."PRECISION" IS '地理位置精度'
 
   COMMENT ON COLUMN "QYWX_LOCATION"."AGENTID" IS '企业应用id'
--------------------------------------------------------
--  DDL for Table QYWX_MENU
--------------------------------------------------------

  CREATE TABLE "QYWX_MENU" 
   (	"ID" VARCHAR2(32 CHAR), 
	"AGENT_ID" VARCHAR2(255 CHAR), 
	"MENU_NAME" VARCHAR2(255 CHAR), 
	"MENU_TYPE" VARCHAR2(255 CHAR), 
	"MENU_KEY" VARCHAR2(255 CHAR), 
	"ORDERS" VARCHAR2(10 CHAR), 
	"MSG_TYPE" VARCHAR2(255 CHAR), 
	"TEMPLATE_ID" VARCHAR2(255 CHAR), 
	"URL" VARCHAR2(1000 CHAR), 
	"FATHER_ID" VARCHAR2(32 CHAR), 
	"CREATE_NAME" VARCHAR2(50 CHAR), 
	"CREATE_BY" VARCHAR2(50 CHAR), 
	"CREATE_DATE" DATE, 
	"UPDATE_NAME" VARCHAR2(50 CHAR), 
	"UPDATE_BY" VARCHAR2(50 CHAR), 
	"UPDATE_DATE" DATE
   ) 
 

   COMMENT ON COLUMN "QYWX_MENU"."AGENT_ID" IS '应用主键ID'
 
   COMMENT ON COLUMN "QYWX_MENU"."MENU_NAME" IS '菜单标题'
 
   COMMENT ON COLUMN "QYWX_MENU"."MENU_TYPE" IS '菜单类型'
 
   COMMENT ON COLUMN "QYWX_MENU"."MENU_KEY" IS '菜单KEY'
 
   COMMENT ON COLUMN "QYWX_MENU"."ORDERS" IS '菜单位置'
 
   COMMENT ON COLUMN "QYWX_MENU"."MSG_TYPE" IS '响应消息类型'
 
   COMMENT ON COLUMN "QYWX_MENU"."TEMPLATE_ID" IS '关联素材ID'
 
   COMMENT ON COLUMN "QYWX_MENU"."URL" IS '网页链接'
 
   COMMENT ON COLUMN "QYWX_MENU"."FATHER_ID" IS '父ID'
 
   COMMENT ON COLUMN "QYWX_MENU"."CREATE_NAME" IS '创建人名称'
 
   COMMENT ON COLUMN "QYWX_MENU"."CREATE_BY" IS '创建人登录名称'
 
   COMMENT ON COLUMN "QYWX_MENU"."CREATE_DATE" IS '创建日期'
 
   COMMENT ON COLUMN "QYWX_MENU"."UPDATE_NAME" IS '更新人名称'
 
   COMMENT ON COLUMN "QYWX_MENU"."UPDATE_BY" IS '更新人登录名称'
 
   COMMENT ON COLUMN "QYWX_MENU"."UPDATE_DATE" IS '更新日期'
--------------------------------------------------------
--  DDL for Table QYWX_MESSAGELOG
--------------------------------------------------------

  CREATE TABLE "QYWX_MESSAGELOG" 
   (	"ID" VARCHAR2(32 CHAR), 
	"WX_AGENT_ID" NUMBER(10,0), 
	"TOPARTYS_ID" VARCHAR2(64 CHAR), 
	"MESSAGE_TYPE" VARCHAR2(32 CHAR), 
	"MESSAGE_CONTENT" CLOB, 
	"CONTENT_ID" VARCHAR2(64 CHAR), 
	"RECEIVE_MESSAGE" VARCHAR2(300 CHAR), 
	"CREATE_DATE" DATE
   ) 
 

   COMMENT ON COLUMN "QYWX_MESSAGELOG"."WX_AGENT_ID" IS '应用id'
 
   COMMENT ON COLUMN "QYWX_MESSAGELOG"."TOPARTYS_ID" IS '部门id'
 
   COMMENT ON COLUMN "QYWX_MESSAGELOG"."MESSAGE_TYPE" IS '消息类型'
 
   COMMENT ON COLUMN "QYWX_MESSAGELOG"."MESSAGE_CONTENT" IS '文本内容'
 
   COMMENT ON COLUMN "QYWX_MESSAGELOG"."CONTENT_ID" IS '内容id'
 
   COMMENT ON COLUMN "QYWX_MESSAGELOG"."RECEIVE_MESSAGE" IS '消息状态'
--------------------------------------------------------
--  DDL for Table QYWX_NEWSITEM
--------------------------------------------------------

  CREATE TABLE "QYWX_NEWSITEM" 
   (	"ID" VARCHAR2(100 CHAR), 
	"TITLE" VARCHAR2(300 CHAR), 
	"AUTHOR" VARCHAR2(100 CHAR), 
	"IMAGE_PATH" VARCHAR2(100 CHAR), 
	"CONTENT" CLOB, 
	"TEMPLATEID" VARCHAR2(100 CHAR), 
	"DESCRIPTION" VARCHAR2(400 CHAR), 
	"ORDER_NO" VARCHAR2(100 CHAR), 
	"URL" VARCHAR2(100 CHAR), 
	"HDID" VARCHAR2(100 CHAR), 
	"CREATE_NAME" VARCHAR2(50 CHAR), 
	"CREATE_BY" VARCHAR2(50 CHAR), 
	"CREATE_DATE" DATE, 
	"UPDATE_NAME" VARCHAR2(50 CHAR), 
	"UPDATE_BY" VARCHAR2(50 CHAR), 
	"UPDATE_DATE" DATE
   ) 
 

   COMMENT ON COLUMN "QYWX_NEWSITEM"."TITLE" IS '标题'
 
   COMMENT ON COLUMN "QYWX_NEWSITEM"."AUTHOR" IS '作者'
 
   COMMENT ON COLUMN "QYWX_NEWSITEM"."IMAGE_PATH" IS '图片路径'
 
   COMMENT ON COLUMN "QYWX_NEWSITEM"."CONTENT" IS '内容'
 
   COMMENT ON COLUMN "QYWX_NEWSITEM"."TEMPLATEID" IS '图文模板id'
 
   COMMENT ON COLUMN "QYWX_NEWSITEM"."DESCRIPTION" IS '摘要'
 
   COMMENT ON COLUMN "QYWX_NEWSITEM"."ORDER_NO" IS '新闻顺序'
 
   COMMENT ON COLUMN "QYWX_NEWSITEM"."URL" IS '消息内容的url'
 
   COMMENT ON COLUMN "QYWX_NEWSITEM"."HDID" IS '活动id'
 
   COMMENT ON COLUMN "QYWX_NEWSITEM"."CREATE_NAME" IS '创建人名称'
 
   COMMENT ON COLUMN "QYWX_NEWSITEM"."CREATE_BY" IS '创建人登录名称'
 
   COMMENT ON COLUMN "QYWX_NEWSITEM"."CREATE_DATE" IS '创建日期'
 
   COMMENT ON COLUMN "QYWX_NEWSITEM"."UPDATE_NAME" IS '更新人名称'
 
   COMMENT ON COLUMN "QYWX_NEWSITEM"."UPDATE_BY" IS '更新人登录名称'
 
   COMMENT ON COLUMN "QYWX_NEWSITEM"."UPDATE_DATE" IS '更新日期'
--------------------------------------------------------
--  DDL for Table QYWX_NEWSTEMPLATE
--------------------------------------------------------

  CREATE TABLE "QYWX_NEWSTEMPLATE" 
   (	"ID" VARCHAR2(100 CHAR), 
	"TEMPLATE_NAME" VARCHAR2(200 CHAR), 
	"TEMPLATE_TYPE" VARCHAR2(100 CHAR), 
	"ACCOUNTID" VARCHAR2(100 CHAR), 
	"CREATE_NAME" VARCHAR2(50 CHAR), 
	"CREATE_BY" VARCHAR2(50 CHAR), 
	"CREATE_DATE" DATE, 
	"UPDATE_NAME" VARCHAR2(50 CHAR), 
	"UPDATE_BY" VARCHAR2(50 CHAR), 
	"UPDATE_DATE" DATE
   ) 
 

   COMMENT ON COLUMN "QYWX_NEWSTEMPLATE"."TEMPLATE_NAME" IS '模板名称'
 
   COMMENT ON COLUMN "QYWX_NEWSTEMPLATE"."TEMPLATE_TYPE" IS '模板类型'
 
   COMMENT ON COLUMN "QYWX_NEWSTEMPLATE"."ACCOUNTID" IS '微信企业号账号id'
 
   COMMENT ON COLUMN "QYWX_NEWSTEMPLATE"."CREATE_NAME" IS '创建人名称'
 
   COMMENT ON COLUMN "QYWX_NEWSTEMPLATE"."CREATE_BY" IS '创建人登录名称'
 
   COMMENT ON COLUMN "QYWX_NEWSTEMPLATE"."CREATE_DATE" IS '创建日期'
 
   COMMENT ON COLUMN "QYWX_NEWSTEMPLATE"."UPDATE_NAME" IS '更新人名称'
 
   COMMENT ON COLUMN "QYWX_NEWSTEMPLATE"."UPDATE_BY" IS '更新人登录名称'
 
   COMMENT ON COLUMN "QYWX_NEWSTEMPLATE"."UPDATE_DATE" IS '更新日期'
--------------------------------------------------------
--  DDL for Table QYWX_RECEIVETEXT
--------------------------------------------------------

  CREATE TABLE "QYWX_RECEIVETEXT" 
   (	"ID" VARCHAR2(100 CHAR), 
	"TOUSERNAME" VARCHAR2(100 CHAR), 
	"FROMUSERNAME" VARCHAR2(100 CHAR), 
	"CREATETIME" DATE DEFAULT SYSDATE, 
	"MSGTYPE" VARCHAR2(100 CHAR), 
	"MSGID" VARCHAR2(100 CHAR), 
	"CONTENT" VARCHAR2(400 CHAR), 
	"RESPONSE" VARCHAR2(10 CHAR), 
	"RESCONTENT" VARCHAR2(400 CHAR), 
	"NICKNAME" VARCHAR2(100 CHAR), 
	"ACCOUNTID" VARCHAR2(40 CHAR), 
	"AGENT_ID" VARCHAR2(200 CHAR), 
	"CREATE_NAME" VARCHAR2(50 CHAR), 
	"CREATE_BY" VARCHAR2(50 CHAR), 
	"CREATE_DATE" DATE, 
	"UPDATE_NAME" VARCHAR2(50 CHAR), 
	"UPDATE_BY" VARCHAR2(50 CHAR), 
	"UPDATE_DATE" DATE
   ) 
 

   COMMENT ON COLUMN "QYWX_RECEIVETEXT"."TOUSERNAME" IS '开发者微信号'
 
   COMMENT ON COLUMN "QYWX_RECEIVETEXT"."FROMUSERNAME" IS '发送方帐号（一个OpenID）'
 
   COMMENT ON COLUMN "QYWX_RECEIVETEXT"."CREATETIME" IS '消息创建时间 （整型）'
 
   COMMENT ON COLUMN "QYWX_RECEIVETEXT"."MSGTYPE" IS '消息类型（text/image/location/link）'
 
   COMMENT ON COLUMN "QYWX_RECEIVETEXT"."MSGID" IS '消息id，64位整型'
 
   COMMENT ON COLUMN "QYWX_RECEIVETEXT"."CONTENT" IS '消息内容'
 
   COMMENT ON COLUMN "QYWX_RECEIVETEXT"."RESPONSE" IS '是否回复'
 
   COMMENT ON COLUMN "QYWX_RECEIVETEXT"."RESCONTENT" IS '回复内容'
 
   COMMENT ON COLUMN "QYWX_RECEIVETEXT"."NICKNAME" IS '用户昵称'
 
   COMMENT ON COLUMN "QYWX_RECEIVETEXT"."ACCOUNTID" IS '微信账号Id'
 
   COMMENT ON COLUMN "QYWX_RECEIVETEXT"."AGENT_ID" IS '应用ID(微信)'
 
   COMMENT ON COLUMN "QYWX_RECEIVETEXT"."CREATE_NAME" IS '创建人名称'
 
   COMMENT ON COLUMN "QYWX_RECEIVETEXT"."CREATE_BY" IS '创建人登录名称'
 
   COMMENT ON COLUMN "QYWX_RECEIVETEXT"."CREATE_DATE" IS '创建日期'
 
   COMMENT ON COLUMN "QYWX_RECEIVETEXT"."UPDATE_NAME" IS '更新人名称'
 
   COMMENT ON COLUMN "QYWX_RECEIVETEXT"."UPDATE_BY" IS '更新人登录名称'
 
   COMMENT ON COLUMN "QYWX_RECEIVETEXT"."UPDATE_DATE" IS '更新日期'
--------------------------------------------------------
--  DDL for Table QYWX_TEXTTEMPLATE
--------------------------------------------------------

  CREATE TABLE "QYWX_TEXTTEMPLATE" 
   (	"ID" VARCHAR2(100 CHAR), 
	"TEMPLATE_NAME" VARCHAR2(200 CHAR), 
	"TEMPLATE_CONTENT" VARCHAR2(500 CHAR), 
	"ACCOUNTID" VARCHAR2(100 CHAR), 
	"CREATE_NAME" VARCHAR2(50 CHAR), 
	"CREATE_BY" VARCHAR2(50 CHAR), 
	"CREATE_DATE" DATE, 
	"UPDATE_NAME" VARCHAR2(50 CHAR), 
	"UPDATE_BY" VARCHAR2(50 CHAR), 
	"UPDATE_DATE" DATE
   ) 
 

   COMMENT ON COLUMN "QYWX_TEXTTEMPLATE"."TEMPLATE_NAME" IS '模板名称'
 
   COMMENT ON COLUMN "QYWX_TEXTTEMPLATE"."TEMPLATE_CONTENT" IS '模板内容'
 
   COMMENT ON COLUMN "QYWX_TEXTTEMPLATE"."ACCOUNTID" IS '微信企业账户id'
 
   COMMENT ON COLUMN "QYWX_TEXTTEMPLATE"."CREATE_NAME" IS '创建人名称'
 
   COMMENT ON COLUMN "QYWX_TEXTTEMPLATE"."CREATE_BY" IS '创建人登录名称'
 
   COMMENT ON COLUMN "QYWX_TEXTTEMPLATE"."CREATE_DATE" IS '创建日期'
 
   COMMENT ON COLUMN "QYWX_TEXTTEMPLATE"."UPDATE_NAME" IS '更新人名称'
 
   COMMENT ON COLUMN "QYWX_TEXTTEMPLATE"."UPDATE_BY" IS '更新人登录名称'
 
   COMMENT ON COLUMN "QYWX_TEXTTEMPLATE"."UPDATE_DATE" IS '更新日期'
--------------------------------------------------------
--  DDL for Table T_FINANCE
--------------------------------------------------------

  CREATE TABLE "T_FINANCE" 
   (	"ID" VARCHAR2(32 CHAR), 
	"APPROFILETYPE" VARCHAR2(255 CHAR), 
	"BUYMONEY" FLOAT(126), 
	"BUYPROJECTNO" VARCHAR2(255 CHAR), 
	"BUYPROJECTORG" VARCHAR2(255 CHAR), 
	"BUYUSE" VARCHAR2(255 CHAR), 
	"BUYYEAR" VARCHAR2(255 CHAR), 
	"CATEGORY" VARCHAR2(255 CHAR), 
	"COLLECTORG" VARCHAR2(255 CHAR), 
	"EXPENSEACCOUNT" VARCHAR2(255 CHAR), 
	"HAPPENYEAR" NUMBER(10,0), 
	"MONEYAREA" VARCHAR2(255 CHAR), 
	"MONEYSOURCE" VARCHAR2(255 CHAR), 
	"MONEYTOTAL" FLOAT(126), 
	"MONEYUSE" VARCHAR2(255 CHAR), 
	"PAYTIME" DATE, 
	"ZBWNO" VARCHAR2(255 CHAR)
   )
--------------------------------------------------------
--  DDL for Table T_FINANCE_FILES
--------------------------------------------------------

  CREATE TABLE "T_FINANCE_FILES" 
   (	"ID" VARCHAR2(32 CHAR), 
	"FINANCEID" VARCHAR2(32 CHAR)
   )
--------------------------------------------------------
--  DDL for Table T_S_ATTACHMENT
--------------------------------------------------------

  CREATE TABLE "T_S_ATTACHMENT" 
   (	"ID" VARCHAR2(32 CHAR), 
	"ATTACHMENTCONTENT" BLOB, 
	"ATTACHMENTTITLE" VARCHAR2(100 CHAR), 
	"BUSINESSKEY" VARCHAR2(32 CHAR), 
	"CREATEDATE" DATE, 
	"EXTEND" VARCHAR2(32 CHAR), 
	"NOTE" CLOB, 
	"REALPATH" VARCHAR2(100 CHAR), 
	"SUBCLASSNAME" CLOB, 
	"SWFPATH" CLOB, 
	"BUSENTITYNAME" VARCHAR2(100 CHAR), 
	"INFOTYPEID" VARCHAR2(32 CHAR), 
	"USERID" VARCHAR2(32 CHAR)
   )
--------------------------------------------------------
--  DDL for Table T_S_BASE_USER
--------------------------------------------------------

  CREATE TABLE "T_S_BASE_USER" 
   (	"ID" VARCHAR2(32 CHAR), 
	"ACTIVITISYNC" NUMBER(5,0), 
	"BROWSER" VARCHAR2(20 CHAR), 
	"PASSWORD" VARCHAR2(100 CHAR), 
	"REALNAME" VARCHAR2(50 CHAR), 
	"SIGNATURE" BLOB, 
	"STATUS" NUMBER(5,0), 
	"USERKEY" VARCHAR2(200 CHAR), 
	"USERNAME" VARCHAR2(10 CHAR), 
	"DEPARTID" VARCHAR2(32 CHAR)
   )
--------------------------------------------------------
--  DDL for Table T_S_CONFIG
--------------------------------------------------------

  CREATE TABLE "T_S_CONFIG" 
   (	"ID" VARCHAR2(32 CHAR), 
	"CODE" VARCHAR2(100 CHAR), 
	"CONTENT" CLOB, 
	"NAME" VARCHAR2(100 CHAR), 
	"NOTE" CLOB, 
	"USERID" VARCHAR2(32 CHAR)
   )
--------------------------------------------------------
--  DDL for Table T_S_DEMO
--------------------------------------------------------

  CREATE TABLE "T_S_DEMO" 
   (	"ID" VARCHAR2(32 CHAR), 
	"DEMOCODE" CLOB, 
	"DEMOORDER" NUMBER(5,0), 
	"DEMOTITLE" VARCHAR2(200 CHAR), 
	"DEMOURL" VARCHAR2(200 CHAR), 
	"DEMOPID" VARCHAR2(32 CHAR)
   )
--------------------------------------------------------
--  DDL for Table T_S_DEPART
--------------------------------------------------------

  CREATE TABLE "T_S_DEPART" 
   (	"ID" VARCHAR2(32 CHAR), 
	"DEPARTNAME" VARCHAR2(100 CHAR), 
	"DESCRIPTION" CLOB, 
	"PARENTDEPARTID" VARCHAR2(32 CHAR)
   )
--------------------------------------------------------
--  DDL for Table T_S_DOCUMENT
--------------------------------------------------------

  CREATE TABLE "T_S_DOCUMENT" 
   (	"DOCUMENTSTATE" NUMBER(5,0), 
	"DOCUMENTTITLE" VARCHAR2(100 CHAR), 
	"PICTUREINDEX" BLOB, 
	"SHOWHOME" NUMBER(5,0), 
	"ID" VARCHAR2(32 CHAR), 
	"TYPEID" VARCHAR2(32 CHAR)
   )
--------------------------------------------------------
--  DDL for Table T_S_FILENO
--------------------------------------------------------

  CREATE TABLE "T_S_FILENO" 
   (	"ID" VARCHAR2(32 CHAR), 
	"FILENOBEFORE" VARCHAR2(32 CHAR), 
	"FILENONUM" NUMBER(10,0), 
	"FILENOTYPE" VARCHAR2(32 CHAR), 
	"FILENOYEAR" DATE
   )
--------------------------------------------------------
--  DDL for Table T_S_FUNCTION
--------------------------------------------------------

  CREATE TABLE "T_S_FUNCTION" 
   (	"ID" VARCHAR2(32 CHAR), 
	"FUNCTIONIFRAME" NUMBER(5,0), 
	"FUNCTIONLEVEL" NUMBER(5,0), 
	"FUNCTIONNAME" VARCHAR2(50 CHAR), 
	"FUNCTIONORDER" VARCHAR2(255 CHAR), 
	"FUNCTIONURL" VARCHAR2(100 CHAR), 
	"PARENTFUNCTIONID" VARCHAR2(32 CHAR), 
	"ICONID" VARCHAR2(32 CHAR), 
	"DESK_ICONID" VARCHAR2(32 CHAR)
   )
--------------------------------------------------------
--  DDL for Table T_S_ICON
--------------------------------------------------------

  CREATE TABLE "T_S_ICON" 
   (	"ID" VARCHAR2(32 CHAR), 
	"EXTEND" VARCHAR2(255 CHAR), 
	"ICONCLAS" VARCHAR2(200 CHAR), 
	"CONTENT" BLOB, 
	"NAME" VARCHAR2(100 CHAR), 
	"PATH" CLOB, 
	"TYPE" NUMBER(5,0)
   )
--------------------------------------------------------
--  DDL for Table T_S_LOG
--------------------------------------------------------

  CREATE TABLE "T_S_LOG" 
   (	"ID" VARCHAR2(32 CHAR), 
	"BROSWER" VARCHAR2(100 CHAR), 
	"LOGCONTENT" CLOB, 
	"LOGLEVEL" NUMBER(5,0), 
	"NOTE" CLOB, 
	"OPERATETIME" DATE, 
	"OPERATETYPE" NUMBER(5,0), 
	"USERID" VARCHAR2(32 CHAR)
   )
--------------------------------------------------------
--  DDL for Table T_S_OPERATION
--------------------------------------------------------

  CREATE TABLE "T_S_OPERATION" 
   (	"ID" VARCHAR2(32 CHAR), 
	"OPERATIONCODE" VARCHAR2(50 CHAR), 
	"OPERATIONICON" VARCHAR2(100 CHAR), 
	"OPERATIONNAME" VARCHAR2(50 CHAR), 
	"STATUS" NUMBER(5,0), 
	"FUNCTIONID" VARCHAR2(32 CHAR), 
	"ICONID" VARCHAR2(32 CHAR)
   )
--------------------------------------------------------
--  DDL for Table T_S_OPINTEMPLATE
--------------------------------------------------------

  CREATE TABLE "T_S_OPINTEMPLATE" 
   (	"ID" VARCHAR2(32 CHAR), 
	"DESCRIPT" VARCHAR2(100 CHAR)
   )
--------------------------------------------------------
--  DDL for Table T_S_ROLE
--------------------------------------------------------

  CREATE TABLE "T_S_ROLE" 
   (	"ID" VARCHAR2(32 CHAR), 
	"ROLECODE" VARCHAR2(10 CHAR), 
	"ROLENAME" VARCHAR2(100 CHAR)
   )
--------------------------------------------------------
--  DDL for Table T_S_ROLE_FUNCTION
--------------------------------------------------------

  CREATE TABLE "T_S_ROLE_FUNCTION" 
   (	"ID" VARCHAR2(32 CHAR), 
	"OPERATION" VARCHAR2(100 CHAR), 
	"FUNCTIONID" VARCHAR2(32 CHAR), 
	"ROLEID" VARCHAR2(32 CHAR)
   )
--------------------------------------------------------
--  DDL for Table T_S_ROLE_USER
--------------------------------------------------------

  CREATE TABLE "T_S_ROLE_USER" 
   (	"ID" VARCHAR2(32 CHAR), 
	"ROLEID" VARCHAR2(32 CHAR), 
	"USERID" VARCHAR2(32 CHAR)
   )
--------------------------------------------------------
--  DDL for Table T_S_STUDENT
--------------------------------------------------------

  CREATE TABLE "T_S_STUDENT" 
   (	"ID" VARCHAR2(32 CHAR), 
	"CLASSNAME" VARCHAR2(255 CHAR), 
	"NAME" VARCHAR2(255 CHAR), 
	"SEX" VARCHAR2(255 CHAR)
   )
--------------------------------------------------------
--  DDL for Table T_S_TERRITORY
--------------------------------------------------------

  CREATE TABLE "T_S_TERRITORY" 
   (	"ID" VARCHAR2(32 CHAR), 
	"TERRITORYCODE" VARCHAR2(10 CHAR), 
	"TERRITORYLEVEL" NUMBER(5,0), 
	"TERRITORYNAME" VARCHAR2(50 CHAR), 
	"TERRITORY_PINYIN" VARCHAR2(40 CHAR), 
	"TERRITORYSORT" VARCHAR2(3 CHAR), 
	"X_WGS84" FLOAT(126), 
	"Y_WGS84" FLOAT(126), 
	"TERRITORYPARENTID" VARCHAR2(32 CHAR)
   )
--------------------------------------------------------
--  DDL for Table T_S_TIMETASK
--------------------------------------------------------

  CREATE TABLE "T_S_TIMETASK" 
   (	"ID" VARCHAR2(32 CHAR), 
	"CREATE_BY" VARCHAR2(32 CHAR), 
	"CREATE_DATE" DATE, 
	"CREATE_NAME" VARCHAR2(32 CHAR), 
	"CRON_EXPRESSION" VARCHAR2(100 CHAR), 
	"IS_EFFECT" VARCHAR2(1 CHAR), 
	"IS_START" VARCHAR2(1 CHAR), 
	"TASK_DESCRIBE" VARCHAR2(50 CHAR), 
	"TASK_ID" VARCHAR2(100 CHAR), 
	"UPDATE_BY" VARCHAR2(32 CHAR), 
	"UPDATE_DATE" DATE, 
	"UPDATE_NAME" VARCHAR2(32 CHAR)
   )
--------------------------------------------------------
--  DDL for Table T_S_TYPE
--------------------------------------------------------

  CREATE TABLE "T_S_TYPE" 
   (	"ID" VARCHAR2(32 CHAR), 
	"TYPECODE" VARCHAR2(50 CHAR), 
	"TYPENAME" VARCHAR2(50 CHAR), 
	"TYPEPID" VARCHAR2(32 CHAR), 
	"TYPEGROUPID" VARCHAR2(32 CHAR)
   )
--------------------------------------------------------
--  DDL for Table T_S_TYPEGROUP
--------------------------------------------------------

  CREATE TABLE "T_S_TYPEGROUP" 
   (	"ID" VARCHAR2(32 CHAR), 
	"TYPEGROUPCODE" VARCHAR2(50 CHAR), 
	"TYPEGROUPNAME" VARCHAR2(50 CHAR)
   )
--------------------------------------------------------
--  DDL for Table T_S_USER
--------------------------------------------------------

  CREATE TABLE "T_S_USER" 
   (	"EMAIL" VARCHAR2(50 CHAR), 
	"MOBILEPHONE" VARCHAR2(30 CHAR), 
	"OFFICEPHONE" VARCHAR2(20 CHAR), 
	"SIGNATUREFILE" VARCHAR2(100 CHAR), 
	"ID" VARCHAR2(32 CHAR), 
	"ACCOUNTID" VARCHAR2(36 CHAR), 
	"TYPE" VARCHAR2(2 CHAR) DEFAULT '1'
   )
--------------------------------------------------------
--  DDL for Table T_S_VERSION
--------------------------------------------------------

  CREATE TABLE "T_S_VERSION" 
   (	"ID" VARCHAR2(32 CHAR), 
	"LOGINPAGE" VARCHAR2(100 CHAR), 
	"VERSIONCODE" VARCHAR2(50 CHAR), 
	"VERSIONNAME" VARCHAR2(30 CHAR), 
	"VERSIONNUM" VARCHAR2(20 CHAR)
   )
--------------------------------------------------------
--  DDL for Table WEIXIN_ACCESSTOKEN
--------------------------------------------------------

  CREATE TABLE "WEIXIN_ACCESSTOKEN" 
   (	"ID" VARCHAR2(32 CHAR), 
	"ACCESS_TOKEN" VARCHAR2(255 CHAR), 
	"ADDTIME" DATE, 
	"EXPIRES_IB" NUMBER(10,0)
   )
--------------------------------------------------------
--  DDL for Table WEIXIN_ACCOUNT
--------------------------------------------------------

  CREATE TABLE "WEIXIN_ACCOUNT" 
   (	"ID" VARCHAR2(36 CHAR), 
	"ACCOUNTNAME" VARCHAR2(200 CHAR), 
	"ACCOUNTTOKEN" VARCHAR2(200 CHAR), 
	"ACCOUNTNUMBER" VARCHAR2(200 CHAR), 
	"ACCOUNTTYPE" VARCHAR2(50 CHAR), 
	"ACCOUNTEMAIL" VARCHAR2(200 CHAR), 
	"ACCOUNTDESC" VARCHAR2(500 CHAR), 
	"ACCOUNTACCESSTOKEN" VARCHAR2(1000 CHAR), 
	"ACCOUNTAPPID" VARCHAR2(200 CHAR), 
	"ACCOUNTAPPSECRET" VARCHAR2(500 CHAR), 
	"ADDTOEKNTIME" DATE, 
	"USERNAME" VARCHAR2(50 CHAR), 
	"WEIXIN_ACCOUNTID" VARCHAR2(100 CHAR), 
	"APITICKET" VARCHAR2(200 CHAR), 
	"APITICKETTTIME" DATE, 
	"JSAPITICKET" VARCHAR2(200 CHAR), 
	"JSAPITICKETTIME" DATE
   ) 
 

   COMMENT ON COLUMN "WEIXIN_ACCOUNT"."ID" IS '主键'
 
   COMMENT ON COLUMN "WEIXIN_ACCOUNT"."ACCOUNTNAME" IS '公众帐号名称'
 
   COMMENT ON COLUMN "WEIXIN_ACCOUNT"."ACCOUNTTOKEN" IS '公众帐号TOKEN'
 
   COMMENT ON COLUMN "WEIXIN_ACCOUNT"."ACCOUNTNUMBER" IS '公众微信号'
 
   COMMENT ON COLUMN "WEIXIN_ACCOUNT"."ACCOUNTTYPE" IS '公众号类型'
 
   COMMENT ON COLUMN "WEIXIN_ACCOUNT"."ACCOUNTEMAIL" IS '电子邮箱'
 
   COMMENT ON COLUMN "WEIXIN_ACCOUNT"."ACCOUNTDESC" IS '公众帐号描述'
 
   COMMENT ON COLUMN "WEIXIN_ACCOUNT"."ACCOUNTACCESSTOKEN" IS 'ACCESS_TOKEN'
 
   COMMENT ON COLUMN "WEIXIN_ACCOUNT"."ACCOUNTAPPID" IS '公众帐号APPID'
 
   COMMENT ON COLUMN "WEIXIN_ACCOUNT"."ACCOUNTAPPSECRET" IS '公众帐号APPSECRET'
--------------------------------------------------------
--  DDL for Table WEIXIN_AUTORESPONSE
--------------------------------------------------------

  CREATE TABLE "WEIXIN_AUTORESPONSE" 
   (	"ID" VARCHAR2(32 CHAR), 
	"ADDTIME" VARCHAR2(255 CHAR), 
	"KEYWORD" VARCHAR2(255 CHAR), 
	"MSGTYPE" VARCHAR2(255 CHAR), 
	"RESCONTENT" VARCHAR2(255 CHAR), 
	"TEMPLATENAME" VARCHAR2(255 CHAR), 
	"ACCOUNTID" VARCHAR2(100 CHAR)
   )
--------------------------------------------------------
--  DDL for Table WEIXIN_CMS_AD
--------------------------------------------------------

  CREATE TABLE "WEIXIN_CMS_AD" 
   (	"ID" VARCHAR2(36 CHAR), 
	"ACCOUNTID" VARCHAR2(100 CHAR), 
	"CREATE_BY" VARCHAR2(255 CHAR), 
	"CREATE_DATE" DATE, 
	"CREATE_NAME" VARCHAR2(255 CHAR), 
	"IMAGE_HREF" VARCHAR2(255 CHAR), 
	"IMAGE_NAME" VARCHAR2(255 CHAR), 
	"TITLE" VARCHAR2(20 CHAR)
   )
--------------------------------------------------------
--  DDL for Table WEIXIN_CMS_ARTICLE
--------------------------------------------------------

  CREATE TABLE "WEIXIN_CMS_ARTICLE" 
   (	"ID" VARCHAR2(36 CHAR), 
	"TITLE" VARCHAR2(50 CHAR), 
	"IMAGE_NAME" VARCHAR2(255 CHAR), 
	"IMAGE_HREF" VARCHAR2(255 CHAR), 
	"SUMMARY" VARCHAR2(255 CHAR), 
	"CONTENT" CLOB, 
	"COLUMN_ID" VARCHAR2(36 CHAR), 
	"ACCOUNTID" VARCHAR2(100 CHAR), 
	"CREATE_NAME" VARCHAR2(255 CHAR), 
	"CREATE_BY" VARCHAR2(255 CHAR), 
	"CREATE_DATE" DATE
   ) 
 

   COMMENT ON COLUMN "WEIXIN_CMS_ARTICLE"."ID" IS '主键'
 
   COMMENT ON COLUMN "WEIXIN_CMS_ARTICLE"."TITLE" IS '标题'
 
   COMMENT ON COLUMN "WEIXIN_CMS_ARTICLE"."IMAGE_NAME" IS '图片名称'
 
   COMMENT ON COLUMN "WEIXIN_CMS_ARTICLE"."IMAGE_HREF" IS '图片地址'
 
   COMMENT ON COLUMN "WEIXIN_CMS_ARTICLE"."CONTENT" IS '内容'
 
   COMMENT ON COLUMN "WEIXIN_CMS_ARTICLE"."COLUMN_ID" IS '栏目id'
 
   COMMENT ON COLUMN "WEIXIN_CMS_ARTICLE"."ACCOUNTID" IS '微信账户'
 
   COMMENT ON COLUMN "WEIXIN_CMS_ARTICLE"."CREATE_NAME" IS '创建人'
 
   COMMENT ON COLUMN "WEIXIN_CMS_ARTICLE"."CREATE_BY" IS '创建人id'
 
   COMMENT ON COLUMN "WEIXIN_CMS_ARTICLE"."CREATE_DATE" IS '创建日期'
--------------------------------------------------------
--  DDL for Table WEIXIN_CMS_MENU
--------------------------------------------------------

  CREATE TABLE "WEIXIN_CMS_MENU" 
   (	"ID" VARCHAR2(36 CHAR), 
	"ACCOUNTID" VARCHAR2(100 CHAR), 
	"CREATE_BY" VARCHAR2(255 CHAR), 
	"CREATE_DATE" DATE, 
	"CREATE_NAME" VARCHAR2(255 CHAR), 
	"IMAGE_HREF" VARCHAR2(255 CHAR), 
	"IMAGE_NAME" VARCHAR2(255 CHAR), 
	"NAME" VARCHAR2(20 CHAR), 
	"TYPE" VARCHAR2(20 CHAR)
   ) 
 

   COMMENT ON COLUMN "WEIXIN_CMS_MENU"."TYPE" IS '类型'
--------------------------------------------------------
--  DDL for Table WEIXIN_CMS_SITE
--------------------------------------------------------

  CREATE TABLE "WEIXIN_CMS_SITE" 
   (	"ID" VARCHAR2(36 CHAR), 
	"ACCOUNTID" VARCHAR2(32 CHAR), 
	"COMPANY_TEL" VARCHAR2(50 CHAR), 
	"CREATE_DATE" DATE, 
	"CREATE_NAME" VARCHAR2(50 CHAR), 
	"SITE_LOGO" VARCHAR2(200 CHAR), 
	"SITE_NAME" VARCHAR2(100 CHAR), 
	"SITE_TEMPLATE_STYLE" VARCHAR2(50 CHAR), 
	"UPDATE_DATE" DATE, 
	"UPDATE_NAME" VARCHAR2(50 CHAR)
   )
--------------------------------------------------------
--  DDL for Table WEIXIN_CMS_STYLE
--------------------------------------------------------

  CREATE TABLE "WEIXIN_CMS_STYLE" 
   (	"ID" VARCHAR2(36 CHAR), 
	"ACCOUNTID" VARCHAR2(50 CHAR), 
	"CREATE_DATE" DATE, 
	"CREATE_NAME" VARCHAR2(50 CHAR), 
	"REVIEW_IMG_URL" VARCHAR2(100 CHAR), 
	"TEMPLATE_NAME" VARCHAR2(100 CHAR), 
	"TEMPLATE_URL" VARCHAR2(200 CHAR), 
	"UPDATE_DATE" DATE, 
	"UPDATE_NAME" VARCHAR2(50 CHAR)
   )
--------------------------------------------------------
--  DDL for Table WEIXIN_EXPANDCONFIG
--------------------------------------------------------

  CREATE TABLE "WEIXIN_EXPANDCONFIG" 
   (	"ID" VARCHAR2(36 CHAR), 
	"ACCOUNTID" VARCHAR2(200 CHAR), 
	"CLASSNAME" VARCHAR2(100 CHAR), 
	"CONTENT" CLOB, 
	"KEYWORD" VARCHAR2(100 CHAR), 
	"NAME" VARCHAR2(100 CHAR)
   )
--------------------------------------------------------
--  DDL for Table WEIXIN_HDRECORD
--------------------------------------------------------

  CREATE TABLE "WEIXIN_HDRECORD" 
   (	"ID" VARCHAR2(100 CHAR), 
	"ADDTIME" DATE, 
	"HDID" VARCHAR2(100 CHAR), 
	"NICKNAME" VARCHAR2(200 CHAR), 
	"OPENDID" VARCHAR2(100 CHAR), 
	"TOTAL" NUMBER(10,0), 
	"ACCOUNTID" VARCHAR2(100 CHAR)
   )
--------------------------------------------------------
--  DDL for Table WEIXIN_HUODONG
--------------------------------------------------------

  CREATE TABLE "WEIXIN_HUODONG" 
   (	"ID" VARCHAR2(100 CHAR), 
	"TITLE" VARCHAR2(400 CHAR), 
	"DESCRIPTION" CLOB, 
	"PRICEONE" VARCHAR2(400 CHAR), 
	"ONETOTAL" NUMBER(10,0), 
	"PRICETWO" VARCHAR2(400 CHAR), 
	"TWOTOTAL" NUMBER(10,0), 
	"PRICETHREE" VARCHAR2(400 CHAR), 
	"THREETOTAL" NUMBER(10,0), 
	"STARTTIME" DATE, 
	"ENDTIME" DATE, 
	"TYPE" VARCHAR2(100 CHAR), 
	"GL" VARCHAR2(100 CHAR), 
	"COUNT" VARCHAR2(10 CHAR), 
	"ACCOUNTID" VARCHAR2(100 CHAR)
   ) 
 

   COMMENT ON COLUMN "WEIXIN_HUODONG"."ID" IS '键主'
 
   COMMENT ON COLUMN "WEIXIN_HUODONG"."TITLE" IS '活动名称'
 
   COMMENT ON COLUMN "WEIXIN_HUODONG"."DESCRIPTION" IS '活动描述'
 
   COMMENT ON COLUMN "WEIXIN_HUODONG"."PRICEONE" IS '一等奖奖品'
 
   COMMENT ON COLUMN "WEIXIN_HUODONG"."ONETOTAL" IS '一等奖数量'
 
   COMMENT ON COLUMN "WEIXIN_HUODONG"."PRICETWO" IS '二等奖奖品'
 
   COMMENT ON COLUMN "WEIXIN_HUODONG"."TWOTOTAL" IS '二等奖数量'
 
   COMMENT ON COLUMN "WEIXIN_HUODONG"."PRICETHREE" IS '三等奖奖品'
 
   COMMENT ON COLUMN "WEIXIN_HUODONG"."THREETOTAL" IS '三等奖数量'
 
   COMMENT ON COLUMN "WEIXIN_HUODONG"."STARTTIME" IS '开始时间'
 
   COMMENT ON COLUMN "WEIXIN_HUODONG"."ENDTIME" IS '结束时间'
 
   COMMENT ON COLUMN "WEIXIN_HUODONG"."TYPE" IS '活动类型'
--------------------------------------------------------
--  DDL for Table WEIXIN_LINKSUCAI
--------------------------------------------------------

  CREATE TABLE "WEIXIN_LINKSUCAI" 
   (	"ID" VARCHAR2(36 CHAR), 
	"CREATE_NAME" VARCHAR2(50 CHAR), 
	"CREATE_DATE" DATE, 
	"UPDATE_NAME" VARCHAR2(50 CHAR), 
	"UPDATE_DATE" DATE, 
	"NAME" VARCHAR2(100 CHAR), 
	"OUTER_LINK" CLOB, 
	"CONTENT" CLOB, 
	"INNER_LINK" CLOB, 
	"TRANSFER_SIGN" NUMBER(10,0), 
	"ACCOUNTID" VARCHAR2(100 CHAR), 
	"POST_CODE" VARCHAR2(200 CHAR), 
	"SHARE_STATUS" VARCHAR2(10 CHAR) DEFAULT 'N', 
	"IS_ENCRYPT" NUMBER(10,0) DEFAULT '0'
   ) 
 

   COMMENT ON COLUMN "WEIXIN_LINKSUCAI"."CREATE_NAME" IS '创建人名称'
 
   COMMENT ON COLUMN "WEIXIN_LINKSUCAI"."CREATE_DATE" IS '创建日期'
 
   COMMENT ON COLUMN "WEIXIN_LINKSUCAI"."UPDATE_NAME" IS '修改人名称'
 
   COMMENT ON COLUMN "WEIXIN_LINKSUCAI"."UPDATE_DATE" IS '修改日期'
 
   COMMENT ON COLUMN "WEIXIN_LINKSUCAI"."NAME" IS '链接名称'
 
   COMMENT ON COLUMN "WEIXIN_LINKSUCAI"."OUTER_LINK" IS '外部链接'
 
   COMMENT ON COLUMN "WEIXIN_LINKSUCAI"."CONTENT" IS '功能描述'
 
   COMMENT ON COLUMN "WEIXIN_LINKSUCAI"."INNER_LINK" IS '内部链接'
 
   COMMENT ON COLUMN "WEIXIN_LINKSUCAI"."TRANSFER_SIGN" IS '转换标志'
 
   COMMENT ON COLUMN "WEIXIN_LINKSUCAI"."ACCOUNTID" IS '微信账户id'
 
   COMMENT ON COLUMN "WEIXIN_LINKSUCAI"."POST_CODE" IS '账号邮编'
 
   COMMENT ON COLUMN "WEIXIN_LINKSUCAI"."SHARE_STATUS" IS '分享状态'
 
   COMMENT ON COLUMN "WEIXIN_LINKSUCAI"."IS_ENCRYPT" IS '是否加密（0：不加密，1：加密）'
--------------------------------------------------------
--  DDL for Table WEIXIN_MENUENTITY
--------------------------------------------------------

  CREATE TABLE "WEIXIN_MENUENTITY" 
   (	"ID" VARCHAR2(32 CHAR), 
	"MENUKEY" VARCHAR2(255 CHAR), 
	"MSGTYPE" VARCHAR2(255 CHAR), 
	"NAME" VARCHAR2(255 CHAR), 
	"ORDERS" VARCHAR2(11 CHAR), 
	"TEMPLATEID" VARCHAR2(255 CHAR), 
	"TYPE" VARCHAR2(255 CHAR), 
	"URL" VARCHAR2(255 CHAR), 
	"FATHERID" VARCHAR2(32 CHAR), 
	"ACCOUNTID" VARCHAR2(255 CHAR)
   )
--------------------------------------------------------
--  DDL for Table WEIXIN_MESSAGE_TEMPLATE
--------------------------------------------------------

  CREATE TABLE "WEIXIN_MESSAGE_TEMPLATE" 
   (	"TEMPLATE_ID" VARCHAR2(100), 
	"TITLE" VARCHAR2(100), 
	"PRIMARY_INDUSTRY_ID" NUMBER(*,0), 
	"PRIMARY_INDUSTRY_NAME" VARCHAR2(64), 
	"SECONDARY_INDUSTRY_ID" NUMBER(*,0), 
	"SECONDARY_INDUSTRY_NAME" VARCHAR2(255), 
	"CREATETIME" DATE, 
	"UPDATETIME" DATE, 
	"DETAIL_CONTENT" CLOB, 
	"EX_CONTENT" CLOB, 
	"STATUS" NUMBER(*,0) DEFAULT 1
   ) 
 

   COMMENT ON COLUMN "WEIXIN_MESSAGE_TEMPLATE"."TEMPLATE_ID" IS '模板ID'
 
   COMMENT ON COLUMN "WEIXIN_MESSAGE_TEMPLATE"."TITLE" IS '模板标题'
 
   COMMENT ON COLUMN "WEIXIN_MESSAGE_TEMPLATE"."PRIMARY_INDUSTRY_ID" IS '模板所属一级行业编号'
 
   COMMENT ON COLUMN "WEIXIN_MESSAGE_TEMPLATE"."PRIMARY_INDUSTRY_NAME" IS '模板所属一级行业名称'
 
   COMMENT ON COLUMN "WEIXIN_MESSAGE_TEMPLATE"."SECONDARY_INDUSTRY_ID" IS '模板所属二级行业编号'
 
   COMMENT ON COLUMN "WEIXIN_MESSAGE_TEMPLATE"."SECONDARY_INDUSTRY_NAME" IS '模板所属二级行业名称'
 
   COMMENT ON COLUMN "WEIXIN_MESSAGE_TEMPLATE"."CREATETIME" IS '创建时间'
 
   COMMENT ON COLUMN "WEIXIN_MESSAGE_TEMPLATE"."UPDATETIME" IS '修改时间'
 
   COMMENT ON COLUMN "WEIXIN_MESSAGE_TEMPLATE"."DETAIL_CONTENT" IS '详细内容'
 
   COMMENT ON COLUMN "WEIXIN_MESSAGE_TEMPLATE"."EX_CONTENT" IS '事例内容'
 
   COMMENT ON COLUMN "WEIXIN_MESSAGE_TEMPLATE"."STATUS" IS '模板状态 1：正常 0：删除'
 
   COMMENT ON TABLE "WEIXIN_MESSAGE_TEMPLATE"  IS '模板消息表'
--------------------------------------------------------
--  DDL for Table WEIXIN_NEWSITEM
--------------------------------------------------------

  CREATE TABLE "WEIXIN_NEWSITEM" 
   (	"ID" VARCHAR2(32 CHAR), 
	"NEW_TYPE" VARCHAR2(255 CHAR), 
	"AUTHOR" VARCHAR2(255 CHAR), 
	"CONTENT" CLOB, 
	"DESCRIPTION" VARCHAR2(255 CHAR), 
	"IMAGEPATH" VARCHAR2(255 CHAR), 
	"ORDERS" VARCHAR2(255 CHAR), 
	"TITLE" VARCHAR2(255 CHAR), 
	"TEMPLATEID" VARCHAR2(32 CHAR), 
	"URL" VARCHAR2(255 CHAR), 
	"CREATE_DATE" DATE, 
	"ACCOUNTID" VARCHAR2(100 CHAR)
   ) 
 

   COMMENT ON COLUMN "WEIXIN_NEWSITEM"."NEW_TYPE" IS '图文类型：图文还是外部url'
 
   COMMENT ON COLUMN "WEIXIN_NEWSITEM"."URL" IS '外部URL'
--------------------------------------------------------
--  DDL for Table WEIXIN_NEWSTEMPLATE
--------------------------------------------------------

  CREATE TABLE "WEIXIN_NEWSTEMPLATE" 
   (	"ID" VARCHAR2(32 CHAR), 
	"ADDTIME" VARCHAR2(255 CHAR), 
	"TEMPATENAME" VARCHAR2(255 CHAR), 
	"TYPE" VARCHAR2(255 CHAR), 
	"ACCOUNTID" VARCHAR2(100 CHAR)
   )
--------------------------------------------------------
--  DDL for Table WEIXIN_OPEN_ACCOUNT
--------------------------------------------------------

  CREATE TABLE "WEIXIN_OPEN_ACCOUNT" 
   (	"ID" VARCHAR2(36 CHAR), 
	"APPID" VARCHAR2(200 CHAR), 
	"TICKET" VARCHAR2(200 CHAR), 
	"GET_TICKET_TIME" DATE
   ) 
 

   COMMENT ON COLUMN "WEIXIN_OPEN_ACCOUNT"."ID" IS '主键'
 
   COMMENT ON COLUMN "WEIXIN_OPEN_ACCOUNT"."TICKET" IS '第三方平台推送 : ticket'
--------------------------------------------------------
--  DDL for Table WEIXIN_PHOTO
--------------------------------------------------------

  CREATE TABLE "WEIXIN_PHOTO" 
   (	"ID" VARCHAR2(32 CHAR), 
	"PHOTO_ALBUM_ID" VARCHAR2(32 CHAR), 
	"CONTENT" VARCHAR2(255 CHAR), 
	"CREATE_BY" VARCHAR2(32 CHAR), 
	"CREATE_DATE" DATE, 
	"NAME" VARCHAR2(100 CHAR), 
	"UPDATE_BY" VARCHAR2(32 CHAR), 
	"UPDATE_DATE" DATE
   ) 
 

   COMMENT ON COLUMN "WEIXIN_PHOTO"."PHOTO_ALBUM_ID" IS '对应相册'
 
   COMMENT ON COLUMN "WEIXIN_PHOTO"."CONTENT" IS '相片描述'
 
   COMMENT ON COLUMN "WEIXIN_PHOTO"."NAME" IS '相片名字'
--------------------------------------------------------
--  DDL for Table WEIXIN_PHOTO_ALBUM
--------------------------------------------------------

  CREATE TABLE "WEIXIN_PHOTO_ALBUM" 
   (	"ID" VARCHAR2(32 CHAR), 
	"NAME" VARCHAR2(100 CHAR), 
	"CONTENT" VARCHAR2(255 CHAR), 
	"ACCOUNTID" VARCHAR2(100 CHAR), 
	"CREATE_DATE" DATE, 
	"CREATE_BY" VARCHAR2(32 CHAR), 
	"UPDATE_DATE" DATE, 
	"UPDATE_BY" VARCHAR2(32 CHAR), 
	"PHOTO_ID" VARCHAR2(32 CHAR)
   ) 
 

   COMMENT ON COLUMN "WEIXIN_PHOTO_ALBUM"."NAME" IS '相册名称'
 
   COMMENT ON COLUMN "WEIXIN_PHOTO_ALBUM"."CONTENT" IS '相册描述'
 
   COMMENT ON COLUMN "WEIXIN_PHOTO_ALBUM"."CREATE_DATE" IS '创建时间'
 
   COMMENT ON COLUMN "WEIXIN_PHOTO_ALBUM"."CREATE_BY" IS '创建人'
 
   COMMENT ON COLUMN "WEIXIN_PHOTO_ALBUM"."UPDATE_DATE" IS '修改时间'
 
   COMMENT ON COLUMN "WEIXIN_PHOTO_ALBUM"."UPDATE_BY" IS '修改人'
 
   COMMENT ON COLUMN "WEIXIN_PHOTO_ALBUM"."PHOTO_ID" IS '封面相片'
--------------------------------------------------------
--  DDL for Table WEIXIN_PRIZERECORD
--------------------------------------------------------

  CREATE TABLE "WEIXIN_PRIZERECORD" 
   (	"ID" VARCHAR2(100 CHAR), 
	"ADDTIME" DATE, 
	"HDID" VARCHAR2(100 CHAR), 
	"MOBILE" VARCHAR2(100 CHAR), 
	"OPENID" VARCHAR2(255 CHAR), 
	"PRIZE" VARCHAR2(100 CHAR), 
	"ACCOUNTID" VARCHAR2(100 CHAR)
   )
--------------------------------------------------------
--  DDL for Table WEIXIN_RECEIVETEXT
--------------------------------------------------------

  CREATE TABLE "WEIXIN_RECEIVETEXT" 
   (	"ID" VARCHAR2(32 CHAR), 
	"CONTENT" VARCHAR2(255 CHAR), 
	"CREATETIME" DATE, 
	"FROMUSERNAME" VARCHAR2(255 CHAR), 
	"MSGID" VARCHAR2(255 CHAR), 
	"MSGTYPE" VARCHAR2(255 CHAR), 
	"RESCONTENT" VARCHAR2(255 CHAR), 
	"RESPONSE" VARCHAR2(255 CHAR), 
	"TOUSERNAME" VARCHAR2(255 CHAR), 
	"ACCOUNTID" VARCHAR2(100 CHAR), 
	"NICKNAME" VARCHAR2(200 CHAR)
   )
--------------------------------------------------------
--  DDL for Table WEIXIN_SEND_TEMPLATE_MESSAGE
--------------------------------------------------------

  CREATE TABLE "WEIXIN_SEND_TEMPLATE_MESSAGE" 
   (	"ID" VARCHAR2(100), 
	"TEMPLATE_ID" VARCHAR2(100), 
	"OPEN_ID" VARCHAR2(100), 
	"CONTENT" CLOB, 
	"CREATETIME" DATE, 
	"SEND_STATUS" NUMBER(*,0) DEFAULT 1
   ) 
 

   COMMENT ON COLUMN "WEIXIN_SEND_TEMPLATE_MESSAGE"."ID" IS '主键(uuid)'
 
   COMMENT ON COLUMN "WEIXIN_SEND_TEMPLATE_MESSAGE"."TEMPLATE_ID" IS '模板ID'
 
   COMMENT ON COLUMN "WEIXIN_SEND_TEMPLATE_MESSAGE"."OPEN_ID" IS '用户主键'
 
   COMMENT ON COLUMN "WEIXIN_SEND_TEMPLATE_MESSAGE"."CONTENT" IS '消息内容'
 
   COMMENT ON COLUMN "WEIXIN_SEND_TEMPLATE_MESSAGE"."CREATETIME" IS '创建时间'
 
   COMMENT ON COLUMN "WEIXIN_SEND_TEMPLATE_MESSAGE"."SEND_STATUS" IS '发送状态（1：成功 0：不成功）'
 
   COMMENT ON TABLE "WEIXIN_SEND_TEMPLATE_MESSAGE"  IS '已发送模板消息表'
--------------------------------------------------------
--  DDL for Table WEIXIN_SUBSCRIBE
--------------------------------------------------------

  CREATE TABLE "WEIXIN_SUBSCRIBE" 
   (	"ID" VARCHAR2(32 CHAR), 
	"ACCOUNTID" VARCHAR2(255 CHAR), 
	"ADDTIME" VARCHAR2(255 CHAR), 
	"MSGTYPE" VARCHAR2(255 CHAR), 
	"TEMPLATEID" VARCHAR2(255 CHAR), 
	"TEMPLATENAME" VARCHAR2(255 CHAR)
   )
--------------------------------------------------------
--  DDL for Table WEIXIN_TAG
--------------------------------------------------------

  CREATE TABLE "WEIXIN_TAG" 
   (	"ACCOUNTID" VARCHAR2(100), 
	"ID" NUMBER(*,0), 
	"NAME" VARCHAR2(20), 
	"STATUS" NUMBER(*,0), 
	"CREATE_NAME" VARCHAR2(50), 
	"CREATE_BY" VARCHAR2(50), 
	"CREATE_DATE" DATE, 
	"UPDATE_NAME" VARCHAR2(50), 
	"UPDATE_BY" VARCHAR2(50), 
	"UPDATE_DATE" DATE
   ) 
 

   COMMENT ON COLUMN "WEIXIN_TAG"."ACCOUNTID" IS '微信账号'
 
   COMMENT ON COLUMN "WEIXIN_TAG"."ID" IS '标签编号'
 
   COMMENT ON COLUMN "WEIXIN_TAG"."NAME" IS '标签名称'
 
   COMMENT ON COLUMN "WEIXIN_TAG"."STATUS" IS '状态(1：有效；0无效)'
 
   COMMENT ON COLUMN "WEIXIN_TAG"."CREATE_NAME" IS '创建人名称'
 
   COMMENT ON COLUMN "WEIXIN_TAG"."CREATE_BY" IS '创建人登录名'
 
   COMMENT ON COLUMN "WEIXIN_TAG"."CREATE_DATE" IS '创建时间'
 
   COMMENT ON COLUMN "WEIXIN_TAG"."UPDATE_NAME" IS '更新人名称'
 
   COMMENT ON COLUMN "WEIXIN_TAG"."UPDATE_BY" IS '更新人登录名'
 
   COMMENT ON COLUMN "WEIXIN_TAG"."UPDATE_DATE" IS '更新时间'
 
   COMMENT ON TABLE "WEIXIN_TAG"  IS '标签表'
--------------------------------------------------------
--  DDL for Table WEIXIN_TEXTTEMPLATE
--------------------------------------------------------

  CREATE TABLE "WEIXIN_TEXTTEMPLATE" 
   (	"ID" VARCHAR2(32 CHAR), 
	"ADDTIME" VARCHAR2(255 CHAR), 
	"CONTENT" VARCHAR2(255 CHAR), 
	"TEMPLATENAME" VARCHAR2(255 CHAR), 
	"ACCOUNTID" VARCHAR2(100 CHAR)
   )
--------------------------------------------------------
--  DDL for Table WEIXIN_USER
--------------------------------------------------------

  CREATE TABLE "WEIXIN_USER" 
   (	"ACCOUNTID" VARCHAR2(100), 
	"SUBSCRIBE" NUMBER(*,0) DEFAULT 1, 
	"OPENID" VARCHAR2(30), 
	"NICKNAME" VARCHAR2(64), 
	"SEX" NUMBER(*,0) DEFAULT 2, 
	"CITY" VARCHAR2(255), 
	"COUNTRY" VARCHAR2(255), 
	"PROVINCE" VARCHAR2(255), 
	"LANGUAGE" VARCHAR2(16), 
	"HEADIMGURL" VARCHAR2(255), 
	"SUBSCRIBE_TIME" NUMBER(*,0), 
	"UNIONID" VARCHAR2(30), 
	"REMARK" VARCHAR2(255), 
	"GROUPID" NUMBER(*,0)
   ) 
 

   COMMENT ON COLUMN "WEIXIN_USER"."ACCOUNTID" IS '微信账号'
 
   COMMENT ON COLUMN "WEIXIN_USER"."SUBSCRIBE" IS '用户是否订阅该公众号标识：0，用户未订阅；1、用户已订阅'
 
   COMMENT ON COLUMN "WEIXIN_USER"."OPENID" IS '用户的标识，对当前公众号唯一'
 
   COMMENT ON COLUMN "WEIXIN_USER"."NICKNAME" IS '用户的昵称'
 
   COMMENT ON COLUMN "WEIXIN_USER"."SEX" IS '用户的性别，值为1时是男性，值为2时是女性，值为0时是未知'
 
   COMMENT ON COLUMN "WEIXIN_USER"."CITY" IS '用户所在城市'
 
   COMMENT ON COLUMN "WEIXIN_USER"."COUNTRY" IS '用户所在国家'
 
   COMMENT ON COLUMN "WEIXIN_USER"."PROVINCE" IS '用户所在省份'
 
   COMMENT ON COLUMN "WEIXIN_USER"."LANGUAGE" IS '用户的语言，简体中文为zh_CN'
 
   COMMENT ON COLUMN "WEIXIN_USER"."HEADIMGURL" IS '用户头像'
 
   COMMENT ON COLUMN "WEIXIN_USER"."SUBSCRIBE_TIME" IS '用户关注时间，为时间戳。如果用户曾多次关注，则取最后关注时间'
 
   COMMENT ON COLUMN "WEIXIN_USER"."UNIONID" IS '只有在用户将公众号绑定到微信开放平台帐号后，才会出现该字段。'
 
   COMMENT ON COLUMN "WEIXIN_USER"."REMARK" IS '公众号运营者对粉丝的备注，公众号运营者可在微信公众平台用户管理界面对粉丝添加备注'
 
   COMMENT ON COLUMN "WEIXIN_USER"."GROUPID" IS '用户所在的分组ID（兼容旧的用户分组接口）'
 
   COMMENT ON TABLE "WEIXIN_USER"  IS '用户信息表'
--------------------------------------------------------
--  DDL for Table WEIXIN_USER_BLACKLIST
--------------------------------------------------------

  CREATE TABLE "WEIXIN_USER_BLACKLIST" 
   (	"ACCOUNTID" VARCHAR2(100), 
	"OPENID" VARCHAR2(30), 
	"STATUS" NUMBER(*,0), 
	"CREATE_NAME" VARCHAR2(50), 
	"CREATE_BY" VARCHAR2(50), 
	"CREATE_DATE" DATE, 
	"UPDATE_NAME" VARCHAR2(50), 
	"UPDATE_BY" VARCHAR2(50), 
	"UPDATE_DATE" DATE
   ) 
 

   COMMENT ON COLUMN "WEIXIN_USER_BLACKLIST"."ACCOUNTID" IS '微信账号'
 
   COMMENT ON COLUMN "WEIXIN_USER_BLACKLIST"."OPENID" IS '用户的标识，对当前公众号唯一'
 
   COMMENT ON COLUMN "WEIXIN_USER_BLACKLIST"."STATUS" IS '状态(1：加入黑名单；0：移除黑名单)'
 
   COMMENT ON COLUMN "WEIXIN_USER_BLACKLIST"."CREATE_NAME" IS '创建人名称'
 
   COMMENT ON COLUMN "WEIXIN_USER_BLACKLIST"."CREATE_BY" IS '创建人登录名'
 
   COMMENT ON COLUMN "WEIXIN_USER_BLACKLIST"."CREATE_DATE" IS '创建时间'
 
   COMMENT ON COLUMN "WEIXIN_USER_BLACKLIST"."UPDATE_NAME" IS '更新人名称'
 
   COMMENT ON COLUMN "WEIXIN_USER_BLACKLIST"."UPDATE_BY" IS '更新人登录名'
 
   COMMENT ON COLUMN "WEIXIN_USER_BLACKLIST"."UPDATE_DATE" IS '更新时间'
 
   COMMENT ON TABLE "WEIXIN_USER_BLACKLIST"  IS '用户黑名单'
--------------------------------------------------------
--  DDL for Table WEIXIN_USER_TAG
--------------------------------------------------------

  CREATE TABLE "WEIXIN_USER_TAG" 
   (	"ACCOUNTID" VARCHAR2(100), 
	"OPENID" VARCHAR2(30), 
	"ID" NUMBER(*,0), 
	"STATUS" NUMBER(*,0), 
	"CREATE_NAME" VARCHAR2(50), 
	"CREATE_BY" VARCHAR2(50), 
	"CREATE_DATE" DATE, 
	"UPDATE_NAME" VARCHAR2(50), 
	"UPDATE_BY" VARCHAR2(50), 
	"UPDATE_DATE" DATE
   ) 
 

   COMMENT ON COLUMN "WEIXIN_USER_TAG"."ACCOUNTID" IS '微信账号'
 
   COMMENT ON COLUMN "WEIXIN_USER_TAG"."OPENID" IS '用户的标识，对当前公众号唯一'
 
   COMMENT ON COLUMN "WEIXIN_USER_TAG"."ID" IS '标签编号'
 
   COMMENT ON COLUMN "WEIXIN_USER_TAG"."STATUS" IS '状态(1：用户已添加该标签；0：用户已移除该标签)'
 
   COMMENT ON COLUMN "WEIXIN_USER_TAG"."CREATE_NAME" IS '创建人名称'
 
   COMMENT ON COLUMN "WEIXIN_USER_TAG"."CREATE_BY" IS '创建人登录名'
 
   COMMENT ON COLUMN "WEIXIN_USER_TAG"."CREATE_DATE" IS '创建时间'
 
   COMMENT ON COLUMN "WEIXIN_USER_TAG"."UPDATE_NAME" IS '更新人名称'
 
   COMMENT ON COLUMN "WEIXIN_USER_TAG"."UPDATE_BY" IS '更新人登录名'
 
   COMMENT ON COLUMN "WEIXIN_USER_TAG"."UPDATE_DATE" IS '更新时间'
 
   COMMENT ON TABLE "WEIXIN_USER_TAG"  IS '用户标签表'
REM INSERTING into ALIPAY_ACCOUNT
SET DEFINE OFF;
Insert into ALIPAY_ACCOUNT (ID,ACCONT_NAME,APPID,RSA_PRIVATE_KEY,ALIPAY_PUBLIC_KEY,ACCOUNT_DESC,CREATE_NAME,CREATE_BY,CREATE_DATE,UPDATE_NAME,UPDATE_BY,UPDATE_DATE,CONVERSATION_SECRET,PUBLIC_KEY) values ('402880a94742e24e014742e8942b0002','jeewx支付窗','2015121500981210','?','?','1',null,null,null,null,null,null,null,'?');
REM INSERTING into ALIPAY_AUTORESPONSE
SET DEFINE OFF;
Insert into ALIPAY_AUTORESPONSE (ID,KEY_WORD,RES_CONTENT,MSG_TYPE,TEMPLATE_NAME,ACCOUNTID,CREATE_NAME,CREATE_BY,CREATE_DATE,UPDATE_NAME,UPDATE_BY,UPDATE_DATE) values ('15314E56DCEF4D4BB2583B52E3B3C22F','你好','F65B42281D1E46E69FBEAEEC43587F6D','text','nihao','402880a94742e24e014742e8942b0002',null,null,to_date('20-12月-16','DD-MON-RR'),null,null,null);
Insert into ALIPAY_AUTORESPONSE (ID,KEY_WORD,RES_CONTENT,MSG_TYPE,TEMPLATE_NAME,ACCOUNTID,CREATE_NAME,CREATE_BY,CREATE_DATE,UPDATE_NAME,UPDATE_BY,UPDATE_DATE) values ('4E08CEFC43A94084A4E5146420E4CDBC','nihao','F65B42281D1E46E69FBEAEEC43587F6D','text','nihao','402880a94742e24e014742e8942b0002',null,null,to_date('07-7月 -16','DD-MON-RR'),null,null,null);
Insert into ALIPAY_AUTORESPONSE (ID,KEY_WORD,RES_CONTENT,MSG_TYPE,TEMPLATE_NAME,ACCOUNTID,CREATE_NAME,CREATE_BY,CREATE_DATE,UPDATE_NAME,UPDATE_BY,UPDATE_DATE) values ('B1488D84B451472980425E65E1A9D2D1','jeecg','7A1B95B8B5144E3B8D97BDB29C973538','news','JEECG支付宝图文','402880a94742e24e014742e8942b0002',null,null,to_date('29-6月 -16','DD-MON-RR'),null,null,null);
REM INSERTING into ALIPAY_AUTORESPONSE_DEFAULT
SET DEFINE OFF;
Insert into ALIPAY_AUTORESPONSE_DEFAULT (ID,TEMPLATENAME,TEMPLATEID,MSGTYPE,ACCOUNTID,ISWORK,CREATE_NAME,CREATE_BY,CREATE_DATE,UPDATE_NAME,UPDATE_BY,UPDATE_DATE) values ('8a792db34fdf51b3014fdfb22e87004f','默认回复语','8a792db34fdf51b3014fdfb1fdb3004c','text','402880a94742e24e014742e8942b0002','1',null,null,null,null,null,null);
REM INSERTING into ALIPAY_GZENTITY
SET DEFINE OFF;
Insert into ALIPAY_GZENTITY (ID,TEMPLATE_NAME,TEMPLATE_ID,TEMPLATE_TYPE,IS_WORK,ACCOUNTID,CREATE_NAME,CREATE_BY,CREATE_DATE,UPDATE_NAME,UPDATE_BY,UPDATE_DATE) values ('402880a94936f3ee0149370671400001','关注回复语','8a792db34fdf51b3014fdfb1fdb3004c','text','1','402880a94742e24e014742e8942b0002',null,null,null,null,null,null);
Insert into ALIPAY_GZENTITY (ID,TEMPLATE_NAME,TEMPLATE_ID,TEMPLATE_TYPE,IS_WORK,ACCOUNTID,CREATE_NAME,CREATE_BY,CREATE_DATE,UPDATE_NAME,UPDATE_BY,UPDATE_DATE) values ('4B535E499E3342E5AFC94C2D72CA082E','支付宝测试图文','F47A1A912AE345589CB5E1E87202FF7B','news','0','402880a94742e24e014742e8942b0002',null,null,to_date('29-6月 -16','DD-MON-RR'),null,null,null);
REM INSERTING into ALIPAY_GZUSERINFO
SET DEFINE OFF;
Insert into ALIPAY_GZUSERINFO (ID,USERID,NAME,DEPARTMENT,POSITION,MOBILE,PROVINCE,GENDER,EMAIL,WEIXINID,AVATAR,SUBSCRIBE_STATUS,SUBSCRIBE_TIME,ACCOUNTID,CREATE_NAME,CREATE_BY,CREATE_DATE,UPDATE_NAME,UPDATE_BY,UPDATE_DATE) values ('1A7FF1B75285465DBA40F0C70F5A71E8','20881031842092627793459920019496',null,null,null,null,null,null,null,null,null,'1',null,'402880a94742e24e014742e8942b0002',null,null,to_date('20-12月-16','DD-MON-RR'),null,null,null);
Insert into ALIPAY_GZUSERINFO (ID,USERID,NAME,DEPARTMENT,POSITION,MOBILE,PROVINCE,GENDER,EMAIL,WEIXINID,AVATAR,SUBSCRIBE_STATUS,SUBSCRIBE_TIME,ACCOUNTID,CREATE_NAME,CREATE_BY,CREATE_DATE,UPDATE_NAME,UPDATE_BY,UPDATE_DATE) values ('348D4981D9BE45679BEEF80C4B4143F7','20880083282343625743082342419456',null,null,null,null,null,null,null,null,null,'1',null,'402880a94742e24e014742e8942b0002',null,null,to_date('20-12月-16','DD-MON-RR'),null,null,null);
Insert into ALIPAY_GZUSERINFO (ID,USERID,NAME,DEPARTMENT,POSITION,MOBILE,PROVINCE,GENDER,EMAIL,WEIXINID,AVATAR,SUBSCRIBE_STATUS,SUBSCRIBE_TIME,ACCOUNTID,CREATE_NAME,CREATE_BY,CREATE_DATE,UPDATE_NAME,UPDATE_BY,UPDATE_DATE) values ('3E728B2D1CD34970BDE02BF2CDE90A51','20881020743943595881371201819418',null,null,null,null,null,null,null,null,null,'1',null,'402880a94742e24e014742e8942b0002',null,null,to_date('20-12月-16','DD-MON-RR'),null,null,null);
Insert into ALIPAY_GZUSERINFO (ID,USERID,NAME,DEPARTMENT,POSITION,MOBILE,PROVINCE,GENDER,EMAIL,WEIXINID,AVATAR,SUBSCRIBE_STATUS,SUBSCRIBE_TIME,ACCOUNTID,CREATE_NAME,CREATE_BY,CREATE_DATE,UPDATE_NAME,UPDATE_BY,UPDATE_DATE) values ('4AD072326053422FBF8C3386EDCC8CAA','20881020743943883608363651819482',null,null,null,null,null,null,null,null,null,'1',null,'402880a94742e24e014742e8942b0002',null,null,to_date('20-12月-16','DD-MON-RR'),null,null,null);
Insert into ALIPAY_GZUSERINFO (ID,USERID,NAME,DEPARTMENT,POSITION,MOBILE,PROVINCE,GENDER,EMAIL,WEIXINID,AVATAR,SUBSCRIBE_STATUS,SUBSCRIBE_TIME,ACCOUNTID,CREATE_NAME,CREATE_BY,CREATE_DATE,UPDATE_NAME,UPDATE_BY,UPDATE_DATE) values ('609C15B2CD9847EDBD39316AC68DC2A9','20880020502862901156333911019474',null,null,null,null,null,null,null,null,null,'1',null,'402880a94742e24e014742e8942b0002',null,null,to_date('20-12月-16','DD-MON-RR'),null,null,null);
Insert into ALIPAY_GZUSERINFO (ID,USERID,NAME,DEPARTMENT,POSITION,MOBILE,PROVINCE,GENDER,EMAIL,WEIXINID,AVATAR,SUBSCRIBE_STATUS,SUBSCRIBE_TIME,ACCOUNTID,CREATE_NAME,CREATE_BY,CREATE_DATE,UPDATE_NAME,UPDATE_BY,UPDATE_DATE) values ('676FA11526F343B6B3D0F640502864DF','20880059502513400130289910719407',null,null,null,null,null,null,null,null,null,'1',null,'402880a94742e24e014742e8942b0002',null,null,to_date('20-12月-16','DD-MON-RR'),null,null,null);
Insert into ALIPAY_GZUSERINFO (ID,USERID,NAME,DEPARTMENT,POSITION,MOBILE,PROVINCE,GENDER,EMAIL,WEIXINID,AVATAR,SUBSCRIBE_STATUS,SUBSCRIBE_TIME,ACCOUNTID,CREATE_NAME,CREATE_BY,CREATE_DATE,UPDATE_NAME,UPDATE_BY,UPDATE_DATE) values ('680F8B6DB78B435D9BB13C27F37D804E','20880062477199306806543630119465',null,null,null,null,null,null,null,null,null,'1',null,'402880a94742e24e014742e8942b0002',null,null,to_date('20-12月-16','DD-MON-RR'),null,null,null);
Insert into ALIPAY_GZUSERINFO (ID,USERID,NAME,DEPARTMENT,POSITION,MOBILE,PROVINCE,GENDER,EMAIL,WEIXINID,AVATAR,SUBSCRIBE_STATUS,SUBSCRIBE_TIME,ACCOUNTID,CREATE_NAME,CREATE_BY,CREATE_DATE,UPDATE_NAME,UPDATE_BY,UPDATE_DATE) values ('7697E50079684FB0A5285CCDEF6724C5','20880017519788123843699093119431',null,null,null,null,null,null,null,null,null,'1',null,'402880a94742e24e014742e8942b0002',null,null,to_date('20-12月-16','DD-MON-RR'),null,null,null);
Insert into ALIPAY_GZUSERINFO (ID,USERID,NAME,DEPARTMENT,POSITION,MOBILE,PROVINCE,GENDER,EMAIL,WEIXINID,AVATAR,SUBSCRIBE_STATUS,SUBSCRIBE_TIME,ACCOUNTID,CREATE_NAME,CREATE_BY,CREATE_DATE,UPDATE_NAME,UPDATE_BY,UPDATE_DATE) values ('8324E98277C042FA8331540DA145B2EE','20880054849663244665282921619448',null,null,null,null,null,null,null,null,null,'1',null,'402880a94742e24e014742e8942b0002',null,null,to_date('20-12月-16','DD-MON-RR'),null,null,null);
Insert into ALIPAY_GZUSERINFO (ID,USERID,NAME,DEPARTMENT,POSITION,MOBILE,PROVINCE,GENDER,EMAIL,WEIXINID,AVATAR,SUBSCRIBE_STATUS,SUBSCRIBE_TIME,ACCOUNTID,CREATE_NAME,CREATE_BY,CREATE_DATE,UPDATE_NAME,UPDATE_BY,UPDATE_DATE) values ('881691286CB84D58B696F3D641E22EEE','20880054197230107528206912619490',null,null,null,null,null,null,null,null,null,'1',null,'402880a94742e24e014742e8942b0002',null,null,to_date('20-12月-16','DD-MON-RR'),null,null,null);
Insert into ALIPAY_GZUSERINFO (ID,USERID,NAME,DEPARTMENT,POSITION,MOBILE,PROVINCE,GENDER,EMAIL,WEIXINID,AVATAR,SUBSCRIBE_STATUS,SUBSCRIBE_TIME,ACCOUNTID,CREATE_NAME,CREATE_BY,CREATE_DATE,UPDATE_NAME,UPDATE_BY,UPDATE_DATE) values ('952A264667154F2EB1ED849F15C08B2E','20880074330486915983138131419414',null,null,null,null,null,null,null,null,null,'1',null,'402880a94742e24e014742e8942b0002',null,null,to_date('20-12月-16','DD-MON-RR'),null,null,null);
Insert into ALIPAY_GZUSERINFO (ID,USERID,NAME,DEPARTMENT,POSITION,MOBILE,PROVINCE,GENDER,EMAIL,WEIXINID,AVATAR,SUBSCRIBE_STATUS,SUBSCRIBE_TIME,ACCOUNTID,CREATE_NAME,CREATE_BY,CREATE_DATE,UPDATE_NAME,UPDATE_BY,UPDATE_DATE) values ('AA5AD0868B0949CD803EC39F02B8F02F','20880083002078558077811642819460',null,null,null,null,null,null,null,null,null,'1',null,'402880a94742e24e014742e8942b0002',null,null,to_date('20-12月-16','DD-MON-RR'),null,null,null);
Insert into ALIPAY_GZUSERINFO (ID,USERID,NAME,DEPARTMENT,POSITION,MOBILE,PROVINCE,GENDER,EMAIL,WEIXINID,AVATAR,SUBSCRIBE_STATUS,SUBSCRIBE_TIME,ACCOUNTID,CREATE_NAME,CREATE_BY,CREATE_DATE,UPDATE_NAME,UPDATE_BY,UPDATE_DATE) values ('AC2DCF611F8D470CB7E0F342E9BB42D9','20880074692262166946381440319403',null,null,null,null,null,null,null,null,null,'1',null,'402880a94742e24e014742e8942b0002',null,null,to_date('20-12月-16','DD-MON-RR'),null,null,null);
Insert into ALIPAY_GZUSERINFO (ID,USERID,NAME,DEPARTMENT,POSITION,MOBILE,PROVINCE,GENDER,EMAIL,WEIXINID,AVATAR,SUBSCRIBE_STATUS,SUBSCRIBE_TIME,ACCOUNTID,CREATE_NAME,CREATE_BY,CREATE_DATE,UPDATE_NAME,UPDATE_BY,UPDATE_DATE) values ('BF2E07F76B814341854E5070D7482180','20881062565070899752701612719459',null,null,null,null,null,null,null,null,null,'1',null,'402880a94742e24e014742e8942b0002',null,null,to_date('20-12月-16','DD-MON-RR'),null,null,null);
Insert into ALIPAY_GZUSERINFO (ID,USERID,NAME,DEPARTMENT,POSITION,MOBILE,PROVINCE,GENDER,EMAIL,WEIXINID,AVATAR,SUBSCRIBE_STATUS,SUBSCRIBE_TIME,ACCOUNTID,CREATE_NAME,CREATE_BY,CREATE_DATE,UPDATE_NAME,UPDATE_BY,UPDATE_DATE) values ('CD10799649434381AA4292AAC67B50D0','20880074330493508920562121419446',null,null,null,null,null,null,null,null,null,'1',null,'402880a94742e24e014742e8942b0002',null,null,to_date('20-12月-16','DD-MON-RR'),null,null,null);
Insert into ALIPAY_GZUSERINFO (ID,USERID,NAME,DEPARTMENT,POSITION,MOBILE,PROVINCE,GENDER,EMAIL,WEIXINID,AVATAR,SUBSCRIBE_STATUS,SUBSCRIBE_TIME,ACCOUNTID,CREATE_NAME,CREATE_BY,CREATE_DATE,UPDATE_NAME,UPDATE_BY,UPDATE_DATE) values ('E131E911FF434ABDAB50B85C015063A9','20880020502872897336717011019410',null,null,null,null,null,null,null,null,null,'1',null,'402880a94742e24e014742e8942b0002',null,null,to_date('20-12月-16','DD-MON-RR'),null,null,null);
Insert into ALIPAY_GZUSERINFO (ID,USERID,NAME,DEPARTMENT,POSITION,MOBILE,PROVINCE,GENDER,EMAIL,WEIXINID,AVATAR,SUBSCRIBE_STATUS,SUBSCRIBE_TIME,ACCOUNTID,CREATE_NAME,CREATE_BY,CREATE_DATE,UPDATE_NAME,UPDATE_BY,UPDATE_DATE) values ('F3139DD1BC6D4D5794707B780CD096FC','20881011548320625084538750519437',null,null,null,null,null,null,null,null,null,'1',null,'402880a94742e24e014742e8942b0002',null,null,to_date('20-12月-16','DD-MON-RR'),null,null,null);
Insert into ALIPAY_GZUSERINFO (ID,USERID,NAME,DEPARTMENT,POSITION,MOBILE,PROVINCE,GENDER,EMAIL,WEIXINID,AVATAR,SUBSCRIBE_STATUS,SUBSCRIBE_TIME,ACCOUNTID,CREATE_NAME,CREATE_BY,CREATE_DATE,UPDATE_NAME,UPDATE_BY,UPDATE_DATE) values ('F641D6DF5CCA42B3835F4EB7F832D73E','20880006335185776137228431719449',null,null,null,null,null,null,null,null,null,'1',null,'402880a94742e24e014742e8942b0002',null,null,to_date('20-12月-16','DD-MON-RR'),null,null,null);
REM INSERTING into ALIPAY_MENU
SET DEFINE OFF;
Insert into ALIPAY_MENU (ID,AGENT_ID,MENU_NAME,MENU_TYPE,MENU_KEY,ORDERS,MSG_TYPE,TEMPLATE_ID,URL,FATHER_ID,CREATE_NAME,CREATE_BY,CREATE_DATE,UPDATE_NAME,UPDATE_BY,UPDATE_DATE) values ('050DD02B4E8A4B06BDE8E6FE1CECCF0F',null,'百度','link','13','13','text','F214C903F8444BADA9F974327B726342','http://www.baidu.com','1907D8112FD7453BBCDDDEF1C7FF7020',null,null,to_date('14-7月 -16','DD-MON-RR'),null,null,null);
Insert into ALIPAY_MENU (ID,AGENT_ID,MENU_NAME,MENU_TYPE,MENU_KEY,ORDERS,MSG_TYPE,TEMPLATE_ID,URL,FATHER_ID,CREATE_NAME,CREATE_BY,CREATE_DATE,UPDATE_NAME,UPDATE_BY,UPDATE_DATE) values ('1907D8112FD7453BBCDDDEF1C7FF7020',null,'北京国炬','out','1','1','text','F214C903F8444BADA9F974327B726342',' ',' ',null,null,to_date('14-7月 -16','DD-MON-RR'),null,null,null);
Insert into ALIPAY_MENU (ID,AGENT_ID,MENU_NAME,MENU_TYPE,MENU_KEY,ORDERS,MSG_TYPE,TEMPLATE_ID,URL,FATHER_ID,CREATE_NAME,CREATE_BY,CREATE_DATE,UPDATE_NAME,UPDATE_BY,UPDATE_DATE) values ('7D395F8A0BA140E7A810A90724AEA1B4',null,'触发文本','out','21','21','text','ff808081538e81b40153a172bfcc0070',' ','B9AAA5D38079466DA112080B221970CF',null,null,to_date('07-7月 -16','DD-MON-RR'),null,null,null);
Insert into ALIPAY_MENU (ID,AGENT_ID,MENU_NAME,MENU_TYPE,MENU_KEY,ORDERS,MSG_TYPE,TEMPLATE_ID,URL,FATHER_ID,CREATE_NAME,CREATE_BY,CREATE_DATE,UPDATE_NAME,UPDATE_BY,UPDATE_DATE) values ('9B6E04A2D594443383A3036E5A4FE6B4',null,'触发图文','out','22','22','news','7A1B95B8B5144E3B8D97BDB29C973538',' ','B9AAA5D38079466DA112080B221970CF',null,null,to_date('07-7月 -16','DD-MON-RR'),null,null,null);
Insert into ALIPAY_MENU (ID,AGENT_ID,MENU_NAME,MENU_TYPE,MENU_KEY,ORDERS,MSG_TYPE,TEMPLATE_ID,URL,FATHER_ID,CREATE_NAME,CREATE_BY,CREATE_DATE,UPDATE_NAME,UPDATE_BY,UPDATE_DATE) values ('B9AAA5D38079466DA112080B221970CF',null,'触发菜单','out','2','2','text','F65B42281D1E46E69FBEAEEC43587F6D',' ',' ',null,null,null,null,null,null);
Insert into ALIPAY_MENU (ID,AGENT_ID,MENU_NAME,MENU_TYPE,MENU_KEY,ORDERS,MSG_TYPE,TEMPLATE_ID,URL,FATHER_ID,CREATE_NAME,CREATE_BY,CREATE_DATE,UPDATE_NAME,UPDATE_BY,UPDATE_DATE) values ('EFF7B7D2662946AFA2DC9E230D8D5208',null,'捷微产品','out','11','11','text','B1AB9EE54A4542B5954F389A01113F53','http://www.jeewx.com','1907D8112FD7453BBCDDDEF1C7FF7020',null,null,to_date('14-7月 -16','DD-MON-RR'),null,null,null);
REM INSERTING into ALIPAY_MESSAGELOG
SET DEFINE OFF;
REM INSERTING into ALIPAY_NEWSITEM
SET DEFINE OFF;
Insert into ALIPAY_NEWSITEM (ID,TITLE,AUTHOR,IMAGE_PATH,TEMPLATEID,DESCRIPTION,ORDER_NO,URL,HDID,CREATE_NAME,CREATE_BY,CREATE_DATE,UPDATE_NAME,UPDATE_BY,UPDATE_DATE) values ('18342D4E58884D55B70D93C1D3F2A24A','12','12','upload/files/1348502772_8826.gif','0A1776E6FE6F4AFB9CF558175AAF495D','12','1',' ',null,null,null,null,null,null,null);
Insert into ALIPAY_NEWSITEM (ID,TITLE,AUTHOR,IMAGE_PATH,TEMPLATEID,DESCRIPTION,ORDER_NO,URL,HDID,CREATE_NAME,CREATE_BY,CREATE_DATE,UPDATE_NAME,UPDATE_BY,UPDATE_DATE) values ('7F2A47FF49684BD29E51339C4EFDFF05','jeecg图文1','jeecg','upload/files/jeecg_scott.jpg','F47A1A912AE345589CB5E1E87202FF7B','jeecg支付服务窗图文','1',' ',null,null,null,null,null,null,null);
Insert into ALIPAY_NEWSITEM (ID,TITLE,AUTHOR,IMAGE_PATH,TEMPLATEID,DESCRIPTION,ORDER_NO,URL,HDID,CREATE_NAME,CREATE_BY,CREATE_DATE,UPDATE_NAME,UPDATE_BY,UPDATE_DATE) values ('832F2A63469A4B438C7A2280BA8E9973',' jeecg',' jeecg','upload/files/ppx01814elfynejrpjjhm47.png','7A1B95B8B5144E3B8D97BDB29C973538',' jeecg jeecg','1','http://www.baidu.com',null,null,null,null,null,null,null);
Insert into ALIPAY_NEWSITEM (ID,TITLE,AUTHOR,IMAGE_PATH,TEMPLATEID,DESCRIPTION,ORDER_NO,URL,HDID,CREATE_NAME,CREATE_BY,CREATE_DATE,UPDATE_NAME,UPDATE_BY,UPDATE_DATE) values ('8a792db34fdf51b3014fdfa41353002e','test','test','upload/files/2008822103119443_2.jpg','8a792db34fdf51b3014fdfa3c6aa002c','111','1',' ',' ',null,null,null,null,null,null);
Insert into ALIPAY_NEWSITEM (ID,TITLE,AUTHOR,IMAGE_PATH,TEMPLATEID,DESCRIPTION,ORDER_NO,URL,HDID,CREATE_NAME,CREATE_BY,CREATE_DATE,UPDATE_NAME,UPDATE_BY,UPDATE_DATE) values ('BC89EDABF05E4678A7DC46087A8B1FBD','1231','123123','upload/files/70g58PICeGn.jpg','3D4ABC0B6B5F46EA9A53311FD9E871DA','123','1',' ',null,null,null,null,null,null,null);
Insert into ALIPAY_NEWSITEM (ID,TITLE,AUTHOR,IMAGE_PATH,TEMPLATEID,DESCRIPTION,ORDER_NO,URL,HDID,CREATE_NAME,CREATE_BY,CREATE_DATE,UPDATE_NAME,UPDATE_BY,UPDATE_DATE) values ('ff808081538e81b40153a1602d3c006b','2323','23','upload/files/20160323104906i8kA3KPF.jpg','ff808081538e81b401539bb4b1c80034','23','23','23',' ',null,null,null,null,null,null);
Insert into ALIPAY_NEWSITEM (ID,TITLE,AUTHOR,IMAGE_PATH,TEMPLATEID,DESCRIPTION,ORDER_NO,URL,HDID,CREATE_NAME,CREATE_BY,CREATE_DATE,UPDATE_NAME,UPDATE_BY,UPDATE_DATE) values ('ff808081538e81b40153a17b319a0076','sss','ddddd','upload/files/20160323111823UttemyYU.png','ff808081538e81b40153a1787a020074','jjjjjj','11','	http://www.zstobacco.com.cn:9091/tobacco-marketing/f/wxcp?verify&a=37',' ',null,null,null,null,null,null);
Insert into ALIPAY_NEWSITEM (ID,TITLE,AUTHOR,IMAGE_PATH,TEMPLATEID,DESCRIPTION,ORDER_NO,URL,HDID,CREATE_NAME,CREATE_BY,CREATE_DATE,UPDATE_NAME,UPDATE_BY,UPDATE_DATE) values ('FFF442C7C80D4052B08E37FF4F96F3C0','jeewx','jeewx','upload/files/profile_small.jpg','7A1B95B8B5144E3B8D97BDB29C973538','jeewx','2',' ',null,null,null,null,null,null,null);
REM INSERTING into ALIPAY_NEWSTEMPLATE
SET DEFINE OFF;
Insert into ALIPAY_NEWSTEMPLATE (ID,TEMPLATE_NAME,TEMPLATE_TYPE,ACCOUNTID,CREATE_NAME,CREATE_BY,CREATE_DATE,UPDATE_NAME,UPDATE_BY,UPDATE_DATE) values ('7A1B95B8B5144E3B8D97BDB29C973538','支付窗图文',null,'402880a94742e24e014742e8942b0002',null,null,to_date('16-6月 -16','DD-MON-RR'),null,null,null);
REM INSERTING into ALIPAY_RECEIVETEXT
SET DEFINE OFF;
Insert into ALIPAY_RECEIVETEXT (ID,TOUSERNAME,FROMUSERNAME,CREATETIME,MSGTYPE,MSGID,CONTENT,RESPONSE,RESCONTENT,NICKNAME,ACCOUNTID,AGENT_ID,CREATE_NAME,CREATE_BY,CREATE_DATE,UPDATE_NAME,UPDATE_BY,UPDATE_DATE) values ('15E1740AC7CD4932A585D954BFBD62FA','jeecg服务窗','20880062477199306806543630119465',to_date('16-12月-16','DD-MON-RR'),'文本消息',null,'jeewx','回复成功',null,null,'402880a94742e24e014742e8942b0002',null,null,null,null,null,null,null);
Insert into ALIPAY_RECEIVETEXT (ID,TOUSERNAME,FROMUSERNAME,CREATETIME,MSGTYPE,MSGID,CONTENT,RESPONSE,RESCONTENT,NICKNAME,ACCOUNTID,AGENT_ID,CREATE_NAME,CREATE_BY,CREATE_DATE,UPDATE_NAME,UPDATE_BY,UPDATE_DATE) values ('1B87F1CB34AB4404B89D24270652E11D','jeecg服务窗','20880062477199306806543630119465',to_date('16-12月-16','DD-MON-RR'),'文本消息',null,'nihao','回复成功',null,null,'402880a94742e24e014742e8942b0002',null,null,null,null,null,null,null);
Insert into ALIPAY_RECEIVETEXT (ID,TOUSERNAME,FROMUSERNAME,CREATETIME,MSGTYPE,MSGID,CONTENT,RESPONSE,RESCONTENT,NICKNAME,ACCOUNTID,AGENT_ID,CREATE_NAME,CREATE_BY,CREATE_DATE,UPDATE_NAME,UPDATE_BY,UPDATE_DATE) values ('1D95511136D446F4ADADCAF0269A50ED','jeecg服务窗','20880062477199306806543630119465',to_date('16-12月-16','DD-MON-RR'),'文本消息',null,'用户关注','回复成功',null,null,'402880a94742e24e014742e8942b0002',null,null,null,null,null,null,null);
Insert into ALIPAY_RECEIVETEXT (ID,TOUSERNAME,FROMUSERNAME,CREATETIME,MSGTYPE,MSGID,CONTENT,RESPONSE,RESCONTENT,NICKNAME,ACCOUNTID,AGENT_ID,CREATE_NAME,CREATE_BY,CREATE_DATE,UPDATE_NAME,UPDATE_BY,UPDATE_DATE) values ('2BEB7D3014BB45788426426E00E4F826','jeecg服务窗','20880062477199306806543630119465',to_date('16-12月-16','DD-MON-RR'),'文本消息',null,'用户关注','回复成功',null,null,'402880a94742e24e014742e8942b0002',null,null,null,null,null,null,null);
Insert into ALIPAY_RECEIVETEXT (ID,TOUSERNAME,FROMUSERNAME,CREATETIME,MSGTYPE,MSGID,CONTENT,RESPONSE,RESCONTENT,NICKNAME,ACCOUNTID,AGENT_ID,CREATE_NAME,CREATE_BY,CREATE_DATE,UPDATE_NAME,UPDATE_BY,UPDATE_DATE) values ('456FADF59BA9426E918774244B5A6271','jeecg服务窗','20880062477199306806543630119465',to_date('16-12月-16','DD-MON-RR'),'文本消息',null,'触发文本','回复成功',null,null,'402880a94742e24e014742e8942b0002',null,null,null,null,null,null,null);
Insert into ALIPAY_RECEIVETEXT (ID,TOUSERNAME,FROMUSERNAME,CREATETIME,MSGTYPE,MSGID,CONTENT,RESPONSE,RESCONTENT,NICKNAME,ACCOUNTID,AGENT_ID,CREATE_NAME,CREATE_BY,CREATE_DATE,UPDATE_NAME,UPDATE_BY,UPDATE_DATE) values ('4EBF4B4B9E5D48979CED14133A0084A7','jeecg服务窗','20880062477199306806543630119465',to_date('16-12月-16','DD-MON-RR'),'文本消息',null,'jeecg','回复成功',null,null,'402880a94742e24e014742e8942b0002',null,null,null,null,null,null,null);
Insert into ALIPAY_RECEIVETEXT (ID,TOUSERNAME,FROMUSERNAME,CREATETIME,MSGTYPE,MSGID,CONTENT,RESPONSE,RESCONTENT,NICKNAME,ACCOUNTID,AGENT_ID,CREATE_NAME,CREATE_BY,CREATE_DATE,UPDATE_NAME,UPDATE_BY,UPDATE_DATE) values ('5875496DAEC349469B1527B99E24AEC6','jeewx 演示服务窗','20880062477199306806543630119465',to_date('20-12月-16','DD-MON-RR'),'文本消息',null,'你好','回复成功',null,null,'402880a94742e24e014742e8942b0002',null,null,null,null,null,null,null);
Insert into ALIPAY_RECEIVETEXT (ID,TOUSERNAME,FROMUSERNAME,CREATETIME,MSGTYPE,MSGID,CONTENT,RESPONSE,RESCONTENT,NICKNAME,ACCOUNTID,AGENT_ID,CREATE_NAME,CREATE_BY,CREATE_DATE,UPDATE_NAME,UPDATE_BY,UPDATE_DATE) values ('688BE88D5C9D4338B462C0E9C2EED79F','jeewx 演示服务窗','20880062477199306806543630119465',to_date('20-12月-16','DD-MON-RR'),'文本消息',null,'你好','回复成功',null,null,'402880a94742e24e014742e8942b0002',null,null,null,null,null,null,null);
Insert into ALIPAY_RECEIVETEXT (ID,TOUSERNAME,FROMUSERNAME,CREATETIME,MSGTYPE,MSGID,CONTENT,RESPONSE,RESCONTENT,NICKNAME,ACCOUNTID,AGENT_ID,CREATE_NAME,CREATE_BY,CREATE_DATE,UPDATE_NAME,UPDATE_BY,UPDATE_DATE) values ('705AF89B7AC74C9AA7186C1FB5F0A191','jeecg服务窗','20880062477199306806543630119465',to_date('16-12月-16','DD-MON-RR'),'文本消息',null,'用户关注','回复成功',null,null,'402880a94742e24e014742e8942b0002',null,null,null,null,null,null,null);
Insert into ALIPAY_RECEIVETEXT (ID,TOUSERNAME,FROMUSERNAME,CREATETIME,MSGTYPE,MSGID,CONTENT,RESPONSE,RESCONTENT,NICKNAME,ACCOUNTID,AGENT_ID,CREATE_NAME,CREATE_BY,CREATE_DATE,UPDATE_NAME,UPDATE_BY,UPDATE_DATE) values ('7EECFCEBBF094C75B14C15FBB5C9C47C','jeecg服务窗','20880062477199306806543630119465',to_date('16-12月-16','DD-MON-RR'),'文本消息',null,'捷微官网','回复成功',null,null,'402880a94742e24e014742e8942b0002',null,null,null,null,null,null,null);
Insert into ALIPAY_RECEIVETEXT (ID,TOUSERNAME,FROMUSERNAME,CREATETIME,MSGTYPE,MSGID,CONTENT,RESPONSE,RESCONTENT,NICKNAME,ACCOUNTID,AGENT_ID,CREATE_NAME,CREATE_BY,CREATE_DATE,UPDATE_NAME,UPDATE_BY,UPDATE_DATE) values ('80C5E7B0FCAF4388BC6D044478A2D8E5','jeecg服务窗','20880062477199306806543630119465',to_date('16-12月-16','DD-MON-RR'),'文本消息',null,'jeecg','回复成功',null,null,'402880a94742e24e014742e8942b0002',null,null,null,null,null,null,null);
Insert into ALIPAY_RECEIVETEXT (ID,TOUSERNAME,FROMUSERNAME,CREATETIME,MSGTYPE,MSGID,CONTENT,RESPONSE,RESCONTENT,NICKNAME,ACCOUNTID,AGENT_ID,CREATE_NAME,CREATE_BY,CREATE_DATE,UPDATE_NAME,UPDATE_BY,UPDATE_DATE) values ('A25BAB80B918413480817CD454788D12','jeecg服务窗','20880062477199306806543630119465',to_date('16-12月-16','DD-MON-RR'),'文本消息',null,'用户关注','回复成功',null,null,'402880a94742e24e014742e8942b0002',null,null,null,null,null,null,null);
Insert into ALIPAY_RECEIVETEXT (ID,TOUSERNAME,FROMUSERNAME,CREATETIME,MSGTYPE,MSGID,CONTENT,RESPONSE,RESCONTENT,NICKNAME,ACCOUNTID,AGENT_ID,CREATE_NAME,CREATE_BY,CREATE_DATE,UPDATE_NAME,UPDATE_BY,UPDATE_DATE) values ('A2765C2E61F1485AA5BD90B0D9E7A29B','jeewx 演示服务窗','20880062477199306806543630119465',to_date('20-12月-16','DD-MON-RR'),'文本消息',null,'用户关注','回复成功',null,null,'402880a94742e24e014742e8942b0002',null,null,null,null,null,null,null);
Insert into ALIPAY_RECEIVETEXT (ID,TOUSERNAME,FROMUSERNAME,CREATETIME,MSGTYPE,MSGID,CONTENT,RESPONSE,RESCONTENT,NICKNAME,ACCOUNTID,AGENT_ID,CREATE_NAME,CREATE_BY,CREATE_DATE,UPDATE_NAME,UPDATE_BY,UPDATE_DATE) values ('A5D8A523E34E4CAEB341861230AE403E','jeecg服务窗','20880062477199306806543630119465',to_date('16-12月-16','DD-MON-RR'),'文本消息',null,'捷微产品','回复成功',null,null,'402880a94742e24e014742e8942b0002',null,null,null,null,null,null,null);
Insert into ALIPAY_RECEIVETEXT (ID,TOUSERNAME,FROMUSERNAME,CREATETIME,MSGTYPE,MSGID,CONTENT,RESPONSE,RESCONTENT,NICKNAME,ACCOUNTID,AGENT_ID,CREATE_NAME,CREATE_BY,CREATE_DATE,UPDATE_NAME,UPDATE_BY,UPDATE_DATE) values ('AB93899B9B1C4BCCA75D5224F06EA626','jeecg服务窗','20880062477199306806543630119465',to_date('16-12月-16','DD-MON-RR'),'文本消息',null,'捷微官网','回复成功',null,null,'402880a94742e24e014742e8942b0002',null,null,null,null,null,null,null);
Insert into ALIPAY_RECEIVETEXT (ID,TOUSERNAME,FROMUSERNAME,CREATETIME,MSGTYPE,MSGID,CONTENT,RESPONSE,RESCONTENT,NICKNAME,ACCOUNTID,AGENT_ID,CREATE_NAME,CREATE_BY,CREATE_DATE,UPDATE_NAME,UPDATE_BY,UPDATE_DATE) values ('C52F59EAE52F46DD961A6F3E0CED4190','jeewx 演示服务窗','20880062477199306806543630119465',to_date('20-12月-16','DD-MON-RR'),'文本消息',null,'用户关注','回复成功',null,null,'402880a94742e24e014742e8942b0002',null,null,null,null,null,null,null);
Insert into ALIPAY_RECEIVETEXT (ID,TOUSERNAME,FROMUSERNAME,CREATETIME,MSGTYPE,MSGID,CONTENT,RESPONSE,RESCONTENT,NICKNAME,ACCOUNTID,AGENT_ID,CREATE_NAME,CREATE_BY,CREATE_DATE,UPDATE_NAME,UPDATE_BY,UPDATE_DATE) values ('C81412D555D748CDA1E1942490AD9D67','jeecg服务窗','20880062477199306806543630119465',to_date('16-12月-16','DD-MON-RR'),'文本消息',null,'捷微官网','回复成功',null,null,'402880a94742e24e014742e8942b0002',null,null,null,null,null,null,null);
Insert into ALIPAY_RECEIVETEXT (ID,TOUSERNAME,FROMUSERNAME,CREATETIME,MSGTYPE,MSGID,CONTENT,RESPONSE,RESCONTENT,NICKNAME,ACCOUNTID,AGENT_ID,CREATE_NAME,CREATE_BY,CREATE_DATE,UPDATE_NAME,UPDATE_BY,UPDATE_DATE) values ('CA7368B20029427C96316C4AB191C19B','jeewx 演示服务窗','20880062477199306806543630119465',to_date('20-12月-16','DD-MON-RR'),'文本消息',null,'你好','回复成功',null,null,'402880a94742e24e014742e8942b0002',null,null,null,null,null,null,null);
Insert into ALIPAY_RECEIVETEXT (ID,TOUSERNAME,FROMUSERNAME,CREATETIME,MSGTYPE,MSGID,CONTENT,RESPONSE,RESCONTENT,NICKNAME,ACCOUNTID,AGENT_ID,CREATE_NAME,CREATE_BY,CREATE_DATE,UPDATE_NAME,UPDATE_BY,UPDATE_DATE) values ('D1701D132BA64AF298C4A125F42B82A9','jeecg服务窗','20880062477199306806543630119465',to_date('16-12月-16','DD-MON-RR'),'文本消息',null,'触发图文','回复成功',null,null,'402880a94742e24e014742e8942b0002',null,null,null,null,null,null,null);
Insert into ALIPAY_RECEIVETEXT (ID,TOUSERNAME,FROMUSERNAME,CREATETIME,MSGTYPE,MSGID,CONTENT,RESPONSE,RESCONTENT,NICKNAME,ACCOUNTID,AGENT_ID,CREATE_NAME,CREATE_BY,CREATE_DATE,UPDATE_NAME,UPDATE_BY,UPDATE_DATE) values ('F23306EEFF6A48F0BC7F9311B5477BC0','jeewx 演示服务窗','20880062477199306806543630119465',to_date('20-12月-16','DD-MON-RR'),'文本消息',null,'你好','回复成功',null,null,'402880a94742e24e014742e8942b0002',null,null,null,null,null,null,null);
REM INSERTING into ALIPAY_RECEIVETEXT_CONTENT
SET DEFINE OFF;
Insert into ALIPAY_RECEIVETEXT_CONTENT (ID,RECEIVETEXT_ID,CONTENT,CREATE_NAME,CREATE_BY,CREATE_DATE,UPDATE_NAME,UPDATE_BY,UPDATE_DATE) values ('B558A45827A6444797B6CB380D9655B2','1B87F1CB34AB4404B89D24270652E11D','9999',null,null,null,null,null,null);
REM INSERTING into ALIPAY_TEXTTEMPLATE
SET DEFINE OFF;
Insert into ALIPAY_TEXTTEMPLATE (ID,TEMPLATE_NAME,TEMPLATE_CONTENT,ACCOUNTID,CREATE_NAME,CREATE_BY,CREATE_DATE,UPDATE_NAME,UPDATE_BY,UPDATE_DATE) values ('8a792db34fdf51b3014fdfa391fd002a','素材一句话冠亚军','测试素材很干净','402880a94742e24e014742e8942b0002',null,null,null,null,null,null);
Insert into ALIPAY_TEXTTEMPLATE (ID,TEMPLATE_NAME,TEMPLATE_CONTENT,ACCOUNTID,CREATE_NAME,CREATE_BY,CREATE_DATE,UPDATE_NAME,UPDATE_BY,UPDATE_DATE) values ('8a792db34fdf51b3014fdfb196200049','验证回复语','验证回复语','402880a94742e24e014742e8942b0002',null,null,null,null,null,null);
Insert into ALIPAY_TEXTTEMPLATE (ID,TEMPLATE_NAME,TEMPLATE_CONTENT,ACCOUNTID,CREATE_NAME,CREATE_BY,CREATE_DATE,UPDATE_NAME,UPDATE_BY,UPDATE_DATE) values ('8a792db34fdf51b3014fdfb1fdb3004c','关注回复语','关注回复语，欢迎你关注jeecg支付服务窗','402880a94742e24e014742e8942b0002',null,null,null,null,null,null);
Insert into ALIPAY_TEXTTEMPLATE (ID,TEMPLATE_NAME,TEMPLATE_CONTENT,ACCOUNTID,CREATE_NAME,CREATE_BY,CREATE_DATE,UPDATE_NAME,UPDATE_BY,UPDATE_DATE) values ('B1AB9EE54A4542B5954F389A01113F53','JEEWX产品介绍','Jeewx是一款开源、免费的微信管家系统（多触点管理平台）。采用JAVA语言，支持微信公众号、微信企业号、支付宝服务窗、QQ公众号、微博账号等多触点管理。Jeewx实现了微信、支付窗、微信企业号、微博等触点的基础管理功能，便于用户二次开发。
官网：www.jeewx.com
QQ群：289709451','402880a94742e24e014742e8942b0002',null,null,to_date('16-12月-16','DD-MON-RR'),null,null,null);
Insert into ALIPAY_TEXTTEMPLATE (ID,TEMPLATE_NAME,TEMPLATE_CONTENT,ACCOUNTID,CREATE_NAME,CREATE_BY,CREATE_DATE,UPDATE_NAME,UPDATE_BY,UPDATE_DATE) values ('F65B42281D1E46E69FBEAEEC43587F6D','nihao','nihao你好，欢迎你关注 Jeewx 支付宝服务窗 ！！！','402880a94742e24e014742e8942b0002',null,null,to_date('25-3月 -16','DD-MON-RR'),null,null,null);
Insert into ALIPAY_TEXTTEMPLATE (ID,TEMPLATE_NAME,TEMPLATE_CONTENT,ACCOUNTID,CREATE_NAME,CREATE_BY,CREATE_DATE,UPDATE_NAME,UPDATE_BY,UPDATE_DATE) values ('ff808081538e81b40153a172bfcc0070','JEECG产品介绍','JEECG是一款基于代码生成器的J2EE快速开发平台，开源界“小普元”超越传统商业企业级开发平台。引领新的开发模式(Online Coding模式(自定义表单);代码生成器模式;手工MERGE智能开发)， 可以帮助解决Java项目60%的重复工作，让开发更多关注业务逻辑。既能快速提高开发效率，帮助公司节省人力成本，同时又不失灵活性。具备：表单配置能力（无需编码）、移动配置能力、工作流配置能力、报表配置能力（支持移动端）、插件开发能力（可插拔） http://www.guojusoft.com ','402880a94742e24e014742e8942b0002',null,null,null,null,null,null);
REM INSERTING into CGFORM_BUTTON
SET DEFINE OFF;
REM INSERTING into CGFORM_BUTTON_SQL
SET DEFINE OFF;
REM INSERTING into CGFORM_ENHANCE_JS
SET DEFINE OFF;
REM INSERTING into CGFORM_FIELD
SET DEFINE OFF;
Insert into CGFORM_FIELD (ID,CONTENT,CREATE_BY,CREATE_DATE,CREATE_NAME,DICT_FIELD,DICT_TABLE,DICT_TEXT,FIELD_DEFAULT,FIELD_HREF,FIELD_LENGTH,FIELD_NAME,FIELD_VALID_TYPE,IS_KEY,IS_NULL,IS_QUERY,IS_SHOW,IS_SHOW_LIST,LENGTH,MAIN_FIELD,MAIN_TABLE,OLD_FIELD_NAME,ORDER_NUM,POINT_LENGTH,QUERY_MODE,SHOW_TYPE,TYPE,UPDATE_BY,UPDATE_DATE,UPDATE_NAME,TABLE_ID) values ('402881e446676a0601466770878c0002','主键','admin',to_date('04-6月 -14','DD-MON-RR'),'管理员',' ',' ',' ',' ',' ',0,'id',' ','Y','N','N','N','N',36,' ',' ','id',1,0,'single','text','string',null,null,null,'402881e446676a060146677087880001');
Insert into CGFORM_FIELD (ID,CONTENT,CREATE_BY,CREATE_DATE,CREATE_NAME,DICT_FIELD,DICT_TABLE,DICT_TEXT,FIELD_DEFAULT,FIELD_HREF,FIELD_LENGTH,FIELD_NAME,FIELD_VALID_TYPE,IS_KEY,IS_NULL,IS_QUERY,IS_SHOW,IS_SHOW_LIST,LENGTH,MAIN_FIELD,MAIN_TABLE,OLD_FIELD_NAME,ORDER_NUM,POINT_LENGTH,QUERY_MODE,SHOW_TYPE,TYPE,UPDATE_BY,UPDATE_DATE,UPDATE_NAME,TABLE_ID) values ('402881e446676a060146677087df0003','关键字','admin',to_date('04-6月 -14','DD-MON-RR'),'管理员',' ',' ',' ',' ',' ',120,'keyword',' ','N','N','N','Y','Y',100,' ',' ','key',2,0,'single','text','string','admin',to_date('04-6月 -14','DD-MON-RR'),'管理员','402881e446676a060146677087880001');
Insert into CGFORM_FIELD (ID,CONTENT,CREATE_BY,CREATE_DATE,CREATE_NAME,DICT_FIELD,DICT_TABLE,DICT_TEXT,FIELD_DEFAULT,FIELD_HREF,FIELD_LENGTH,FIELD_NAME,FIELD_VALID_TYPE,IS_KEY,IS_NULL,IS_QUERY,IS_SHOW,IS_SHOW_LIST,LENGTH,MAIN_FIELD,MAIN_TABLE,OLD_FIELD_NAME,ORDER_NUM,POINT_LENGTH,QUERY_MODE,SHOW_TYPE,TYPE,UPDATE_BY,UPDATE_DATE,UPDATE_NAME,TABLE_ID) values ('402881e446676a060146677087e20004','类长名','admin',to_date('04-6月 -14','DD-MON-RR'),'管理员',' ',' ',' ',' ',' ',120,'classname',' ','N','N','N','Y','Y',100,' ',' ','classname',3,0,'single','text','string',null,null,null,'402881e446676a060146677087880001');
Insert into CGFORM_FIELD (ID,CONTENT,CREATE_BY,CREATE_DATE,CREATE_NAME,DICT_FIELD,DICT_TABLE,DICT_TEXT,FIELD_DEFAULT,FIELD_HREF,FIELD_LENGTH,FIELD_NAME,FIELD_VALID_TYPE,IS_KEY,IS_NULL,IS_QUERY,IS_SHOW,IS_SHOW_LIST,LENGTH,MAIN_FIELD,MAIN_TABLE,OLD_FIELD_NAME,ORDER_NUM,POINT_LENGTH,QUERY_MODE,SHOW_TYPE,TYPE,UPDATE_BY,UPDATE_DATE,UPDATE_NAME,TABLE_ID) values ('402881e446676a060146677087e50005','微信公众帐号','admin',to_date('04-6月 -14','DD-MON-RR'),'管理员',' ',' ',' ',' ',' ',120,'accountid',' ','N','Y','N','Y','Y',200,' ',' ','accountid',4,0,'single','text','string',null,null,null,'402881e446676a060146677087880001');
Insert into CGFORM_FIELD (ID,CONTENT,CREATE_BY,CREATE_DATE,CREATE_NAME,DICT_FIELD,DICT_TABLE,DICT_TEXT,FIELD_DEFAULT,FIELD_HREF,FIELD_LENGTH,FIELD_NAME,FIELD_VALID_TYPE,IS_KEY,IS_NULL,IS_QUERY,IS_SHOW,IS_SHOW_LIST,LENGTH,MAIN_FIELD,MAIN_TABLE,OLD_FIELD_NAME,ORDER_NUM,POINT_LENGTH,QUERY_MODE,SHOW_TYPE,TYPE,UPDATE_BY,UPDATE_DATE,UPDATE_NAME,TABLE_ID) values ('402881e446676a0601466775b8fc0007','功能名称','admin',to_date('04-6月 -14','DD-MON-RR'),'管理员',' ',' ',' ',' ',' ',120,'name',' ','N','Y','N','Y','Y',100,' ',' ','name',5,0,'single','text','string',null,null,null,'402881e446676a060146677087880001');
Insert into CGFORM_FIELD (ID,CONTENT,CREATE_BY,CREATE_DATE,CREATE_NAME,DICT_FIELD,DICT_TABLE,DICT_TEXT,FIELD_DEFAULT,FIELD_HREF,FIELD_LENGTH,FIELD_NAME,FIELD_VALID_TYPE,IS_KEY,IS_NULL,IS_QUERY,IS_SHOW,IS_SHOW_LIST,LENGTH,MAIN_FIELD,MAIN_TABLE,OLD_FIELD_NAME,ORDER_NUM,POINT_LENGTH,QUERY_MODE,SHOW_TYPE,TYPE,UPDATE_BY,UPDATE_DATE,UPDATE_NAME,TABLE_ID) values ('402881e446676a0601466775b9000008','功能描述','admin',to_date('04-6月 -14','DD-MON-RR'),'管理员',' ',' ',' ',' ',' ',120,'content',' ','N','Y','N','Y','Y',300,' ',' ','content',6,0,'single','text','string',null,null,null,'402881e446676a060146677087880001');
Insert into CGFORM_FIELD (ID,CONTENT,CREATE_BY,CREATE_DATE,CREATE_NAME,DICT_FIELD,DICT_TABLE,DICT_TEXT,FIELD_DEFAULT,FIELD_HREF,FIELD_LENGTH,FIELD_NAME,FIELD_VALID_TYPE,IS_KEY,IS_NULL,IS_QUERY,IS_SHOW,IS_SHOW_LIST,LENGTH,MAIN_FIELD,MAIN_TABLE,OLD_FIELD_NAME,ORDER_NUM,POINT_LENGTH,QUERY_MODE,SHOW_TYPE,TYPE,UPDATE_BY,UPDATE_DATE,UPDATE_NAME,TABLE_ID) values ('402881e845c73cb00145c75445120008','主键','admin',to_date('04-5月 -14','DD-MON-RR'),'管理员',' ',' ',' ',' ',' ',0,'id',' ','Y','N','N','N','N',36,' ',' ','id',1,0,'single','text','string',null,null,null,'402881e845c73cb00145c754450c0007');
Insert into CGFORM_FIELD (ID,CONTENT,CREATE_BY,CREATE_DATE,CREATE_NAME,DICT_FIELD,DICT_TABLE,DICT_TEXT,FIELD_DEFAULT,FIELD_HREF,FIELD_LENGTH,FIELD_NAME,FIELD_VALID_TYPE,IS_KEY,IS_NULL,IS_QUERY,IS_SHOW,IS_SHOW_LIST,LENGTH,MAIN_FIELD,MAIN_TABLE,OLD_FIELD_NAME,ORDER_NUM,POINT_LENGTH,QUERY_MODE,SHOW_TYPE,TYPE,UPDATE_BY,UPDATE_DATE,UPDATE_NAME,TABLE_ID) values ('402881e845c73cb00145c75445ae0009','公众帐号名称','admin',to_date('04-5月 -14','DD-MON-RR'),'管理员',' ',' ',' ',' ',' ',120,'accountname',' ','N','Y','N','Y','Y',200,' ',' ','accountname',2,0,'single','text','string',null,null,null,'402881e845c73cb00145c754450c0007');
Insert into CGFORM_FIELD (ID,CONTENT,CREATE_BY,CREATE_DATE,CREATE_NAME,DICT_FIELD,DICT_TABLE,DICT_TEXT,FIELD_DEFAULT,FIELD_HREF,FIELD_LENGTH,FIELD_NAME,FIELD_VALID_TYPE,IS_KEY,IS_NULL,IS_QUERY,IS_SHOW,IS_SHOW_LIST,LENGTH,MAIN_FIELD,MAIN_TABLE,OLD_FIELD_NAME,ORDER_NUM,POINT_LENGTH,QUERY_MODE,SHOW_TYPE,TYPE,UPDATE_BY,UPDATE_DATE,UPDATE_NAME,TABLE_ID) values ('402881e845c73cb00145c75445b5000b','公众帐号TOKEN','admin',to_date('04-5月 -14','DD-MON-RR'),'管理员',' ',' ',' ',' ',' ',120,'accounttoken',' ','N','Y','N','Y','Y',200,' ',' ','accounttoken',3,0,'single','text','string','admin',to_date('06-5月 -14','DD-MON-RR'),'管理员','402881e845c73cb00145c754450c0007');
Insert into CGFORM_FIELD (ID,CONTENT,CREATE_BY,CREATE_DATE,CREATE_NAME,DICT_FIELD,DICT_TABLE,DICT_TEXT,FIELD_DEFAULT,FIELD_HREF,FIELD_LENGTH,FIELD_NAME,FIELD_VALID_TYPE,IS_KEY,IS_NULL,IS_QUERY,IS_SHOW,IS_SHOW_LIST,LENGTH,MAIN_FIELD,MAIN_TABLE,OLD_FIELD_NAME,ORDER_NUM,POINT_LENGTH,QUERY_MODE,SHOW_TYPE,TYPE,UPDATE_BY,UPDATE_DATE,UPDATE_NAME,TABLE_ID) values ('402881e845c73cb00145c75445b8000c','公众微信号','admin',to_date('04-5月 -14','DD-MON-RR'),'管理员',' ',' ',' ',' ',' ',120,'accountnumber',' ','N','Y','N','Y','Y',200,' ',' ','accountnumber',4,0,'single','text','string','admin',to_date('06-5月 -14','DD-MON-RR'),'管理员','402881e845c73cb00145c754450c0007');
Insert into CGFORM_FIELD (ID,CONTENT,CREATE_BY,CREATE_DATE,CREATE_NAME,DICT_FIELD,DICT_TABLE,DICT_TEXT,FIELD_DEFAULT,FIELD_HREF,FIELD_LENGTH,FIELD_NAME,FIELD_VALID_TYPE,IS_KEY,IS_NULL,IS_QUERY,IS_SHOW,IS_SHOW_LIST,LENGTH,MAIN_FIELD,MAIN_TABLE,OLD_FIELD_NAME,ORDER_NUM,POINT_LENGTH,QUERY_MODE,SHOW_TYPE,TYPE,UPDATE_BY,UPDATE_DATE,UPDATE_NAME,TABLE_ID) values ('402881e845c73cb00145c75445c3000d','公众号类型','admin',to_date('04-5月 -14','DD-MON-RR'),'管理员',' ',' ',' ',' ',' ',120,'accounttype',' ','N','Y','N','Y','Y',50,' ',' ','accounttype',5,0,'single','text','string','admin',to_date('06-5月 -14','DD-MON-RR'),'管理员','402881e845c73cb00145c754450c0007');
Insert into CGFORM_FIELD (ID,CONTENT,CREATE_BY,CREATE_DATE,CREATE_NAME,DICT_FIELD,DICT_TABLE,DICT_TEXT,FIELD_DEFAULT,FIELD_HREF,FIELD_LENGTH,FIELD_NAME,FIELD_VALID_TYPE,IS_KEY,IS_NULL,IS_QUERY,IS_SHOW,IS_SHOW_LIST,LENGTH,MAIN_FIELD,MAIN_TABLE,OLD_FIELD_NAME,ORDER_NUM,POINT_LENGTH,QUERY_MODE,SHOW_TYPE,TYPE,UPDATE_BY,UPDATE_DATE,UPDATE_NAME,TABLE_ID) values ('402881e845c73cb00145c75445c7000e','电子邮箱','admin',to_date('04-5月 -14','DD-MON-RR'),'管理员',' ',' ',' ',' ',' ',120,'accountemail',' ','N','Y','N','Y','Y',200,' ',' ','accountemail',6,0,'single','text','string','admin',to_date('06-5月 -14','DD-MON-RR'),'管理员','402881e845c73cb00145c754450c0007');
Insert into CGFORM_FIELD (ID,CONTENT,CREATE_BY,CREATE_DATE,CREATE_NAME,DICT_FIELD,DICT_TABLE,DICT_TEXT,FIELD_DEFAULT,FIELD_HREF,FIELD_LENGTH,FIELD_NAME,FIELD_VALID_TYPE,IS_KEY,IS_NULL,IS_QUERY,IS_SHOW,IS_SHOW_LIST,LENGTH,MAIN_FIELD,MAIN_TABLE,OLD_FIELD_NAME,ORDER_NUM,POINT_LENGTH,QUERY_MODE,SHOW_TYPE,TYPE,UPDATE_BY,UPDATE_DATE,UPDATE_NAME,TABLE_ID) values ('402881e845c73cb00145c75445cb000f','公众帐号描述','admin',to_date('04-5月 -14','DD-MON-RR'),'管理员',' ',' ',' ',' ',' ',120,'accountdesc',' ','N','Y','N','Y','Y',500,' ',' ','accountdesc',7,0,'single','text','string','admin',to_date('06-5月 -14','DD-MON-RR'),'管理员','402881e845c73cb00145c754450c0007');
Insert into CGFORM_FIELD (ID,CONTENT,CREATE_BY,CREATE_DATE,CREATE_NAME,DICT_FIELD,DICT_TABLE,DICT_TEXT,FIELD_DEFAULT,FIELD_HREF,FIELD_LENGTH,FIELD_NAME,FIELD_VALID_TYPE,IS_KEY,IS_NULL,IS_QUERY,IS_SHOW,IS_SHOW_LIST,LENGTH,MAIN_FIELD,MAIN_TABLE,OLD_FIELD_NAME,ORDER_NUM,POINT_LENGTH,QUERY_MODE,SHOW_TYPE,TYPE,UPDATE_BY,UPDATE_DATE,UPDATE_NAME,TABLE_ID) values ('402881e845d16cb10145d1711e730002','公众帐号APPID','admin',to_date('06-5月 -14','DD-MON-RR'),'管理员',' ',' ',' ',' ',' ',120,'accountappid',' ','N','Y','N','Y','Y',200,' ',' ','accountappid',8,0,'single','text','string',null,null,null,'402881e845c73cb00145c754450c0007');
Insert into CGFORM_FIELD (ID,CONTENT,CREATE_BY,CREATE_DATE,CREATE_NAME,DICT_FIELD,DICT_TABLE,DICT_TEXT,FIELD_DEFAULT,FIELD_HREF,FIELD_LENGTH,FIELD_NAME,FIELD_VALID_TYPE,IS_KEY,IS_NULL,IS_QUERY,IS_SHOW,IS_SHOW_LIST,LENGTH,MAIN_FIELD,MAIN_TABLE,OLD_FIELD_NAME,ORDER_NUM,POINT_LENGTH,QUERY_MODE,SHOW_TYPE,TYPE,UPDATE_BY,UPDATE_DATE,UPDATE_NAME,TABLE_ID) values ('402881e845d16cb10145d1711e790003','公众帐号APPSECRET','admin',to_date('06-5月 -14','DD-MON-RR'),'管理员',' ',' ',' ',' ',' ',120,'accountappsecret',' ','N','Y','N','Y','Y',500,' ',' ','accountappsecret',9,0,'single','text','string',null,null,null,'402881e845c73cb00145c754450c0007');
Insert into CGFORM_FIELD (ID,CONTENT,CREATE_BY,CREATE_DATE,CREATE_NAME,DICT_FIELD,DICT_TABLE,DICT_TEXT,FIELD_DEFAULT,FIELD_HREF,FIELD_LENGTH,FIELD_NAME,FIELD_VALID_TYPE,IS_KEY,IS_NULL,IS_QUERY,IS_SHOW,IS_SHOW_LIST,LENGTH,MAIN_FIELD,MAIN_TABLE,OLD_FIELD_NAME,ORDER_NUM,POINT_LENGTH,QUERY_MODE,SHOW_TYPE,TYPE,UPDATE_BY,UPDATE_DATE,UPDATE_NAME,TABLE_ID) values ('402881e845d16cb10145d1711e7e0004','ACCESS_TOKEN','admin',to_date('06-5月 -14','DD-MON-RR'),'管理员',' ',' ',' ',' ',' ',120,'accountaccesstoken',' ','N','Y','N','Y','Y',1000,' ',' ','accountaccesstoken',10,0,'single','text','string',null,null,null,'402881e845c73cb00145c754450c0007');
Insert into CGFORM_FIELD (ID,CONTENT,CREATE_BY,CREATE_DATE,CREATE_NAME,DICT_FIELD,DICT_TABLE,DICT_TEXT,FIELD_DEFAULT,FIELD_HREF,FIELD_LENGTH,FIELD_NAME,FIELD_VALID_TYPE,IS_KEY,IS_NULL,IS_QUERY,IS_SHOW,IS_SHOW_LIST,LENGTH,MAIN_FIELD,MAIN_TABLE,OLD_FIELD_NAME,ORDER_NUM,POINT_LENGTH,QUERY_MODE,SHOW_TYPE,TYPE,UPDATE_BY,UPDATE_DATE,UPDATE_NAME,TABLE_ID) values ('402881e946f72f8e0146f74632020009','主键','4028d881436d514601436d5215ac0043',to_date('02-7月 -14','DD-MON-RR'),'admin',' ',' ',' ',' ',' ',120,'id',' ','Y','N','N','N','N',36,' ',' ','id',1,0,'single','text','string',null,null,null,'402881e946f72f8e0146f74632010008');
Insert into CGFORM_FIELD (ID,CONTENT,CREATE_BY,CREATE_DATE,CREATE_NAME,DICT_FIELD,DICT_TABLE,DICT_TEXT,FIELD_DEFAULT,FIELD_HREF,FIELD_LENGTH,FIELD_NAME,FIELD_VALID_TYPE,IS_KEY,IS_NULL,IS_QUERY,IS_SHOW,IS_SHOW_LIST,LENGTH,MAIN_FIELD,MAIN_TABLE,OLD_FIELD_NAME,ORDER_NUM,POINT_LENGTH,QUERY_MODE,SHOW_TYPE,TYPE,UPDATE_BY,UPDATE_DATE,UPDATE_NAME,TABLE_ID) values ('402881e946f72f8e0146f7463216000a','创建人名称','4028d881436d514601436d5215ac0043',to_date('02-7月 -14','DD-MON-RR'),'admin',' ',' ',' ',' ',' ',120,'create_name',' ','N','Y','N','N','N',50,' ',' ','create_name',2,0,'single','text','string',null,null,null,'402881e946f72f8e0146f74632010008');
Insert into CGFORM_FIELD (ID,CONTENT,CREATE_BY,CREATE_DATE,CREATE_NAME,DICT_FIELD,DICT_TABLE,DICT_TEXT,FIELD_DEFAULT,FIELD_HREF,FIELD_LENGTH,FIELD_NAME,FIELD_VALID_TYPE,IS_KEY,IS_NULL,IS_QUERY,IS_SHOW,IS_SHOW_LIST,LENGTH,MAIN_FIELD,MAIN_TABLE,OLD_FIELD_NAME,ORDER_NUM,POINT_LENGTH,QUERY_MODE,SHOW_TYPE,TYPE,UPDATE_BY,UPDATE_DATE,UPDATE_NAME,TABLE_ID) values ('402881e946f72f8e0146f746321c000b','创建日期','4028d881436d514601436d5215ac0043',to_date('02-7月 -14','DD-MON-RR'),'admin',' ',' ',' ',' ',' ',120,'create_date',' ','N','Y','N','N','Y',20,' ',' ','create_date',3,0,'single','text','Date',null,null,null,'402881e946f72f8e0146f74632010008');
Insert into CGFORM_FIELD (ID,CONTENT,CREATE_BY,CREATE_DATE,CREATE_NAME,DICT_FIELD,DICT_TABLE,DICT_TEXT,FIELD_DEFAULT,FIELD_HREF,FIELD_LENGTH,FIELD_NAME,FIELD_VALID_TYPE,IS_KEY,IS_NULL,IS_QUERY,IS_SHOW,IS_SHOW_LIST,LENGTH,MAIN_FIELD,MAIN_TABLE,OLD_FIELD_NAME,ORDER_NUM,POINT_LENGTH,QUERY_MODE,SHOW_TYPE,TYPE,UPDATE_BY,UPDATE_DATE,UPDATE_NAME,TABLE_ID) values ('402881e946f72f8e0146f7463224000c','修改人名称','4028d881436d514601436d5215ac0043',to_date('02-7月 -14','DD-MON-RR'),'admin',' ',' ',' ',' ',' ',120,'update_name',' ','N','Y','N','N','N',50,' ',' ','update_name',4,0,'single','text','string',null,null,null,'402881e946f72f8e0146f74632010008');
Insert into CGFORM_FIELD (ID,CONTENT,CREATE_BY,CREATE_DATE,CREATE_NAME,DICT_FIELD,DICT_TABLE,DICT_TEXT,FIELD_DEFAULT,FIELD_HREF,FIELD_LENGTH,FIELD_NAME,FIELD_VALID_TYPE,IS_KEY,IS_NULL,IS_QUERY,IS_SHOW,IS_SHOW_LIST,LENGTH,MAIN_FIELD,MAIN_TABLE,OLD_FIELD_NAME,ORDER_NUM,POINT_LENGTH,QUERY_MODE,SHOW_TYPE,TYPE,UPDATE_BY,UPDATE_DATE,UPDATE_NAME,TABLE_ID) values ('402881e946f72f8e0146f7463246000d','修改日期','4028d881436d514601436d5215ac0043',to_date('02-7月 -14','DD-MON-RR'),'admin',' ',' ',' ',' ',' ',120,'update_date',' ','N','Y','N','N','N',20,' ',' ','update_date',5,0,'single','text','Date',null,null,null,'402881e946f72f8e0146f74632010008');
Insert into CGFORM_FIELD (ID,CONTENT,CREATE_BY,CREATE_DATE,CREATE_NAME,DICT_FIELD,DICT_TABLE,DICT_TEXT,FIELD_DEFAULT,FIELD_HREF,FIELD_LENGTH,FIELD_NAME,FIELD_VALID_TYPE,IS_KEY,IS_NULL,IS_QUERY,IS_SHOW,IS_SHOW_LIST,LENGTH,MAIN_FIELD,MAIN_TABLE,OLD_FIELD_NAME,ORDER_NUM,POINT_LENGTH,QUERY_MODE,SHOW_TYPE,TYPE,UPDATE_BY,UPDATE_DATE,UPDATE_NAME,TABLE_ID) values ('402881e946f72f8e0146f7463250000e','分类名称','4028d881436d514601436d5215ac0043',to_date('02-7月 -14','DD-MON-RR'),'admin',' ',' ',' ',' ',' ',120,'name',' ','N','Y','N','Y','Y',50,' ',' ','name',6,0,'single','text','string',null,null,null,'402881e946f72f8e0146f74632010008');
Insert into CGFORM_FIELD (ID,CONTENT,CREATE_BY,CREATE_DATE,CREATE_NAME,DICT_FIELD,DICT_TABLE,DICT_TEXT,FIELD_DEFAULT,FIELD_HREF,FIELD_LENGTH,FIELD_NAME,FIELD_VALID_TYPE,IS_KEY,IS_NULL,IS_QUERY,IS_SHOW,IS_SHOW_LIST,LENGTH,MAIN_FIELD,MAIN_TABLE,OLD_FIELD_NAME,ORDER_NUM,POINT_LENGTH,QUERY_MODE,SHOW_TYPE,TYPE,UPDATE_BY,UPDATE_DATE,UPDATE_NAME,TABLE_ID) values ('402881e946f72f8e0146f746326b000f','图片路径','4028d881436d514601436d5215ac0043',to_date('02-7月 -14','DD-MON-RR'),'admin',' ',' ',' ',' ',' ',120,'imgurl',' ','N','Y','N','Y','Y',200,' ',' ','imgurl',7,0,'single','text','string',null,null,null,'402881e946f72f8e0146f74632010008');
Insert into CGFORM_FIELD (ID,CONTENT,CREATE_BY,CREATE_DATE,CREATE_NAME,DICT_FIELD,DICT_TABLE,DICT_TEXT,FIELD_DEFAULT,FIELD_HREF,FIELD_LENGTH,FIELD_NAME,FIELD_VALID_TYPE,IS_KEY,IS_NULL,IS_QUERY,IS_SHOW,IS_SHOW_LIST,LENGTH,MAIN_FIELD,MAIN_TABLE,OLD_FIELD_NAME,ORDER_NUM,POINT_LENGTH,QUERY_MODE,SHOW_TYPE,TYPE,UPDATE_BY,UPDATE_DATE,UPDATE_NAME,TABLE_ID) values ('402881e946f72f8e0146f74632720010','分类上级ID','4028d881436d514601436d5215ac0043',to_date('02-7月 -14','DD-MON-RR'),'admin',' ',' ',' ',' ',' ',120,'parentid',' ','N','Y','N','Y','Y',36,' ',' ','parentid',8,0,'single','text','string',null,null,null,'402881e946f72f8e0146f74632010008');
Insert into CGFORM_FIELD (ID,CONTENT,CREATE_BY,CREATE_DATE,CREATE_NAME,DICT_FIELD,DICT_TABLE,DICT_TEXT,FIELD_DEFAULT,FIELD_HREF,FIELD_LENGTH,FIELD_NAME,FIELD_VALID_TYPE,IS_KEY,IS_NULL,IS_QUERY,IS_SHOW,IS_SHOW_LIST,LENGTH,MAIN_FIELD,MAIN_TABLE,OLD_FIELD_NAME,ORDER_NUM,POINT_LENGTH,QUERY_MODE,SHOW_TYPE,TYPE,UPDATE_BY,UPDATE_DATE,UPDATE_NAME,TABLE_ID) values ('402881e946f72f8e0146f746327b0011','卖家ID','4028d881436d514601436d5215ac0043',to_date('02-7月 -14','DD-MON-RR'),'admin',' ',' ',' ',' ',' ',120,'seller_id',' ','N','Y','N','N','N',36,' ',' ','seller_id',9,0,'single','text','string',null,null,null,'402881e946f72f8e0146f74632010008');
Insert into CGFORM_FIELD (ID,CONTENT,CREATE_BY,CREATE_DATE,CREATE_NAME,DICT_FIELD,DICT_TABLE,DICT_TEXT,FIELD_DEFAULT,FIELD_HREF,FIELD_LENGTH,FIELD_NAME,FIELD_VALID_TYPE,IS_KEY,IS_NULL,IS_QUERY,IS_SHOW,IS_SHOW_LIST,LENGTH,MAIN_FIELD,MAIN_TABLE,OLD_FIELD_NAME,ORDER_NUM,POINT_LENGTH,QUERY_MODE,SHOW_TYPE,TYPE,UPDATE_BY,UPDATE_DATE,UPDATE_NAME,TABLE_ID) values ('402881e94701b0bc014701b6ed3c0002','主键','4028d881436d514601436d5215ac0043',to_date('04-7月 -14','DD-MON-RR'),'admin',' ',' ',' ',' ',' ',120,'id',' ','Y','N','N','N','N',36,' ',' ','id',1,0,'single','text','string',null,null,null,'402881e94701b0bc014701b6ed380001');
Insert into CGFORM_FIELD (ID,CONTENT,CREATE_BY,CREATE_DATE,CREATE_NAME,DICT_FIELD,DICT_TABLE,DICT_TEXT,FIELD_DEFAULT,FIELD_HREF,FIELD_LENGTH,FIELD_NAME,FIELD_VALID_TYPE,IS_KEY,IS_NULL,IS_QUERY,IS_SHOW,IS_SHOW_LIST,LENGTH,MAIN_FIELD,MAIN_TABLE,OLD_FIELD_NAME,ORDER_NUM,POINT_LENGTH,QUERY_MODE,SHOW_TYPE,TYPE,UPDATE_BY,UPDATE_DATE,UPDATE_NAME,TABLE_ID) values ('402881e94701b0bc014701b6ed620003','创建人名称','4028d881436d514601436d5215ac0043',to_date('04-7月 -14','DD-MON-RR'),'admin',' ',' ',' ',' ',' ',120,'create_name',' ','N','Y','N','N','N',50,' ',' ','create_name',2,0,'single','text','string',null,null,null,'402881e94701b0bc014701b6ed380001');
Insert into CGFORM_FIELD (ID,CONTENT,CREATE_BY,CREATE_DATE,CREATE_NAME,DICT_FIELD,DICT_TABLE,DICT_TEXT,FIELD_DEFAULT,FIELD_HREF,FIELD_LENGTH,FIELD_NAME,FIELD_VALID_TYPE,IS_KEY,IS_NULL,IS_QUERY,IS_SHOW,IS_SHOW_LIST,LENGTH,MAIN_FIELD,MAIN_TABLE,OLD_FIELD_NAME,ORDER_NUM,POINT_LENGTH,QUERY_MODE,SHOW_TYPE,TYPE,UPDATE_BY,UPDATE_DATE,UPDATE_NAME,TABLE_ID) values ('402881e94701b0bc014701b6ed6a0004','创建日期','4028d881436d514601436d5215ac0043',to_date('04-7月 -14','DD-MON-RR'),'admin',' ',' ',' ',' ',' ',120,'create_date',' ','N','Y','N','N','N',20,' ',' ','create_date',3,0,'single','text','Date',null,null,null,'402881e94701b0bc014701b6ed380001');
Insert into CGFORM_FIELD (ID,CONTENT,CREATE_BY,CREATE_DATE,CREATE_NAME,DICT_FIELD,DICT_TABLE,DICT_TEXT,FIELD_DEFAULT,FIELD_HREF,FIELD_LENGTH,FIELD_NAME,FIELD_VALID_TYPE,IS_KEY,IS_NULL,IS_QUERY,IS_SHOW,IS_SHOW_LIST,LENGTH,MAIN_FIELD,MAIN_TABLE,OLD_FIELD_NAME,ORDER_NUM,POINT_LENGTH,QUERY_MODE,SHOW_TYPE,TYPE,UPDATE_BY,UPDATE_DATE,UPDATE_NAME,TABLE_ID) values ('402881e94701b0bc014701b6ed880005','修改人名称','4028d881436d514601436d5215ac0043',to_date('04-7月 -14','DD-MON-RR'),'admin',' ',' ',' ',' ',' ',120,'update_name',' ','N','Y','N','N','N',50,' ',' ','update_name',4,0,'single','text','string',null,null,null,'402881e94701b0bc014701b6ed380001');
Insert into CGFORM_FIELD (ID,CONTENT,CREATE_BY,CREATE_DATE,CREATE_NAME,DICT_FIELD,DICT_TABLE,DICT_TEXT,FIELD_DEFAULT,FIELD_HREF,FIELD_LENGTH,FIELD_NAME,FIELD_VALID_TYPE,IS_KEY,IS_NULL,IS_QUERY,IS_SHOW,IS_SHOW_LIST,LENGTH,MAIN_FIELD,MAIN_TABLE,OLD_FIELD_NAME,ORDER_NUM,POINT_LENGTH,QUERY_MODE,SHOW_TYPE,TYPE,UPDATE_BY,UPDATE_DATE,UPDATE_NAME,TABLE_ID) values ('402881e94701b0bc014701b6ed920006','修改日期','4028d881436d514601436d5215ac0043',to_date('04-7月 -14','DD-MON-RR'),'admin',' ',' ',' ',' ',' ',120,'update_date',' ','N','Y','N','N','N',20,' ',' ','update_date',5,0,'single','text','Date',null,null,null,'402881e94701b0bc014701b6ed380001');
Insert into CGFORM_FIELD (ID,CONTENT,CREATE_BY,CREATE_DATE,CREATE_NAME,DICT_FIELD,DICT_TABLE,DICT_TEXT,FIELD_DEFAULT,FIELD_HREF,FIELD_LENGTH,FIELD_NAME,FIELD_VALID_TYPE,IS_KEY,IS_NULL,IS_QUERY,IS_SHOW,IS_SHOW_LIST,LENGTH,MAIN_FIELD,MAIN_TABLE,OLD_FIELD_NAME,ORDER_NUM,POINT_LENGTH,QUERY_MODE,SHOW_TYPE,TYPE,UPDATE_BY,UPDATE_DATE,UPDATE_NAME,TABLE_ID) values ('402881e94701b0bc014701b6ed9c0007','标题信息','4028d881436d514601436d5215ac0043',to_date('04-7月 -14','DD-MON-RR'),'admin',' ',' ',' ',' ',' ',120,'title',' ','N','Y','N','Y','Y',200,' ',' ','title',6,0,'single','text','string',null,null,null,'402881e94701b0bc014701b6ed380001');
Insert into CGFORM_FIELD (ID,CONTENT,CREATE_BY,CREATE_DATE,CREATE_NAME,DICT_FIELD,DICT_TABLE,DICT_TEXT,FIELD_DEFAULT,FIELD_HREF,FIELD_LENGTH,FIELD_NAME,FIELD_VALID_TYPE,IS_KEY,IS_NULL,IS_QUERY,IS_SHOW,IS_SHOW_LIST,LENGTH,MAIN_FIELD,MAIN_TABLE,OLD_FIELD_NAME,ORDER_NUM,POINT_LENGTH,QUERY_MODE,SHOW_TYPE,TYPE,UPDATE_BY,UPDATE_DATE,UPDATE_NAME,TABLE_ID) values ('402881e94701b0bc014701b6eda50008','标题图片','4028d881436d514601436d5215ac0043',to_date('04-7月 -14','DD-MON-RR'),'admin',' ',' ',' ',' ',' ',120,'title_img',' ','N','Y','N','Y','Y',100,' ',' ','title_img',7,0,'single','text','string',null,null,null,'402881e94701b0bc014701b6ed380001');
Insert into CGFORM_FIELD (ID,CONTENT,CREATE_BY,CREATE_DATE,CREATE_NAME,DICT_FIELD,DICT_TABLE,DICT_TEXT,FIELD_DEFAULT,FIELD_HREF,FIELD_LENGTH,FIELD_NAME,FIELD_VALID_TYPE,IS_KEY,IS_NULL,IS_QUERY,IS_SHOW,IS_SHOW_LIST,LENGTH,MAIN_FIELD,MAIN_TABLE,OLD_FIELD_NAME,ORDER_NUM,POINT_LENGTH,QUERY_MODE,SHOW_TYPE,TYPE,UPDATE_BY,UPDATE_DATE,UPDATE_NAME,TABLE_ID) values ('402881e94701b0bc014701b6edbd0009','商品详情','4028d881436d514601436d5215ac0043',to_date('04-7月 -14','DD-MON-RR'),'admin',' ',' ',' ',' ',' ',120,'descriptions',' ','N','Y','N','Y','Y',5000,' ',' ','descriptions',8,0,'single','text','Text','4028d881436d514601436d5215ac0043',to_date('04-7月 -14','DD-MON-RR'),'admin','402881e94701b0bc014701b6ed380001');
Insert into CGFORM_FIELD (ID,CONTENT,CREATE_BY,CREATE_DATE,CREATE_NAME,DICT_FIELD,DICT_TABLE,DICT_TEXT,FIELD_DEFAULT,FIELD_HREF,FIELD_LENGTH,FIELD_NAME,FIELD_VALID_TYPE,IS_KEY,IS_NULL,IS_QUERY,IS_SHOW,IS_SHOW_LIST,LENGTH,MAIN_FIELD,MAIN_TABLE,OLD_FIELD_NAME,ORDER_NUM,POINT_LENGTH,QUERY_MODE,SHOW_TYPE,TYPE,UPDATE_BY,UPDATE_DATE,UPDATE_NAME,TABLE_ID) values ('402881e94701b0bc014701b6edc5000a','商品原价','4028d881436d514601436d5215ac0043',to_date('04-7月 -14','DD-MON-RR'),'admin',' ',' ',' ',' ',' ',120,'price',' ','N','Y','N','Y','Y',18,' ',' ','price',9,2,'single','text','double','4028d881436d514601436d5215ac0043',to_date('04-7月 -14','DD-MON-RR'),'admin','402881e94701b0bc014701b6ed380001');
Insert into CGFORM_FIELD (ID,CONTENT,CREATE_BY,CREATE_DATE,CREATE_NAME,DICT_FIELD,DICT_TABLE,DICT_TEXT,FIELD_DEFAULT,FIELD_HREF,FIELD_LENGTH,FIELD_NAME,FIELD_VALID_TYPE,IS_KEY,IS_NULL,IS_QUERY,IS_SHOW,IS_SHOW_LIST,LENGTH,MAIN_FIELD,MAIN_TABLE,OLD_FIELD_NAME,ORDER_NUM,POINT_LENGTH,QUERY_MODE,SHOW_TYPE,TYPE,UPDATE_BY,UPDATE_DATE,UPDATE_NAME,TABLE_ID) values ('402881e94701b0bc014701b6edcc000b','商品现价','4028d881436d514601436d5215ac0043',to_date('04-7月 -14','DD-MON-RR'),'admin',' ',' ',' ',' ',' ',120,'real_price',' ','N','Y','N','Y','Y',18,' ',' ','real_price',10,2,'single','text','double','4028d881436d514601436d5215ac0043',to_date('04-7月 -14','DD-MON-RR'),'admin','402881e94701b0bc014701b6ed380001');
Insert into CGFORM_FIELD (ID,CONTENT,CREATE_BY,CREATE_DATE,CREATE_NAME,DICT_FIELD,DICT_TABLE,DICT_TEXT,FIELD_DEFAULT,FIELD_HREF,FIELD_LENGTH,FIELD_NAME,FIELD_VALID_TYPE,IS_KEY,IS_NULL,IS_QUERY,IS_SHOW,IS_SHOW_LIST,LENGTH,MAIN_FIELD,MAIN_TABLE,OLD_FIELD_NAME,ORDER_NUM,POINT_LENGTH,QUERY_MODE,SHOW_TYPE,TYPE,UPDATE_BY,UPDATE_DATE,UPDATE_NAME,TABLE_ID) values ('402881e94701b0bc014701b6edd4000c','折扣','4028d881436d514601436d5215ac0043',to_date('04-7月 -14','DD-MON-RR'),'admin',' ',' ',' ',' ',' ',120,'sale',' ','N','Y','N','Y','Y',18,' ',' ','sale',11,2,'single','text','double','4028d881436d514601436d5215ac0043',to_date('04-7月 -14','DD-MON-RR'),'admin','402881e94701b0bc014701b6ed380001');
Insert into CGFORM_FIELD (ID,CONTENT,CREATE_BY,CREATE_DATE,CREATE_NAME,DICT_FIELD,DICT_TABLE,DICT_TEXT,FIELD_DEFAULT,FIELD_HREF,FIELD_LENGTH,FIELD_NAME,FIELD_VALID_TYPE,IS_KEY,IS_NULL,IS_QUERY,IS_SHOW,IS_SHOW_LIST,LENGTH,MAIN_FIELD,MAIN_TABLE,OLD_FIELD_NAME,ORDER_NUM,POINT_LENGTH,QUERY_MODE,SHOW_TYPE,TYPE,UPDATE_BY,UPDATE_DATE,UPDATE_NAME,TABLE_ID) values ('402881e94701b0bc014701b6edde000d','销售数量','4028d881436d514601436d5215ac0043',to_date('04-7月 -14','DD-MON-RR'),'admin',' ',' ',' ',' ',' ',120,'sell_count',' ','N','Y','N','Y','Y',11,' ',' ','sell_count',12,0,'single','text','int','4028d881436d514601436d5215ac0043',to_date('04-7月 -14','DD-MON-RR'),'admin','402881e94701b0bc014701b6ed380001');
Insert into CGFORM_FIELD (ID,CONTENT,CREATE_BY,CREATE_DATE,CREATE_NAME,DICT_FIELD,DICT_TABLE,DICT_TEXT,FIELD_DEFAULT,FIELD_HREF,FIELD_LENGTH,FIELD_NAME,FIELD_VALID_TYPE,IS_KEY,IS_NULL,IS_QUERY,IS_SHOW,IS_SHOW_LIST,LENGTH,MAIN_FIELD,MAIN_TABLE,OLD_FIELD_NAME,ORDER_NUM,POINT_LENGTH,QUERY_MODE,SHOW_TYPE,TYPE,UPDATE_BY,UPDATE_DATE,UPDATE_NAME,TABLE_ID) values ('402881e94701b0bc014701b6ede5000e','评价数量','4028d881436d514601436d5215ac0043',to_date('04-7月 -14','DD-MON-RR'),'admin',' ',' ',' ',' ',' ',120,'discuss_count',' ','N','Y','N','N','Y',11,' ',' ','discuss_count',13,0,'single','text','int','4028d881436d514601436d5215ac0043',to_date('04-7月 -14','DD-MON-RR'),'admin','402881e94701b0bc014701b6ed380001');
Insert into CGFORM_FIELD (ID,CONTENT,CREATE_BY,CREATE_DATE,CREATE_NAME,DICT_FIELD,DICT_TABLE,DICT_TEXT,FIELD_DEFAULT,FIELD_HREF,FIELD_LENGTH,FIELD_NAME,FIELD_VALID_TYPE,IS_KEY,IS_NULL,IS_QUERY,IS_SHOW,IS_SHOW_LIST,LENGTH,MAIN_FIELD,MAIN_TABLE,OLD_FIELD_NAME,ORDER_NUM,POINT_LENGTH,QUERY_MODE,SHOW_TYPE,TYPE,UPDATE_BY,UPDATE_DATE,UPDATE_NAME,TABLE_ID) values ('402881e94701b0bc014701b6edec000f','好评数量','4028d881436d514601436d5215ac0043',to_date('04-7月 -14','DD-MON-RR'),'admin',' ',' ',' ',' ',' ',120,'good_count',' ','N','Y','N','N','Y',11,' ',' ','good_count',14,0,'single','text','int','4028d881436d514601436d5215ac0043',to_date('04-7月 -14','DD-MON-RR'),'admin','402881e94701b0bc014701b6ed380001');
Insert into CGFORM_FIELD (ID,CONTENT,CREATE_BY,CREATE_DATE,CREATE_NAME,DICT_FIELD,DICT_TABLE,DICT_TEXT,FIELD_DEFAULT,FIELD_HREF,FIELD_LENGTH,FIELD_NAME,FIELD_VALID_TYPE,IS_KEY,IS_NULL,IS_QUERY,IS_SHOW,IS_SHOW_LIST,LENGTH,MAIN_FIELD,MAIN_TABLE,OLD_FIELD_NAME,ORDER_NUM,POINT_LENGTH,QUERY_MODE,SHOW_TYPE,TYPE,UPDATE_BY,UPDATE_DATE,UPDATE_NAME,TABLE_ID) values ('402881e94701b0bc014701b6edf40010','差评数量','4028d881436d514601436d5215ac0043',to_date('04-7月 -14','DD-MON-RR'),'admin',' ',' ',' ',' ',' ',120,'bad_count',' ','N','Y','N','N','Y',11,' ',' ','bad_count',15,0,'single','text','int','4028d881436d514601436d5215ac0043',to_date('04-7月 -14','DD-MON-RR'),'admin','402881e94701b0bc014701b6ed380001');
Insert into CGFORM_FIELD (ID,CONTENT,CREATE_BY,CREATE_DATE,CREATE_NAME,DICT_FIELD,DICT_TABLE,DICT_TEXT,FIELD_DEFAULT,FIELD_HREF,FIELD_LENGTH,FIELD_NAME,FIELD_VALID_TYPE,IS_KEY,IS_NULL,IS_QUERY,IS_SHOW,IS_SHOW_LIST,LENGTH,MAIN_FIELD,MAIN_TABLE,OLD_FIELD_NAME,ORDER_NUM,POINT_LENGTH,QUERY_MODE,SHOW_TYPE,TYPE,UPDATE_BY,UPDATE_DATE,UPDATE_NAME,TABLE_ID) values ('402881e94701b0bc014701b6edff0011','状态','4028d881436d514601436d5215ac0043',to_date('04-7月 -14','DD-MON-RR'),'admin',' ',' ',' ',' ',' ',120,'statement',' ','N','Y','N','N','Y',32,' ',' ','statement',16,0,'single','text','string','4028d881436d514601436d5215ac0043',to_date('04-7月 -14','DD-MON-RR'),'admin','402881e94701b0bc014701b6ed380001');
Insert into CGFORM_FIELD (ID,CONTENT,CREATE_BY,CREATE_DATE,CREATE_NAME,DICT_FIELD,DICT_TABLE,DICT_TEXT,FIELD_DEFAULT,FIELD_HREF,FIELD_LENGTH,FIELD_NAME,FIELD_VALID_TYPE,IS_KEY,IS_NULL,IS_QUERY,IS_SHOW,IS_SHOW_LIST,LENGTH,MAIN_FIELD,MAIN_TABLE,OLD_FIELD_NAME,ORDER_NUM,POINT_LENGTH,QUERY_MODE,SHOW_TYPE,TYPE,UPDATE_BY,UPDATE_DATE,UPDATE_NAME,TABLE_ID) values ('402881e94701b0bc014701b6ee1a0012','上架时间','4028d881436d514601436d5215ac0043',to_date('04-7月 -14','DD-MON-RR'),'admin',' ',' ',' ',' ',' ',120,'shelve_time',' ','N','Y','N','N','Y',32,' ',' ','shelve_time',17,0,'single','text','Date','4028d881436d514601436d5215ac0043',to_date('04-7月 -14','DD-MON-RR'),'admin','402881e94701b0bc014701b6ed380001');
Insert into CGFORM_FIELD (ID,CONTENT,CREATE_BY,CREATE_DATE,CREATE_NAME,DICT_FIELD,DICT_TABLE,DICT_TEXT,FIELD_DEFAULT,FIELD_HREF,FIELD_LENGTH,FIELD_NAME,FIELD_VALID_TYPE,IS_KEY,IS_NULL,IS_QUERY,IS_SHOW,IS_SHOW_LIST,LENGTH,MAIN_FIELD,MAIN_TABLE,OLD_FIELD_NAME,ORDER_NUM,POINT_LENGTH,QUERY_MODE,SHOW_TYPE,TYPE,UPDATE_BY,UPDATE_DATE,UPDATE_NAME,TABLE_ID) values ('402881e94701b0bc014701b6ee220013','下架时间','4028d881436d514601436d5215ac0043',to_date('04-7月 -14','DD-MON-RR'),'admin',' ',' ',' ',' ',' ',120,'remove_time',' ','N','Y','N','N','Y',32,' ',' ','remove_time',18,0,'single','text','Date','4028d881436d514601436d5215ac0043',to_date('04-7月 -14','DD-MON-RR'),'admin','402881e94701b0bc014701b6ed380001');
Insert into CGFORM_FIELD (ID,CONTENT,CREATE_BY,CREATE_DATE,CREATE_NAME,DICT_FIELD,DICT_TABLE,DICT_TEXT,FIELD_DEFAULT,FIELD_HREF,FIELD_LENGTH,FIELD_NAME,FIELD_VALID_TYPE,IS_KEY,IS_NULL,IS_QUERY,IS_SHOW,IS_SHOW_LIST,LENGTH,MAIN_FIELD,MAIN_TABLE,OLD_FIELD_NAME,ORDER_NUM,POINT_LENGTH,QUERY_MODE,SHOW_TYPE,TYPE,UPDATE_BY,UPDATE_DATE,UPDATE_NAME,TABLE_ID) values ('402881e94701b0bc014701b6ee280014','快递名称','4028d881436d514601436d5215ac0043',to_date('04-7月 -14','DD-MON-RR'),'admin',' ',' ',' ',' ',' ',120,'express_name',' ','N','Y','N','Y','Y',32,' ',' ','express_name',19,0,'single','text','string',null,null,null,'402881e94701b0bc014701b6ed380001');
Insert into CGFORM_FIELD (ID,CONTENT,CREATE_BY,CREATE_DATE,CREATE_NAME,DICT_FIELD,DICT_TABLE,DICT_TEXT,FIELD_DEFAULT,FIELD_HREF,FIELD_LENGTH,FIELD_NAME,FIELD_VALID_TYPE,IS_KEY,IS_NULL,IS_QUERY,IS_SHOW,IS_SHOW_LIST,LENGTH,MAIN_FIELD,MAIN_TABLE,OLD_FIELD_NAME,ORDER_NUM,POINT_LENGTH,QUERY_MODE,SHOW_TYPE,TYPE,UPDATE_BY,UPDATE_DATE,UPDATE_NAME,TABLE_ID) values ('402881e94701b0bc014701b6ee2f0015','快递费用','4028d881436d514601436d5215ac0043',to_date('04-7月 -14','DD-MON-RR'),'admin',' ',' ',' ',' ',' ',120,'express_price',' ','N','Y','N','Y','Y',18,' ',' ','express_price',20,2,'single','text','double','4028d881436d514601436d5215ac0043',to_date('04-7月 -14','DD-MON-RR'),'admin','402881e94701b0bc014701b6ed380001');
Insert into CGFORM_FIELD (ID,CONTENT,CREATE_BY,CREATE_DATE,CREATE_NAME,DICT_FIELD,DICT_TABLE,DICT_TEXT,FIELD_DEFAULT,FIELD_HREF,FIELD_LENGTH,FIELD_NAME,FIELD_VALID_TYPE,IS_KEY,IS_NULL,IS_QUERY,IS_SHOW,IS_SHOW_LIST,LENGTH,MAIN_FIELD,MAIN_TABLE,OLD_FIELD_NAME,ORDER_NUM,POINT_LENGTH,QUERY_MODE,SHOW_TYPE,TYPE,UPDATE_BY,UPDATE_DATE,UPDATE_NAME,TABLE_ID) values ('402881e94701b0bc014701b6ee360016','卖家ID','4028d881436d514601436d5215ac0043',to_date('04-7月 -14','DD-MON-RR'),'admin',' ',' ',' ',' ',' ',120,'seller_id',' ','N','Y','N','Y','Y',36,' ',' ','seller_id',21,0,'single','text','string','4028d881436d514601436d5215ac0043',to_date('04-7月 -14','DD-MON-RR'),'admin','402881e94701b0bc014701b6ed380001');
Insert into CGFORM_FIELD (ID,CONTENT,CREATE_BY,CREATE_DATE,CREATE_NAME,DICT_FIELD,DICT_TABLE,DICT_TEXT,FIELD_DEFAULT,FIELD_HREF,FIELD_LENGTH,FIELD_NAME,FIELD_VALID_TYPE,IS_KEY,IS_NULL,IS_QUERY,IS_SHOW,IS_SHOW_LIST,LENGTH,MAIN_FIELD,MAIN_TABLE,OLD_FIELD_NAME,ORDER_NUM,POINT_LENGTH,QUERY_MODE,SHOW_TYPE,TYPE,UPDATE_BY,UPDATE_DATE,UPDATE_NAME,TABLE_ID) values ('4028d881436d514601436d52193b012f','主键','admin',to_date('07-1月 -14','DD-MON-RR'),'管理员',' ',' ',null,null,null,0,'id',null,'Y','N','N','N','N',36,' ',' ',null,0,0,'single','text','string',null,null,null,'4028d881436d514601436d521928012a');
Insert into CGFORM_FIELD (ID,CONTENT,CREATE_BY,CREATE_DATE,CREATE_NAME,DICT_FIELD,DICT_TABLE,DICT_TEXT,FIELD_DEFAULT,FIELD_HREF,FIELD_LENGTH,FIELD_NAME,FIELD_VALID_TYPE,IS_KEY,IS_NULL,IS_QUERY,IS_SHOW,IS_SHOW_LIST,LENGTH,MAIN_FIELD,MAIN_TABLE,OLD_FIELD_NAME,ORDER_NUM,POINT_LENGTH,QUERY_MODE,SHOW_TYPE,TYPE,UPDATE_BY,UPDATE_DATE,UPDATE_NAME,TABLE_ID) values ('4028d881436d514601436d5219410130','订单号','admin',to_date('07-1月 -14','DD-MON-RR'),'管理员',' ',' ',null,null,null,0,'order_code',null,'N','Y','Y','Y','Y',50,' ',' ',null,1,0,'single','text','string',null,null,null,'4028d881436d514601436d521928012a');
Insert into CGFORM_FIELD (ID,CONTENT,CREATE_BY,CREATE_DATE,CREATE_NAME,DICT_FIELD,DICT_TABLE,DICT_TEXT,FIELD_DEFAULT,FIELD_HREF,FIELD_LENGTH,FIELD_NAME,FIELD_VALID_TYPE,IS_KEY,IS_NULL,IS_QUERY,IS_SHOW,IS_SHOW_LIST,LENGTH,MAIN_FIELD,MAIN_TABLE,OLD_FIELD_NAME,ORDER_NUM,POINT_LENGTH,QUERY_MODE,SHOW_TYPE,TYPE,UPDATE_BY,UPDATE_DATE,UPDATE_NAME,TABLE_ID) values ('4028d881436d514601436d5219460131','订单日期','admin',to_date('07-1月 -14','DD-MON-RR'),'管理员',' ',' ',null,null,null,0,'order_date',null,'N','Y','Y','Y','Y',20,' ',' ',null,2,0,'single','date','Date',null,null,null,'4028d881436d514601436d521928012a');
Insert into CGFORM_FIELD (ID,CONTENT,CREATE_BY,CREATE_DATE,CREATE_NAME,DICT_FIELD,DICT_TABLE,DICT_TEXT,FIELD_DEFAULT,FIELD_HREF,FIELD_LENGTH,FIELD_NAME,FIELD_VALID_TYPE,IS_KEY,IS_NULL,IS_QUERY,IS_SHOW,IS_SHOW_LIST,LENGTH,MAIN_FIELD,MAIN_TABLE,OLD_FIELD_NAME,ORDER_NUM,POINT_LENGTH,QUERY_MODE,SHOW_TYPE,TYPE,UPDATE_BY,UPDATE_DATE,UPDATE_NAME,TABLE_ID) values ('4028d881436d514601436d5219480132','订单金额','admin',to_date('07-1月 -14','DD-MON-RR'),'管理员',' ',' ',null,null,null,0,'order_money',null,'N','Y','Y','Y','Y',10,' ',' ',null,3,3,'single','text','double',null,null,null,'4028d881436d514601436d521928012a');
Insert into CGFORM_FIELD (ID,CONTENT,CREATE_BY,CREATE_DATE,CREATE_NAME,DICT_FIELD,DICT_TABLE,DICT_TEXT,FIELD_DEFAULT,FIELD_HREF,FIELD_LENGTH,FIELD_NAME,FIELD_VALID_TYPE,IS_KEY,IS_NULL,IS_QUERY,IS_SHOW,IS_SHOW_LIST,LENGTH,MAIN_FIELD,MAIN_TABLE,OLD_FIELD_NAME,ORDER_NUM,POINT_LENGTH,QUERY_MODE,SHOW_TYPE,TYPE,UPDATE_BY,UPDATE_DATE,UPDATE_NAME,TABLE_ID) values ('4028d881436d514601436d52194a0133','备注','admin',to_date('07-1月 -14','DD-MON-RR'),'管理员',' ',' ',null,null,null,0,'content',null,'N','Y','Y','Y','Y',255,' ',' ',null,4,0,'single','text','string',null,null,null,'4028d881436d514601436d521928012a');
Insert into CGFORM_FIELD (ID,CONTENT,CREATE_BY,CREATE_DATE,CREATE_NAME,DICT_FIELD,DICT_TABLE,DICT_TEXT,FIELD_DEFAULT,FIELD_HREF,FIELD_LENGTH,FIELD_NAME,FIELD_VALID_TYPE,IS_KEY,IS_NULL,IS_QUERY,IS_SHOW,IS_SHOW_LIST,LENGTH,MAIN_FIELD,MAIN_TABLE,OLD_FIELD_NAME,ORDER_NUM,POINT_LENGTH,QUERY_MODE,SHOW_TYPE,TYPE,UPDATE_BY,UPDATE_DATE,UPDATE_NAME,TABLE_ID) values ('4028d881436d514601436d5219520134','主键','admin',to_date('07-1月 -14','DD-MON-RR'),'管理员',' ',' ',null,null,null,0,'id',null,'Y','N','N','N','N',36,' ',' ',null,0,0,'single','text','string',null,null,null,'4028d881436d514601436d52192d012b');
Insert into CGFORM_FIELD (ID,CONTENT,CREATE_BY,CREATE_DATE,CREATE_NAME,DICT_FIELD,DICT_TABLE,DICT_TEXT,FIELD_DEFAULT,FIELD_HREF,FIELD_LENGTH,FIELD_NAME,FIELD_VALID_TYPE,IS_KEY,IS_NULL,IS_QUERY,IS_SHOW,IS_SHOW_LIST,LENGTH,MAIN_FIELD,MAIN_TABLE,OLD_FIELD_NAME,ORDER_NUM,POINT_LENGTH,QUERY_MODE,SHOW_TYPE,TYPE,UPDATE_BY,UPDATE_DATE,UPDATE_NAME,TABLE_ID) values ('4028d881436d514601436d5219550135','请假标题','admin',to_date('07-1月 -14','DD-MON-RR'),'管理员',' ',' ',null,null,null,0,'title',null,'N','N','N','Y','Y',50,' ',' ',null,1,0,'single','text','string',null,null,null,'4028d881436d514601436d52192d012b');
Insert into CGFORM_FIELD (ID,CONTENT,CREATE_BY,CREATE_DATE,CREATE_NAME,DICT_FIELD,DICT_TABLE,DICT_TEXT,FIELD_DEFAULT,FIELD_HREF,FIELD_LENGTH,FIELD_NAME,FIELD_VALID_TYPE,IS_KEY,IS_NULL,IS_QUERY,IS_SHOW,IS_SHOW_LIST,LENGTH,MAIN_FIELD,MAIN_TABLE,OLD_FIELD_NAME,ORDER_NUM,POINT_LENGTH,QUERY_MODE,SHOW_TYPE,TYPE,UPDATE_BY,UPDATE_DATE,UPDATE_NAME,TABLE_ID) values ('4028d881436d514601436d5219570136','请假人','admin',to_date('07-1月 -14','DD-MON-RR'),'管理员',' ',' ',null,null,null,0,'people',null,'N','N','Y','Y','Y',20,' ',' ',null,2,0,'single','text','string',null,null,null,'4028d881436d514601436d52192d012b');
Insert into CGFORM_FIELD (ID,CONTENT,CREATE_BY,CREATE_DATE,CREATE_NAME,DICT_FIELD,DICT_TABLE,DICT_TEXT,FIELD_DEFAULT,FIELD_HREF,FIELD_LENGTH,FIELD_NAME,FIELD_VALID_TYPE,IS_KEY,IS_NULL,IS_QUERY,IS_SHOW,IS_SHOW_LIST,LENGTH,MAIN_FIELD,MAIN_TABLE,OLD_FIELD_NAME,ORDER_NUM,POINT_LENGTH,QUERY_MODE,SHOW_TYPE,TYPE,UPDATE_BY,UPDATE_DATE,UPDATE_NAME,TABLE_ID) values ('4028d881436d514601436d5219580137','性别','admin',to_date('07-1月 -14','DD-MON-RR'),'管理员','sex',' ',null,null,null,0,'sex',null,'N','N','Y','Y','Y',10,' ',' ',null,3,0,'single','list','string',null,null,null,'4028d881436d514601436d52192d012b');
Insert into CGFORM_FIELD (ID,CONTENT,CREATE_BY,CREATE_DATE,CREATE_NAME,DICT_FIELD,DICT_TABLE,DICT_TEXT,FIELD_DEFAULT,FIELD_HREF,FIELD_LENGTH,FIELD_NAME,FIELD_VALID_TYPE,IS_KEY,IS_NULL,IS_QUERY,IS_SHOW,IS_SHOW_LIST,LENGTH,MAIN_FIELD,MAIN_TABLE,OLD_FIELD_NAME,ORDER_NUM,POINT_LENGTH,QUERY_MODE,SHOW_TYPE,TYPE,UPDATE_BY,UPDATE_DATE,UPDATE_NAME,TABLE_ID) values ('4028d881436d514601436d52195a0138','请假开始时间','admin',to_date('07-1月 -14','DD-MON-RR'),'管理员',' ',' ',null,null,null,0,'begindate',null,'N','N','N','Y','Y',0,' ',' ',null,4,0,'group','date','Date',null,null,null,'4028d881436d514601436d52192d012b');
Insert into CGFORM_FIELD (ID,CONTENT,CREATE_BY,CREATE_DATE,CREATE_NAME,DICT_FIELD,DICT_TABLE,DICT_TEXT,FIELD_DEFAULT,FIELD_HREF,FIELD_LENGTH,FIELD_NAME,FIELD_VALID_TYPE,IS_KEY,IS_NULL,IS_QUERY,IS_SHOW,IS_SHOW_LIST,LENGTH,MAIN_FIELD,MAIN_TABLE,OLD_FIELD_NAME,ORDER_NUM,POINT_LENGTH,QUERY_MODE,SHOW_TYPE,TYPE,UPDATE_BY,UPDATE_DATE,UPDATE_NAME,TABLE_ID) values ('4028d881436d514601436d52195b0139','请假结束时间','admin',to_date('07-1月 -14','DD-MON-RR'),'管理员',' ',' ',null,null,null,0,'enddate',null,'N','N','N','Y','Y',0,' ',' ',null,5,0,'group','datetime','Date',null,null,null,'4028d881436d514601436d52192d012b');
Insert into CGFORM_FIELD (ID,CONTENT,CREATE_BY,CREATE_DATE,CREATE_NAME,DICT_FIELD,DICT_TABLE,DICT_TEXT,FIELD_DEFAULT,FIELD_HREF,FIELD_LENGTH,FIELD_NAME,FIELD_VALID_TYPE,IS_KEY,IS_NULL,IS_QUERY,IS_SHOW,IS_SHOW_LIST,LENGTH,MAIN_FIELD,MAIN_TABLE,OLD_FIELD_NAME,ORDER_NUM,POINT_LENGTH,QUERY_MODE,SHOW_TYPE,TYPE,UPDATE_BY,UPDATE_DATE,UPDATE_NAME,TABLE_ID) values ('4028d881436d514601436d52195d013a','所属部门','admin',to_date('07-1月 -14','DD-MON-RR'),'管理员','id','t_s_depart','departname',null,null,0,'hol_dept',null,'N','N','N','Y','Y',32,' ',' ',null,7,0,'single','list','string',null,null,null,'4028d881436d514601436d52192d012b');
Insert into CGFORM_FIELD (ID,CONTENT,CREATE_BY,CREATE_DATE,CREATE_NAME,DICT_FIELD,DICT_TABLE,DICT_TEXT,FIELD_DEFAULT,FIELD_HREF,FIELD_LENGTH,FIELD_NAME,FIELD_VALID_TYPE,IS_KEY,IS_NULL,IS_QUERY,IS_SHOW,IS_SHOW_LIST,LENGTH,MAIN_FIELD,MAIN_TABLE,OLD_FIELD_NAME,ORDER_NUM,POINT_LENGTH,QUERY_MODE,SHOW_TYPE,TYPE,UPDATE_BY,UPDATE_DATE,UPDATE_NAME,TABLE_ID) values ('4028d881436d514601436d52195e013b','请假原因','admin',to_date('07-1月 -14','DD-MON-RR'),'管理员',' ',' ',null,null,null,0,'hol_reson',null,'N','N','N','Y','Y',255,' ',' ',null,8,0,'single','text','string',null,null,null,'4028d881436d514601436d52192d012b');
Insert into CGFORM_FIELD (ID,CONTENT,CREATE_BY,CREATE_DATE,CREATE_NAME,DICT_FIELD,DICT_TABLE,DICT_TEXT,FIELD_DEFAULT,FIELD_HREF,FIELD_LENGTH,FIELD_NAME,FIELD_VALID_TYPE,IS_KEY,IS_NULL,IS_QUERY,IS_SHOW,IS_SHOW_LIST,LENGTH,MAIN_FIELD,MAIN_TABLE,OLD_FIELD_NAME,ORDER_NUM,POINT_LENGTH,QUERY_MODE,SHOW_TYPE,TYPE,UPDATE_BY,UPDATE_DATE,UPDATE_NAME,TABLE_ID) values ('4028d881436d514601436d521960013c','部门审批人','admin',to_date('07-1月 -14','DD-MON-RR'),'管理员',' ',' ',null,null,null,0,'dep_leader',null,'N','N','N','Y','Y',20,' ',' ',null,9,0,'single','text','string',null,null,null,'4028d881436d514601436d52192d012b');
Insert into CGFORM_FIELD (ID,CONTENT,CREATE_BY,CREATE_DATE,CREATE_NAME,DICT_FIELD,DICT_TABLE,DICT_TEXT,FIELD_DEFAULT,FIELD_HREF,FIELD_LENGTH,FIELD_NAME,FIELD_VALID_TYPE,IS_KEY,IS_NULL,IS_QUERY,IS_SHOW,IS_SHOW_LIST,LENGTH,MAIN_FIELD,MAIN_TABLE,OLD_FIELD_NAME,ORDER_NUM,POINT_LENGTH,QUERY_MODE,SHOW_TYPE,TYPE,UPDATE_BY,UPDATE_DATE,UPDATE_NAME,TABLE_ID) values ('4028d881436d514601436d521961013d','部门审批意见','admin',to_date('07-1月 -14','DD-MON-RR'),'管理员',' ',' ',null,null,null,0,'content',null,'N','N','N','Y','Y',255,' ',' ',null,10,0,'single','text','string',null,null,null,'4028d881436d514601436d52192d012b');
Insert into CGFORM_FIELD (ID,CONTENT,CREATE_BY,CREATE_DATE,CREATE_NAME,DICT_FIELD,DICT_TABLE,DICT_TEXT,FIELD_DEFAULT,FIELD_HREF,FIELD_LENGTH,FIELD_NAME,FIELD_VALID_TYPE,IS_KEY,IS_NULL,IS_QUERY,IS_SHOW,IS_SHOW_LIST,LENGTH,MAIN_FIELD,MAIN_TABLE,OLD_FIELD_NAME,ORDER_NUM,POINT_LENGTH,QUERY_MODE,SHOW_TYPE,TYPE,UPDATE_BY,UPDATE_DATE,UPDATE_NAME,TABLE_ID) values ('4028d881436d514601436d521963013e','请假天数','admin',to_date('07-1月 -14','DD-MON-RR'),'管理员',' ',' ',null,null,null,120,'day_num',null,'N','Y','N','Y','Y',10,' ',' ',null,6,0,'single','text','int',null,null,null,'4028d881436d514601436d52192d012b');
Insert into CGFORM_FIELD (ID,CONTENT,CREATE_BY,CREATE_DATE,CREATE_NAME,DICT_FIELD,DICT_TABLE,DICT_TEXT,FIELD_DEFAULT,FIELD_HREF,FIELD_LENGTH,FIELD_NAME,FIELD_VALID_TYPE,IS_KEY,IS_NULL,IS_QUERY,IS_SHOW,IS_SHOW_LIST,LENGTH,MAIN_FIELD,MAIN_TABLE,OLD_FIELD_NAME,ORDER_NUM,POINT_LENGTH,QUERY_MODE,SHOW_TYPE,TYPE,UPDATE_BY,UPDATE_DATE,UPDATE_NAME,TABLE_ID) values ('4028d881436d514601436d52196e013f','主键','admin',to_date('07-1月 -14','DD-MON-RR'),'管理员',' ',' ',null,null,null,0,'id',null,'Y','N','N','N','N',36,' ',' ',null,0,0,'single','text','string',null,null,null,'4028d881436d514601436d52192f012c');
Insert into CGFORM_FIELD (ID,CONTENT,CREATE_BY,CREATE_DATE,CREATE_NAME,DICT_FIELD,DICT_TABLE,DICT_TEXT,FIELD_DEFAULT,FIELD_HREF,FIELD_LENGTH,FIELD_NAME,FIELD_VALID_TYPE,IS_KEY,IS_NULL,IS_QUERY,IS_SHOW,IS_SHOW_LIST,LENGTH,MAIN_FIELD,MAIN_TABLE,OLD_FIELD_NAME,ORDER_NUM,POINT_LENGTH,QUERY_MODE,SHOW_TYPE,TYPE,UPDATE_BY,UPDATE_DATE,UPDATE_NAME,TABLE_ID) values ('4028d881436d514601436d5219700140','客户名','admin',to_date('07-1月 -14','DD-MON-RR'),'管理员',' ',' ',null,null,null,0,'name',null,'N','Y','Y','Y','Y',32,' ',' ',null,1,0,'single','text','string',null,null,null,'4028d881436d514601436d52192f012c');
Insert into CGFORM_FIELD (ID,CONTENT,CREATE_BY,CREATE_DATE,CREATE_NAME,DICT_FIELD,DICT_TABLE,DICT_TEXT,FIELD_DEFAULT,FIELD_HREF,FIELD_LENGTH,FIELD_NAME,FIELD_VALID_TYPE,IS_KEY,IS_NULL,IS_QUERY,IS_SHOW,IS_SHOW_LIST,LENGTH,MAIN_FIELD,MAIN_TABLE,OLD_FIELD_NAME,ORDER_NUM,POINT_LENGTH,QUERY_MODE,SHOW_TYPE,TYPE,UPDATE_BY,UPDATE_DATE,UPDATE_NAME,TABLE_ID) values ('4028d881436d514601436d5219720141','单价','admin',to_date('07-1月 -14','DD-MON-RR'),'管理员',' ',' ',null,null,null,0,'money',null,'N','Y','Y','Y','Y',10,' ',' ',null,2,2,'group','text','double',null,null,null,'4028d881436d514601436d52192f012c');
Insert into CGFORM_FIELD (ID,CONTENT,CREATE_BY,CREATE_DATE,CREATE_NAME,DICT_FIELD,DICT_TABLE,DICT_TEXT,FIELD_DEFAULT,FIELD_HREF,FIELD_LENGTH,FIELD_NAME,FIELD_VALID_TYPE,IS_KEY,IS_NULL,IS_QUERY,IS_SHOW,IS_SHOW_LIST,LENGTH,MAIN_FIELD,MAIN_TABLE,OLD_FIELD_NAME,ORDER_NUM,POINT_LENGTH,QUERY_MODE,SHOW_TYPE,TYPE,UPDATE_BY,UPDATE_DATE,UPDATE_NAME,TABLE_ID) values ('4028d881436d514601436d5219740142','外键','admin',to_date('07-1月 -14','DD-MON-RR'),'管理员',' ',' ',null,null,null,120,'fk_id',null,'N','N','Y','N','N',36,'id','jform_order_main',null,5,0,'single','text','string',null,null,null,'4028d881436d514601436d52192f012c');
Insert into CGFORM_FIELD (ID,CONTENT,CREATE_BY,CREATE_DATE,CREATE_NAME,DICT_FIELD,DICT_TABLE,DICT_TEXT,FIELD_DEFAULT,FIELD_HREF,FIELD_LENGTH,FIELD_NAME,FIELD_VALID_TYPE,IS_KEY,IS_NULL,IS_QUERY,IS_SHOW,IS_SHOW_LIST,LENGTH,MAIN_FIELD,MAIN_TABLE,OLD_FIELD_NAME,ORDER_NUM,POINT_LENGTH,QUERY_MODE,SHOW_TYPE,TYPE,UPDATE_BY,UPDATE_DATE,UPDATE_NAME,TABLE_ID) values ('4028d881436d514601436d5219750143','电话','admin',to_date('07-1月 -14','DD-MON-RR'),'管理员',' ',' ',null,null,null,120,'telphone',null,'N','Y','Y','Y','Y',32,' ',' ',null,4,0,'single','text','string',null,null,null,'4028d881436d514601436d52192f012c');
Insert into CGFORM_FIELD (ID,CONTENT,CREATE_BY,CREATE_DATE,CREATE_NAME,DICT_FIELD,DICT_TABLE,DICT_TEXT,FIELD_DEFAULT,FIELD_HREF,FIELD_LENGTH,FIELD_NAME,FIELD_VALID_TYPE,IS_KEY,IS_NULL,IS_QUERY,IS_SHOW,IS_SHOW_LIST,LENGTH,MAIN_FIELD,MAIN_TABLE,OLD_FIELD_NAME,ORDER_NUM,POINT_LENGTH,QUERY_MODE,SHOW_TYPE,TYPE,UPDATE_BY,UPDATE_DATE,UPDATE_NAME,TABLE_ID) values ('4028d881436d514601436d5219770144','性别','admin',to_date('07-1月 -14','DD-MON-RR'),'管理员','sex',' ',null,null,null,120,'sex',null,'N','Y','Y','Y','Y',4,' ',' ',null,3,0,'single','radio','string',null,null,null,'4028d881436d514601436d52192f012c');
Insert into CGFORM_FIELD (ID,CONTENT,CREATE_BY,CREATE_DATE,CREATE_NAME,DICT_FIELD,DICT_TABLE,DICT_TEXT,FIELD_DEFAULT,FIELD_HREF,FIELD_LENGTH,FIELD_NAME,FIELD_VALID_TYPE,IS_KEY,IS_NULL,IS_QUERY,IS_SHOW,IS_SHOW_LIST,LENGTH,MAIN_FIELD,MAIN_TABLE,OLD_FIELD_NAME,ORDER_NUM,POINT_LENGTH,QUERY_MODE,SHOW_TYPE,TYPE,UPDATE_BY,UPDATE_DATE,UPDATE_NAME,TABLE_ID) values ('4028d881436d514601436d52197b0145','主键','admin',to_date('07-1月 -14','DD-MON-RR'),'管理员',' ',' ',null,null,null,120,'id',null,'Y','N','N','N','N',36,' ',' ',null,0,0,'single','checkbox','string',null,null,null,'4028d881436d514601436d521931012d');
Insert into CGFORM_FIELD (ID,CONTENT,CREATE_BY,CREATE_DATE,CREATE_NAME,DICT_FIELD,DICT_TABLE,DICT_TEXT,FIELD_DEFAULT,FIELD_HREF,FIELD_LENGTH,FIELD_NAME,FIELD_VALID_TYPE,IS_KEY,IS_NULL,IS_QUERY,IS_SHOW,IS_SHOW_LIST,LENGTH,MAIN_FIELD,MAIN_TABLE,OLD_FIELD_NAME,ORDER_NUM,POINT_LENGTH,QUERY_MODE,SHOW_TYPE,TYPE,UPDATE_BY,UPDATE_DATE,UPDATE_NAME,TABLE_ID) values ('4028d881436d514601436d52197d0146','航班号','admin',to_date('07-1月 -14','DD-MON-RR'),'管理员',' ',' ',null,null,null,120,'ticket_code',null,'N','N','Y','Y','Y',100,' ',' ',null,1,0,'single','text','string',null,null,null,'4028d881436d514601436d521931012d');
Insert into CGFORM_FIELD (ID,CONTENT,CREATE_BY,CREATE_DATE,CREATE_NAME,DICT_FIELD,DICT_TABLE,DICT_TEXT,FIELD_DEFAULT,FIELD_HREF,FIELD_LENGTH,FIELD_NAME,FIELD_VALID_TYPE,IS_KEY,IS_NULL,IS_QUERY,IS_SHOW,IS_SHOW_LIST,LENGTH,MAIN_FIELD,MAIN_TABLE,OLD_FIELD_NAME,ORDER_NUM,POINT_LENGTH,QUERY_MODE,SHOW_TYPE,TYPE,UPDATE_BY,UPDATE_DATE,UPDATE_NAME,TABLE_ID) values ('4028d881436d514601436d52197f0147','航班时间','admin',to_date('07-1月 -14','DD-MON-RR'),'管理员',' ',' ',null,null,null,120,'tickect_date',null,'N','N','Y','Y','Y',10,' ',' ',null,2,0,'single','datetime','Date',null,null,null,'4028d881436d514601436d521931012d');
Insert into CGFORM_FIELD (ID,CONTENT,CREATE_BY,CREATE_DATE,CREATE_NAME,DICT_FIELD,DICT_TABLE,DICT_TEXT,FIELD_DEFAULT,FIELD_HREF,FIELD_LENGTH,FIELD_NAME,FIELD_VALID_TYPE,IS_KEY,IS_NULL,IS_QUERY,IS_SHOW,IS_SHOW_LIST,LENGTH,MAIN_FIELD,MAIN_TABLE,OLD_FIELD_NAME,ORDER_NUM,POINT_LENGTH,QUERY_MODE,SHOW_TYPE,TYPE,UPDATE_BY,UPDATE_DATE,UPDATE_NAME,TABLE_ID) values ('4028d881436d514601436d5219810148','外键','admin',to_date('07-1月 -14','DD-MON-RR'),'管理员',' ',' ',null,null,null,120,'fck_id',null,'N','N','N','N','N',36,'id','jform_order_main',null,3,0,'single','text','string',null,null,null,'4028d881436d514601436d521931012d');
Insert into CGFORM_FIELD (ID,CONTENT,CREATE_BY,CREATE_DATE,CREATE_NAME,DICT_FIELD,DICT_TABLE,DICT_TEXT,FIELD_DEFAULT,FIELD_HREF,FIELD_LENGTH,FIELD_NAME,FIELD_VALID_TYPE,IS_KEY,IS_NULL,IS_QUERY,IS_SHOW,IS_SHOW_LIST,LENGTH,MAIN_FIELD,MAIN_TABLE,OLD_FIELD_NAME,ORDER_NUM,POINT_LENGTH,QUERY_MODE,SHOW_TYPE,TYPE,UPDATE_BY,UPDATE_DATE,UPDATE_NAME,TABLE_ID) values ('4028d881436d514601436d5219860149','主键','admin',to_date('07-1月 -14','DD-MON-RR'),'管理员',' ',' ',null,null,null,0,'id',null,'Y','N','N','N','N',36,' ',' ',null,0,0,'single','text','string',null,null,null,'4028d881436d514601436d521933012e');
Insert into CGFORM_FIELD (ID,CONTENT,CREATE_BY,CREATE_DATE,CREATE_NAME,DICT_FIELD,DICT_TABLE,DICT_TEXT,FIELD_DEFAULT,FIELD_HREF,FIELD_LENGTH,FIELD_NAME,FIELD_VALID_TYPE,IS_KEY,IS_NULL,IS_QUERY,IS_SHOW,IS_SHOW_LIST,LENGTH,MAIN_FIELD,MAIN_TABLE,OLD_FIELD_NAME,ORDER_NUM,POINT_LENGTH,QUERY_MODE,SHOW_TYPE,TYPE,UPDATE_BY,UPDATE_DATE,UPDATE_NAME,TABLE_ID) values ('4028d881436d514601436d521989014a','机构合计','admin',to_date('07-1月 -14','DD-MON-RR'),'管理员',' ',' ',null,null,null,0,'a',null,'N','N','Y','Y','Y',10,' ',' ',null,1,2,'group','text','double',null,null,null,'4028d881436d514601436d521933012e');
Insert into CGFORM_FIELD (ID,CONTENT,CREATE_BY,CREATE_DATE,CREATE_NAME,DICT_FIELD,DICT_TABLE,DICT_TEXT,FIELD_DEFAULT,FIELD_HREF,FIELD_LENGTH,FIELD_NAME,FIELD_VALID_TYPE,IS_KEY,IS_NULL,IS_QUERY,IS_SHOW,IS_SHOW_LIST,LENGTH,MAIN_FIELD,MAIN_TABLE,OLD_FIELD_NAME,ORDER_NUM,POINT_LENGTH,QUERY_MODE,SHOW_TYPE,TYPE,UPDATE_BY,UPDATE_DATE,UPDATE_NAME,TABLE_ID) values ('4028d881436d514601436d52198a014b','行政小计','admin',to_date('07-1月 -14','DD-MON-RR'),'管理员',' ',' ',null,null,null,0,'b1',null,'N','N','N','Y','Y',10,' ',' ',null,2,2,'group','text','double',null,null,null,'4028d881436d514601436d521933012e');
Insert into CGFORM_FIELD (ID,CONTENT,CREATE_BY,CREATE_DATE,CREATE_NAME,DICT_FIELD,DICT_TABLE,DICT_TEXT,FIELD_DEFAULT,FIELD_HREF,FIELD_LENGTH,FIELD_NAME,FIELD_VALID_TYPE,IS_KEY,IS_NULL,IS_QUERY,IS_SHOW,IS_SHOW_LIST,LENGTH,MAIN_FIELD,MAIN_TABLE,OLD_FIELD_NAME,ORDER_NUM,POINT_LENGTH,QUERY_MODE,SHOW_TYPE,TYPE,UPDATE_BY,UPDATE_DATE,UPDATE_NAME,TABLE_ID) values ('4028d881436d514601436d52198d014c','行政省','admin',to_date('07-1月 -14','DD-MON-RR'),'管理员',' ',' ',null,null,null,0,'b11',null,'N','N','N','Y','Y',100,' ',' ',null,3,0,'group','text','string',null,null,null,'4028d881436d514601436d521933012e');
Insert into CGFORM_FIELD (ID,CONTENT,CREATE_BY,CREATE_DATE,CREATE_NAME,DICT_FIELD,DICT_TABLE,DICT_TEXT,FIELD_DEFAULT,FIELD_HREF,FIELD_LENGTH,FIELD_NAME,FIELD_VALID_TYPE,IS_KEY,IS_NULL,IS_QUERY,IS_SHOW,IS_SHOW_LIST,LENGTH,MAIN_FIELD,MAIN_TABLE,OLD_FIELD_NAME,ORDER_NUM,POINT_LENGTH,QUERY_MODE,SHOW_TYPE,TYPE,UPDATE_BY,UPDATE_DATE,UPDATE_NAME,TABLE_ID) values ('4028d881436d514601436d52198f014d','行政市','admin',to_date('07-1月 -14','DD-MON-RR'),'管理员',' ',' ',null,null,null,0,'b12',null,'N','N','N','Y','Y',100,' ',' ',null,4,0,'group','text','string',null,null,null,'4028d881436d514601436d521933012e');
Insert into CGFORM_FIELD (ID,CONTENT,CREATE_BY,CREATE_DATE,CREATE_NAME,DICT_FIELD,DICT_TABLE,DICT_TEXT,FIELD_DEFAULT,FIELD_HREF,FIELD_LENGTH,FIELD_NAME,FIELD_VALID_TYPE,IS_KEY,IS_NULL,IS_QUERY,IS_SHOW,IS_SHOW_LIST,LENGTH,MAIN_FIELD,MAIN_TABLE,OLD_FIELD_NAME,ORDER_NUM,POINT_LENGTH,QUERY_MODE,SHOW_TYPE,TYPE,UPDATE_BY,UPDATE_DATE,UPDATE_NAME,TABLE_ID) values ('4028d881436d514601436d521991014e','行政县','admin',to_date('07-1月 -14','DD-MON-RR'),'管理员',' ',' ',null,null,null,0,'b13',null,'N','N','N','Y','Y',100,' ',' ',null,5,0,'single','text','string',null,null,null,'4028d881436d514601436d521933012e');
Insert into CGFORM_FIELD (ID,CONTENT,CREATE_BY,CREATE_DATE,CREATE_NAME,DICT_FIELD,DICT_TABLE,DICT_TEXT,FIELD_DEFAULT,FIELD_HREF,FIELD_LENGTH,FIELD_NAME,FIELD_VALID_TYPE,IS_KEY,IS_NULL,IS_QUERY,IS_SHOW,IS_SHOW_LIST,LENGTH,MAIN_FIELD,MAIN_TABLE,OLD_FIELD_NAME,ORDER_NUM,POINT_LENGTH,QUERY_MODE,SHOW_TYPE,TYPE,UPDATE_BY,UPDATE_DATE,UPDATE_NAME,TABLE_ID) values ('4028d881436d514601436d521994014f','事业合计','admin',to_date('07-1月 -14','DD-MON-RR'),'管理员',' ',' ',null,null,null,0,'b2',null,'N','N','N','Y','Y',10,' ',' ',null,6,2,'single','text','double',null,null,null,'4028d881436d514601436d521933012e');
Insert into CGFORM_FIELD (ID,CONTENT,CREATE_BY,CREATE_DATE,CREATE_NAME,DICT_FIELD,DICT_TABLE,DICT_TEXT,FIELD_DEFAULT,FIELD_HREF,FIELD_LENGTH,FIELD_NAME,FIELD_VALID_TYPE,IS_KEY,IS_NULL,IS_QUERY,IS_SHOW,IS_SHOW_LIST,LENGTH,MAIN_FIELD,MAIN_TABLE,OLD_FIELD_NAME,ORDER_NUM,POINT_LENGTH,QUERY_MODE,SHOW_TYPE,TYPE,UPDATE_BY,UPDATE_DATE,UPDATE_NAME,TABLE_ID) values ('4028d881436d514601436d5219970150','参公小计','admin',to_date('07-1月 -14','DD-MON-RR'),'管理员',' ',' ',null,null,null,0,'b3',null,'N','N','N','Y','Y',10,' ',' ',null,7,2,'single','text','double',null,null,null,'4028d881436d514601436d521933012e');
Insert into CGFORM_FIELD (ID,CONTENT,CREATE_BY,CREATE_DATE,CREATE_NAME,DICT_FIELD,DICT_TABLE,DICT_TEXT,FIELD_DEFAULT,FIELD_HREF,FIELD_LENGTH,FIELD_NAME,FIELD_VALID_TYPE,IS_KEY,IS_NULL,IS_QUERY,IS_SHOW,IS_SHOW_LIST,LENGTH,MAIN_FIELD,MAIN_TABLE,OLD_FIELD_NAME,ORDER_NUM,POINT_LENGTH,QUERY_MODE,SHOW_TYPE,TYPE,UPDATE_BY,UPDATE_DATE,UPDATE_NAME,TABLE_ID) values ('4028d881436d514601436d5219990151','参公省','admin',to_date('07-1月 -14','DD-MON-RR'),'管理员',' ',' ',null,null,null,0,'b31',null,'N','N','N','Y','Y',100,' ',' ',null,8,0,'single','text','string',null,null,null,'4028d881436d514601436d521933012e');
Insert into CGFORM_FIELD (ID,CONTENT,CREATE_BY,CREATE_DATE,CREATE_NAME,DICT_FIELD,DICT_TABLE,DICT_TEXT,FIELD_DEFAULT,FIELD_HREF,FIELD_LENGTH,FIELD_NAME,FIELD_VALID_TYPE,IS_KEY,IS_NULL,IS_QUERY,IS_SHOW,IS_SHOW_LIST,LENGTH,MAIN_FIELD,MAIN_TABLE,OLD_FIELD_NAME,ORDER_NUM,POINT_LENGTH,QUERY_MODE,SHOW_TYPE,TYPE,UPDATE_BY,UPDATE_DATE,UPDATE_NAME,TABLE_ID) values ('4028d881436d514601436d52199c0152','参公市','admin',to_date('07-1月 -14','DD-MON-RR'),'管理员',' ',' ',null,null,null,0,'b32',null,'N','N','N','Y','Y',100,' ',' ',null,9,0,'single','text','string',null,null,null,'4028d881436d514601436d521933012e');
Insert into CGFORM_FIELD (ID,CONTENT,CREATE_BY,CREATE_DATE,CREATE_NAME,DICT_FIELD,DICT_TABLE,DICT_TEXT,FIELD_DEFAULT,FIELD_HREF,FIELD_LENGTH,FIELD_NAME,FIELD_VALID_TYPE,IS_KEY,IS_NULL,IS_QUERY,IS_SHOW,IS_SHOW_LIST,LENGTH,MAIN_FIELD,MAIN_TABLE,OLD_FIELD_NAME,ORDER_NUM,POINT_LENGTH,QUERY_MODE,SHOW_TYPE,TYPE,UPDATE_BY,UPDATE_DATE,UPDATE_NAME,TABLE_ID) values ('4028d881436d514601436d52199e0153','参公县','admin',to_date('07-1月 -14','DD-MON-RR'),'管理员',' ',' ',null,null,null,0,'b33',null,'N','N','N','Y','Y',100,' ',' ',null,10,0,'single','text','string',null,null,null,'4028d881436d514601436d521933012e');
Insert into CGFORM_FIELD (ID,CONTENT,CREATE_BY,CREATE_DATE,CREATE_NAME,DICT_FIELD,DICT_TABLE,DICT_TEXT,FIELD_DEFAULT,FIELD_HREF,FIELD_LENGTH,FIELD_NAME,FIELD_VALID_TYPE,IS_KEY,IS_NULL,IS_QUERY,IS_SHOW,IS_SHOW_LIST,LENGTH,MAIN_FIELD,MAIN_TABLE,OLD_FIELD_NAME,ORDER_NUM,POINT_LENGTH,QUERY_MODE,SHOW_TYPE,TYPE,UPDATE_BY,UPDATE_DATE,UPDATE_NAME,TABLE_ID) values ('4028d881436d514601436d5219a00154','全额拨款','admin',to_date('07-1月 -14','DD-MON-RR'),'管理员',' ',' ',null,null,null,0,'c1',null,'N','N','N','Y','Y',10,' ',' ',null,11,2,'single','text','double',null,null,null,'4028d881436d514601436d521933012e');
Insert into CGFORM_FIELD (ID,CONTENT,CREATE_BY,CREATE_DATE,CREATE_NAME,DICT_FIELD,DICT_TABLE,DICT_TEXT,FIELD_DEFAULT,FIELD_HREF,FIELD_LENGTH,FIELD_NAME,FIELD_VALID_TYPE,IS_KEY,IS_NULL,IS_QUERY,IS_SHOW,IS_SHOW_LIST,LENGTH,MAIN_FIELD,MAIN_TABLE,OLD_FIELD_NAME,ORDER_NUM,POINT_LENGTH,QUERY_MODE,SHOW_TYPE,TYPE,UPDATE_BY,UPDATE_DATE,UPDATE_NAME,TABLE_ID) values ('4028d881436d514601436d5219a30155','差额拨款','admin',to_date('07-1月 -14','DD-MON-RR'),'管理员',' ',' ',null,null,null,0,'c2',null,'N','N','N','Y','Y',10,' ',' ',null,12,2,'single','text','double',null,null,null,'4028d881436d514601436d521933012e');
Insert into CGFORM_FIELD (ID,CONTENT,CREATE_BY,CREATE_DATE,CREATE_NAME,DICT_FIELD,DICT_TABLE,DICT_TEXT,FIELD_DEFAULT,FIELD_HREF,FIELD_LENGTH,FIELD_NAME,FIELD_VALID_TYPE,IS_KEY,IS_NULL,IS_QUERY,IS_SHOW,IS_SHOW_LIST,LENGTH,MAIN_FIELD,MAIN_TABLE,OLD_FIELD_NAME,ORDER_NUM,POINT_LENGTH,QUERY_MODE,SHOW_TYPE,TYPE,UPDATE_BY,UPDATE_DATE,UPDATE_NAME,TABLE_ID) values ('4028d881436d514601436d5219a60156','自收自支','admin',to_date('07-1月 -14','DD-MON-RR'),'管理员',' ',' ',null,null,null,0,'c3',null,'N','N','N','Y','Y',10,' ',' ',null,13,2,'single','text','double',null,null,null,'4028d881436d514601436d521933012e');
Insert into CGFORM_FIELD (ID,CONTENT,CREATE_BY,CREATE_DATE,CREATE_NAME,DICT_FIELD,DICT_TABLE,DICT_TEXT,FIELD_DEFAULT,FIELD_HREF,FIELD_LENGTH,FIELD_NAME,FIELD_VALID_TYPE,IS_KEY,IS_NULL,IS_QUERY,IS_SHOW,IS_SHOW_LIST,LENGTH,MAIN_FIELD,MAIN_TABLE,OLD_FIELD_NAME,ORDER_NUM,POINT_LENGTH,QUERY_MODE,SHOW_TYPE,TYPE,UPDATE_BY,UPDATE_DATE,UPDATE_NAME,TABLE_ID) values ('4028d881436d514601436d5219a80157','经费合计','admin',to_date('07-1月 -14','DD-MON-RR'),'管理员',' ',' ',null,null,null,0,'d',null,'N','N','Y','Y','Y',10,' ',' ',null,14,2,'single','text','int',null,null,null,'4028d881436d514601436d521933012e');
Insert into CGFORM_FIELD (ID,CONTENT,CREATE_BY,CREATE_DATE,CREATE_NAME,DICT_FIELD,DICT_TABLE,DICT_TEXT,FIELD_DEFAULT,FIELD_HREF,FIELD_LENGTH,FIELD_NAME,FIELD_VALID_TYPE,IS_KEY,IS_NULL,IS_QUERY,IS_SHOW,IS_SHOW_LIST,LENGTH,MAIN_FIELD,MAIN_TABLE,OLD_FIELD_NAME,ORDER_NUM,POINT_LENGTH,QUERY_MODE,SHOW_TYPE,TYPE,UPDATE_BY,UPDATE_DATE,UPDATE_NAME,TABLE_ID) values ('4028d881436d514601436d5219aa0158','机构资质','admin',to_date('07-1月 -14','DD-MON-RR'),'管理员',' ',' ',null,null,null,0,'d1',null,'N','N','N','Y','Y',1000,' ',' ',null,15,0,'single','text','string',null,null,null,'4028d881436d514601436d521933012e');
REM INSERTING into CGFORM_FTL
SET DEFINE OFF;
REM INSERTING into CGFORM_HEAD
SET DEFINE OFF;
Insert into CGFORM_HEAD (ID,CONTENT,CREATE_BY,CREATE_DATE,CREATE_NAME,IS_CHECKBOX,IS_DBSYNCH,IS_PAGINATION,IS_TREE,JFORM_TYPE,JFORM_VERSION,QUERYMODE,RELATION_TYPE,TABLE_NAME,UPDATE_BY,UPDATE_DATE,UPDATE_NAME,JFORM_PK_SEQUENCE,JFORM_PK_TYPE,TAB_ORDER) values ('402881e446676a060146677087880001','扩展接口管理','admin',to_date('04-6月 -14','DD-MON-RR'),'管理员','N','Y','Y','N',1,'2','single',0,'weixin_expandconfig','admin',to_date('04-6月 -14','DD-MON-RR'),'管理员',null,null,null);
Insert into CGFORM_HEAD (ID,CONTENT,CREATE_BY,CREATE_DATE,CREATE_NAME,IS_CHECKBOX,IS_DBSYNCH,IS_PAGINATION,IS_TREE,JFORM_TYPE,JFORM_VERSION,QUERYMODE,RELATION_TYPE,TABLE_NAME,UPDATE_BY,UPDATE_DATE,UPDATE_NAME,JFORM_PK_SEQUENCE,JFORM_PK_TYPE,TAB_ORDER) values ('402881e845c73cb00145c754450c0007','微信公众帐号信息','admin',to_date('04-5月 -14','DD-MON-RR'),'管理员','Y','Y','Y','N',1,'2','single',0,'weixin_account','admin',to_date('06-5月 -14','DD-MON-RR'),'管理员',null,null,null);
Insert into CGFORM_HEAD (ID,CONTENT,CREATE_BY,CREATE_DATE,CREATE_NAME,IS_CHECKBOX,IS_DBSYNCH,IS_PAGINATION,IS_TREE,JFORM_TYPE,JFORM_VERSION,QUERYMODE,RELATION_TYPE,TABLE_NAME,UPDATE_BY,UPDATE_DATE,UPDATE_NAME,JFORM_PK_SEQUENCE,JFORM_PK_TYPE,TAB_ORDER) values ('402881e946f72f8e0146f74632010008','商品分类','4028d881436d514601436d5215ac0043',to_date('02-7月 -14','DD-MON-RR'),'admin','N','Y','Y','Y',1,'1','single',0,'WEIXIN_MALL_CATEGORY','4028d881436d514601436d5215ac0043',to_date('02-7月 -14','DD-MON-RR'),'admin',' ','UUID',null);
Insert into CGFORM_HEAD (ID,CONTENT,CREATE_BY,CREATE_DATE,CREATE_NAME,IS_CHECKBOX,IS_DBSYNCH,IS_PAGINATION,IS_TREE,JFORM_TYPE,JFORM_VERSION,QUERYMODE,RELATION_TYPE,TABLE_NAME,UPDATE_BY,UPDATE_DATE,UPDATE_NAME,JFORM_PK_SEQUENCE,JFORM_PK_TYPE,TAB_ORDER) values ('402881e94701b0bc014701b6ed380001','商品信息','4028d881436d514601436d5215ac0043',to_date('04-7月 -14','DD-MON-RR'),'admin','Y','Y','Y','N',1,'3','group',0,'weixin_shop_goods','4028d881436d514601436d5215ac0043',to_date('04-7月 -14','DD-MON-RR'),'admin',' ','UUID',null);
Insert into CGFORM_HEAD (ID,CONTENT,CREATE_BY,CREATE_DATE,CREATE_NAME,IS_CHECKBOX,IS_DBSYNCH,IS_PAGINATION,IS_TREE,JFORM_TYPE,JFORM_VERSION,QUERYMODE,RELATION_TYPE,TABLE_NAME,UPDATE_BY,UPDATE_DATE,UPDATE_NAME,JFORM_PK_SEQUENCE,JFORM_PK_TYPE,TAB_ORDER) values ('4028d881436d514601436d521928012a','订单主信息','admin',to_date('07-1月 -14','DD-MON-RR'),'管理员','N','Y','Y','N',2,'57','group',0,'jform_order_main','4028d881436d514601436d5215ac0043',to_date('24-7月 -14','DD-MON-RR'),'admin',null,null,null);
Insert into CGFORM_HEAD (ID,CONTENT,CREATE_BY,CREATE_DATE,CREATE_NAME,IS_CHECKBOX,IS_DBSYNCH,IS_PAGINATION,IS_TREE,JFORM_TYPE,JFORM_VERSION,QUERYMODE,RELATION_TYPE,TABLE_NAME,UPDATE_BY,UPDATE_DATE,UPDATE_NAME,JFORM_PK_SEQUENCE,JFORM_PK_TYPE,TAB_ORDER) values ('4028d881436d514601436d52192d012b','请假单','admin',to_date('07-1月 -14','DD-MON-RR'),'管理员','N','Y','Y','N',1,'51','group',0,'jform_leave','admin',to_date('19-1月 -14','DD-MON-RR'),'管理员',null,null,null);
Insert into CGFORM_HEAD (ID,CONTENT,CREATE_BY,CREATE_DATE,CREATE_NAME,IS_CHECKBOX,IS_DBSYNCH,IS_PAGINATION,IS_TREE,JFORM_TYPE,JFORM_VERSION,QUERYMODE,RELATION_TYPE,TABLE_NAME,UPDATE_BY,UPDATE_DATE,UPDATE_NAME,JFORM_PK_SEQUENCE,JFORM_PK_TYPE,TAB_ORDER) values ('4028d881436d514601436d52192f012c','订单客户信息','admin',to_date('07-1月 -14','DD-MON-RR'),'管理员','Y','N','Y','N',3,'16','single',0,'jform_order_customer',null,null,null,null,null,null);
Insert into CGFORM_HEAD (ID,CONTENT,CREATE_BY,CREATE_DATE,CREATE_NAME,IS_CHECKBOX,IS_DBSYNCH,IS_PAGINATION,IS_TREE,JFORM_TYPE,JFORM_VERSION,QUERYMODE,RELATION_TYPE,TABLE_NAME,UPDATE_BY,UPDATE_DATE,UPDATE_NAME,JFORM_PK_SEQUENCE,JFORM_PK_TYPE,TAB_ORDER) values ('4028d881436d514601436d521931012d','订单机票信息','admin',to_date('07-1月 -14','DD-MON-RR'),'管理员','N','N','Y','N',3,'20','single',0,'jform_order_ticket',null,null,null,null,null,null);
Insert into CGFORM_HEAD (ID,CONTENT,CREATE_BY,CREATE_DATE,CREATE_NAME,IS_CHECKBOX,IS_DBSYNCH,IS_PAGINATION,IS_TREE,JFORM_TYPE,JFORM_VERSION,QUERYMODE,RELATION_TYPE,TABLE_NAME,UPDATE_BY,UPDATE_DATE,UPDATE_NAME,JFORM_PK_SEQUENCE,JFORM_PK_TYPE,TAB_ORDER) values ('4028d881436d514601436d521933012e','价格认证机构统计表','admin',to_date('07-1月 -14','DD-MON-RR'),'管理员','N','N','Y','N',1,'3','group',0,'jform_price1',null,null,null,null,null,null);
REM INSERTING into CGFORM_UPLOADFILES
SET DEFINE OFF;
REM INSERTING into CK_EDITOR
SET DEFINE OFF;
Insert into CK_EDITOR (ID) values ('4028d881436d514601436d5219250129');
REM INSERTING into CK_FINDER
SET DEFINE OFF;
REM INSERTING into DOC
SET DEFINE OFF;
REM INSERTING into JEECG_DEMO
SET DEFINE OFF;
Insert into JEECG_DEMO (ID,AGE,BIRTHDAY,CONTENT,CREATE_TIME,DEP_ID,EMAIL,MOBILE_PHONE,OFFICE_PHONE,SALARY,SEX,STATUS,USER_NAME,CREATE_DATE) values ('4028d881436d514601436d521ad4015e',12,to_date('07-1月 -14','DD-MON-RR'),null,null,'123','demo@jeecg.com','13111111111','66666666',111111,'1',null,'小明',null);
REM INSERTING into JEECG_DEMO_COURSE
SET DEFINE OFF;
Insert into JEECG_DEMO_COURSE (ID,NAME,TEACHER_ID) values ('4028d881436d514601436d5219b0015b','海贼王','4028d881436d514601436d5219ae015a');
REM INSERTING into JEECG_DEMO_STUDENT
SET DEFINE OFF;
Insert into JEECG_DEMO_STUDENT (ID,BIRTHDAY,NAME,SEX,COURSE_ID) values ('4028d881436d514601436d5219b4015c',null,'卓洛','0','4028d881436d514601436d5219b0015b');
Insert into JEECG_DEMO_STUDENT (ID,BIRTHDAY,NAME,SEX,COURSE_ID) values ('4028d881436d514601436d5219b7015d',null,'山治 ','0','4028d881436d514601436d5219b0015b');
REM INSERTING into JEECG_DEMO_TEACHER
SET DEFINE OFF;
Insert into JEECG_DEMO_TEACHER (ID,NAME,PIC) values ('4028d881436d514601436d5219ae015a','路飞','upload/Teacher/pic3345280233.PNG');
REM INSERTING into JEECG_MATTER_BOM
SET DEFINE OFF;
Insert into JEECG_MATTER_BOM (ID,ADDRESS,CODE,NAME,PRICE,PRODUCTIONDATE,QUANTITY,STOCK,UNIT,WEIGHT,PARENT_ID) values ('4028d881436d514601436d521ae40163','广东深圳','001','电脑',5000,to_date('07-1月 -14','DD-MON-RR'),5,10,'台','100',null);
Insert into JEECG_MATTER_BOM (ID,ADDRESS,CODE,NAME,PRICE,PRODUCTIONDATE,QUANTITY,STOCK,UNIT,WEIGHT,PARENT_ID) values ('4028d881436d514601436d521ae70164','上海','001001','主板',800,to_date('07-1月 -14','DD-MON-RR'),6,18,'个','60','4028d881436d514601436d521ae40163');
REM INSERTING into JEECG_MINIDAO
SET DEFINE OFF;
REM INSERTING into JEECG_ORDER_CUSTOM
SET DEFINE OFF;
Insert into JEECG_ORDER_CUSTOM (ID,CREATE_DT,CRTUSER,CRTUSER_NAME,DEL_DT,DELFLAG,GO_ORDER_CODE,GOC_BUSS_CONTENT,GOC_CONTENT,GOC_CUS_NAME,GOC_IDCARD,GOC_PASSPORT_CODE,GOC_SEX,MODIFIER,MODIFIER_NAME,MODIFY_DT) values ('4028d881436d514601436d521ae20162',null,null,null,null,null,'11111AAA',null,null,'小明',null,null,'1',null,null,null);
REM INSERTING into JEECG_ORDER_MAIN
SET DEFINE OFF;
Insert into JEECG_ORDER_MAIN (ID,CREATE_DT,CRTUSER,CRTUSER_NAME,DEL_DT,DELFLAG,GO_ALL_PRICE,GO_CONTACT_NAME,GO_CONTENT,GO_ORDER_CODE,GO_ORDER_COUNT,GO_RETURN_PRICE,GO_TELPHONE,GODER_TYPE,MODIFIER,MODIFIER_NAME,MODIFY_DT,USERTYPE) values ('4028d881436d514601436d521adb0160',null,null,null,null,null,1111111,'alex','别放辣椒','11111AAA',1,100,null,'1',null,null,null,'1');
REM INSERTING into JEECG_ORDER_PRODUCT
SET DEFINE OFF;
Insert into JEECG_ORDER_PRODUCT (ID,CREATE_DT,CRTUSER,CRTUSER_NAME,DEL_DT,DELFLAG,GO_ORDER_CODE,GOP_CONTENT,GOP_COUNT,GOP_ONE_PRICE,GOP_PRODUCT_NAME,GOP_PRODUCT_TYPE,GOP_SUM_PRICE,MODIFIER,MODIFIER_NAME,MODIFY_DT) values ('4028d881436d514601436d521adf0161',null,null,null,null,null,'11111AAA',null,1,100,'最最美味的地锅鸡','1',100,null,null,null);
REM INSERTING into JFORM_CGREPORT_HEAD
SET DEFINE OFF;
Insert into JFORM_CGREPORT_HEAD (ID,CODE,NAME) values ('402889f847666ae401476670bb72000a','A001','查询栏目');
REM INSERTING into JFORM_CGREPORT_ITEM
SET DEFINE OFF;
Insert into JFORM_CGREPORT_ITEM (ID,S_FLAG,S_MODE,CGRHEAD_ID,DICT_CODE,FIELD_HREF,FIELD_NAME,FIELD_TYPE,IS_SHOW,ORDER_NUM,REPLACE_VA) values ('402889f847666ae401476670bb74000b','Y','single','402889f847666ae401476670bb72000a',' ',' ','ID','String','Y',0,' ');
Insert into JFORM_CGREPORT_ITEM (ID,S_FLAG,S_MODE,CGRHEAD_ID,DICT_CODE,FIELD_HREF,FIELD_NAME,FIELD_TYPE,IS_SHOW,ORDER_NUM,REPLACE_VA) values ('402889f847666ae401476670bb78000c','Y','single','402889f847666ae401476670bb72000a',' ',' ','ACCOUNTID','String','Y',1,' ');
Insert into JFORM_CGREPORT_ITEM (ID,S_FLAG,S_MODE,CGRHEAD_ID,DICT_CODE,FIELD_HREF,FIELD_NAME,FIELD_TYPE,IS_SHOW,ORDER_NUM,REPLACE_VA) values ('402889f847666ae401476670bb79000d','Y','single','402889f847666ae401476670bb72000a',' ',' ','CREATE_BY','String','Y',2,' ');
Insert into JFORM_CGREPORT_ITEM (ID,S_FLAG,S_MODE,CGRHEAD_ID,DICT_CODE,FIELD_HREF,FIELD_NAME,FIELD_TYPE,IS_SHOW,ORDER_NUM,REPLACE_VA) values ('402889f847666ae401476670bb7a000e','Y','single','402889f847666ae401476670bb72000a',' ',' ','CREATE_DATE','String','Y',3,' ');
Insert into JFORM_CGREPORT_ITEM (ID,S_FLAG,S_MODE,CGRHEAD_ID,DICT_CODE,FIELD_HREF,FIELD_NAME,FIELD_TYPE,IS_SHOW,ORDER_NUM,REPLACE_VA) values ('402889f847666ae401476670bb7b000f','Y','single','402889f847666ae401476670bb72000a',' ',' ','CREATE_NAME','String','Y',4,' ');
Insert into JFORM_CGREPORT_ITEM (ID,S_FLAG,S_MODE,CGRHEAD_ID,DICT_CODE,FIELD_HREF,FIELD_NAME,FIELD_TYPE,IS_SHOW,ORDER_NUM,REPLACE_VA) values ('402889f847666ae401476670bb7e0010','Y','single','402889f847666ae401476670bb72000a',' ',' ','IMAGE_HREF','String','Y',5,' ');
Insert into JFORM_CGREPORT_ITEM (ID,S_FLAG,S_MODE,CGRHEAD_ID,DICT_CODE,FIELD_HREF,FIELD_NAME,FIELD_TYPE,IS_SHOW,ORDER_NUM,REPLACE_VA) values ('402889f847666ae401476670bb7f0011','Y','single','402889f847666ae401476670bb72000a',' ',' ','IMAGE_NAME','String','Y',6,' ');
Insert into JFORM_CGREPORT_ITEM (ID,S_FLAG,S_MODE,CGRHEAD_ID,DICT_CODE,FIELD_HREF,FIELD_NAME,FIELD_TYPE,IS_SHOW,ORDER_NUM,REPLACE_VA) values ('402889f847666ae401476670bb800012','Y','single','402889f847666ae401476670bb72000a',' ',' ','NAME','String','Y',7,' ');
Insert into JFORM_CGREPORT_ITEM (ID,S_FLAG,S_MODE,CGRHEAD_ID,DICT_CODE,FIELD_HREF,FIELD_NAME,FIELD_TYPE,IS_SHOW,ORDER_NUM,REPLACE_VA) values ('402889f847666ae401476670bb810013','Y','single','402889f847666ae401476670bb72000a',' ',' ','TYPE','String','Y',8,' ');
REM INSERTING into JFORM_LEAVE
SET DEFINE OFF;
REM INSERTING into JFORM_ORDER_MAIN
SET DEFINE OFF;
REM INSERTING into JG_PERSON
SET DEFINE OFF;
Insert into JG_PERSON (ID,AGE,BIRTHDAY,CREATEDT,NAME,SALARY) values ('4028d881436d514601436d521ad9015f',10,to_date('07-1月 -14','DD-MON-RR'),to_date('07-1月 -14','DD-MON-RR'),'小红',1000);
REM INSERTING into JP_DEMO_ACTIVITY
SET DEFINE OFF;
Insert into JP_DEMO_ACTIVITY (ID,NAME,BEGIN_TIME,END_TIME,HDURL) values ('CC7E3FE24C3843289A7D8E4124F53FF6','2',to_date('22-8月 -16','DD-MON-RR'),to_date('22-8月 -16','DD-MON-RR'),'3');
Insert into JP_DEMO_ACTIVITY (ID,NAME,BEGIN_TIME,END_TIME,HDURL) values ('DEBCE74A2E87406EBA557748BE0FA700','1',to_date('10-4月 -16','DD-MON-RR'),to_date('10-4月 -16','DD-MON-RR'),'1');
Insert into JP_DEMO_ACTIVITY (ID,NAME,BEGIN_TIME,END_TIME,HDURL) values ('F4EAEF41A7DF4B59AE9A41455E1643F9','3',to_date('30-6月 -16','DD-MON-RR'),to_date('30-6月 -16','DD-MON-RR'),'3');
REM INSERTING into JP_DEMO_AUTH
SET DEFINE OFF;
Insert into JP_DEMO_AUTH (ID,AUTH_ID,AUTH_NAME,AUTH_TYPE,AUTH_CONTR,PARENT_AUTH_ID,LEAF_IND) values (1,'21','系统管理','0',null,null,'N');
Insert into JP_DEMO_AUTH (ID,AUTH_ID,AUTH_NAME,AUTH_TYPE,AUTH_CONTR,PARENT_AUTH_ID,LEAF_IND) values (2,'2101','用户管理','0','/system/back/jwSystemUser/list.do','21','Y');
Insert into JP_DEMO_AUTH (ID,AUTH_ID,AUTH_NAME,AUTH_TYPE,AUTH_CONTR,PARENT_AUTH_ID,LEAF_IND) values (3,'210101','新增用户','1','/system/back/jwSystemUser/doAdd.do','2101','Y');
Insert into JP_DEMO_AUTH (ID,AUTH_ID,AUTH_NAME,AUTH_TYPE,AUTH_CONTR,PARENT_AUTH_ID,LEAF_IND) values (4,'210102','编辑用户','1','/system/back/jwSystemUser/doEdit.do','2101','Y');
Insert into JP_DEMO_AUTH (ID,AUTH_ID,AUTH_NAME,AUTH_TYPE,AUTH_CONTR,PARENT_AUTH_ID,LEAF_IND) values (5,'2102','角色管理','0','/system/back/jwSystemRole/list.do','21','Y');
Insert into JP_DEMO_AUTH (ID,AUTH_ID,AUTH_NAME,AUTH_TYPE,AUTH_CONTR,PARENT_AUTH_ID,LEAF_IND) values (6,'210201','新增角色','1','/system/back/jwSystemRole/doAdd.do','2102','Y');
Insert into JP_DEMO_AUTH (ID,AUTH_ID,AUTH_NAME,AUTH_TYPE,AUTH_CONTR,PARENT_AUTH_ID,LEAF_IND) values (7,'210202','编辑角色','1','/system/back/jwSystemRole/doEdit.do','2102','Y');
Insert into JP_DEMO_AUTH (ID,AUTH_ID,AUTH_NAME,AUTH_TYPE,AUTH_CONTR,PARENT_AUTH_ID,LEAF_IND) values (8,'210203','角色授权','1','/system/back/jwSystemRole/editRoleAuth.do','2102','Y');
Insert into JP_DEMO_AUTH (ID,AUTH_ID,AUTH_NAME,AUTH_TYPE,AUTH_CONTR,PARENT_AUTH_ID,LEAF_IND) values (9,'210204','删除角色','1','/system/back/jwSystemRole/doDelete.do','2102','Y');
Insert into JP_DEMO_AUTH (ID,AUTH_ID,AUTH_NAME,AUTH_TYPE,AUTH_CONTR,PARENT_AUTH_ID,LEAF_IND) values (10,'2103','权限管理','0','/system/back/jwSystemAuth/list.do','21','Y');
Insert into JP_DEMO_AUTH (ID,AUTH_ID,AUTH_NAME,AUTH_TYPE,AUTH_CONTR,PARENT_AUTH_ID,LEAF_IND) values (11,'210301','新增权限','1','/system/back/jwSystemAuth/doAdd.do','2103','Y');
Insert into JP_DEMO_AUTH (ID,AUTH_ID,AUTH_NAME,AUTH_TYPE,AUTH_CONTR,PARENT_AUTH_ID,LEAF_IND) values (12,'210302','编辑权限','1','/system/back/jwSystemAuth/doEdit.do1','2103','Y');
REM INSERTING into OPTIMISTIC_LOCKING
SET DEFINE OFF;
REM INSERTING into QYWX_ACCOUNT
SET DEFINE OFF;
Insert into QYWX_ACCOUNT (ID,ACCONT_NAME,CORPID,SECRET,ACCESS_TOKEN,ACCOUNT_DESC,CREATE_NAME,CREATE_BY,CREATE_DATE,UPDATE_NAME,UPDATE_BY,UPDATE_DATE,CONVERSATION_SECRET) values ('402880a94742e24e014742e8942b0002','捷微企业号','?','?',null,' ',null,null,null,null,null,null,'?');
REM INSERTING into QYWX_AGENT
SET DEFINE OFF;
Insert into QYWX_AGENT (ID,ACCOUNT_ID,WX_AGENTID,AGENT_NAME,TOKEN,ENCODINGAESKEY,SQUARE_LOGO_URL,ROUND_LOGO_URL,LOGO_MEDIAID,DESCRIPTION,CLOSE_STATUS,REDIRECT_DOMAIN,REPORT_LOCATION_FLAG,ISREPORTUSER,ISREPORTENTER,APP_TYPE,HOME_URL,CREATE_NAME,CREATE_BY,CREATE_DATE,UPDATE_NAME,UPDATE_BY,UPDATE_DATE) values ('1','402880a94742e24e014742e8942b0002','1','微信考勤','jeewx','?','111url','11',null,' ','1',' ','2','1','0','1',null,null,null,null,null,null,null);
Insert into QYWX_AGENT (ID,ACCOUNT_ID,WX_AGENTID,AGENT_NAME,TOKEN,ENCODINGAESKEY,SQUARE_LOGO_URL,ROUND_LOGO_URL,LOGO_MEDIAID,DESCRIPTION,CLOSE_STATUS,REDIRECT_DOMAIN,REPORT_LOCATION_FLAG,ISREPORTUSER,ISREPORTENTER,APP_TYPE,HOME_URL,CREATE_NAME,CREATE_BY,CREATE_DATE,UPDATE_NAME,UPDATE_BY,UPDATE_DATE) values ('DC46552CD5AE4DF2AE12680C4636C9BA','402880a94742e24e014742e8942b0002','4','公司公告','jeewx','?',' ',null,null,' ','1','http://fly1206.xicp.net/weixinCoreController.do?wechat&corpid=wx967db4406788c64c&appid=4','0','0','0','1',null,null,null,null,null,null,null);
REM INSERTING into QYWX_AUTORESPONSE
SET DEFINE OFF;
Insert into QYWX_AUTORESPONSE (ID,KEY_WORD,RES_CONTENT,MSG_TYPE,TEMPLATE_NAME,ACCOUNTID,CREATE_NAME,CREATE_BY,CREATE_DATE,UPDATE_NAME,UPDATE_BY,UPDATE_DATE) values ('43232F1A56E94BD099139FADD1EFD53F','01','8a792db34fdf51b3014fdfa391fd002a','text','素材一句话冠亚军','402880a94742e24e014742e8942b0002',null,null,to_date('13-7月 -16','DD-MON-RR'),null,null,null);
Insert into QYWX_AUTORESPONSE (ID,KEY_WORD,RES_CONTENT,MSG_TYPE,TEMPLATE_NAME,ACCOUNTID,CREATE_NAME,CREATE_BY,CREATE_DATE,UPDATE_NAME,UPDATE_BY,UPDATE_DATE) values ('694835F2933C4410A639906639F18D77','nihao','F65B42281D1E46E69FBEAEEC43587F6D','text','nihao','402880a94742e24e014742e8942b0002',null,null,to_date('18-4月 -16','DD-MON-RR'),null,null,null);
Insert into QYWX_AUTORESPONSE (ID,KEY_WORD,RES_CONTENT,MSG_TYPE,TEMPLATE_NAME,ACCOUNTID,CREATE_NAME,CREATE_BY,CREATE_DATE,UPDATE_NAME,UPDATE_BY,UPDATE_DATE) values ('8a792db34fdf51b3014fdfa937e90038','jeecg','ff808081538e81b401539bb4b1c80034','news','QQQ','402880a94742e24e014742e8942b0002',null,null,null,null,null,null);
Insert into QYWX_AUTORESPONSE (ID,KEY_WORD,RES_CONTENT,MSG_TYPE,TEMPLATE_NAME,ACCOUNTID,CREATE_NAME,CREATE_BY,CREATE_DATE,UPDATE_NAME,UPDATE_BY,UPDATE_DATE) values ('CCA4FFD6B26E481C878FF715C708CB55','你好','F65B42281D1E46E69FBEAEEC43587F6D','text','nihao','402880a94742e24e014742e8942b0002',null,null,to_date('20-12月-16','DD-MON-RR'),null,null,null);
REM INSERTING into QYWX_AUTORESPONSE_DEFAULT
SET DEFINE OFF;
Insert into QYWX_AUTORESPONSE_DEFAULT (ID,TEMPLATENAME,TEMPLATEID,MSGTYPE,ACCOUNTID,ISWORK,CREATE_NAME,CREATE_BY,CREATE_DATE,UPDATE_NAME,UPDATE_BY,UPDATE_DATE) values ('8a792db34fdf51b3014fdfb22e87004f','默认回复语','8a792db34fdf51b3014fdfb1fdb3004c','text','402880a94742e24e014742e8942b0002','1',null,null,null,null,null,null);
REM INSERTING into QYWX_CONVERSATION
SET DEFINE OFF;
Insert into QYWX_CONVERSATION (ID,TITLE,USERNAMELIST,USERIDLIST,STATUS,MANAGERID,CHATID,MANAGERNAME) values ('725105D1D71948499B1CB7FFE465011A','会话测试','scott,周俊峰,邢磊,','scott,zhoujf,xinglei,',1,'xinglei','1465721359150','邢磊');
REM INSERTING into QYWX_GROUP
SET DEFINE OFF;
Insert into QYWX_GROUP (ID,NAME,PARENTID,ACCOUNTID,ORDERS,CREATE_NAME,CREATE_BY,CREATE_DATE,UPDATE_NAME,UPDATE_BY,UPDATE_DATE) values ('1','北京国炬','0','402880a94742e24e014742e8942b0002','200',null,null,null,null,null,null);
Insert into QYWX_GROUP (ID,NAME,PARENTID,ACCOUNTID,ORDERS,CREATE_NAME,CREATE_BY,CREATE_DATE,UPDATE_NAME,UPDATE_BY,UPDATE_DATE) values ('101B71F46D8A49DAA08357BC501493AF','软件开发部','1','402880a94742e24e014742e8942b0002','1',null,null,to_date('17-12月-16','DD-MON-RR'),null,null,null);
Insert into QYWX_GROUP (ID,NAME,PARENTID,ACCOUNTID,ORDERS,CREATE_NAME,CREATE_BY,CREATE_DATE,UPDATE_NAME,UPDATE_BY,UPDATE_DATE) values ('8C3E0E85D3134B99BB15D4E16F5AFF36','财务室','1','402880a94742e24e014742e8942b0002','2',null,null,to_date('17-12月-16','DD-MON-RR'),null,null,null);
REM INSERTING into QYWX_GZENTITY
SET DEFINE OFF;
Insert into QYWX_GZENTITY (ID,TEMPLATE_NAME,TEMPLATE_ID,TEMPLATE_TYPE,IS_WORK,ACCOUNTID,CREATE_NAME,CREATE_BY,CREATE_DATE,UPDATE_NAME,UPDATE_BY,UPDATE_DATE) values ('402880a94936f3ee0149370671400001','关注回复','4028098246b78d570146b7915d020004','text','1','402880a94742e24e014742e8942b0002',null,null,null,null,null,null);
Insert into QYWX_GZENTITY (ID,TEMPLATE_NAME,TEMPLATE_ID,TEMPLATE_TYPE,IS_WORK,ACCOUNTID,CREATE_NAME,CREATE_BY,CREATE_DATE,UPDATE_NAME,UPDATE_BY,UPDATE_DATE) values ('8a792db34fdf51b3014fdfa74adf0034','图文素材1','8a792db34fdf51b3014fdfa3c6aa002c','news','0','402880a94742e24e014742e8942b0002',null,null,null,null,null,null);
REM INSERTING into QYWX_GZUSERINFO
SET DEFINE OFF;
Insert into QYWX_GZUSERINFO (ID,USERID,NAME,DEPARTMENT,POSITION,MOBILE,PROVINCE,GENDER,EMAIL,WEIXINID,AVATAR,SUBSCRIBE_STATUS,SUBSCRIBE_TIME,ACCOUNTID,CREATE_NAME,CREATE_BY,CREATE_DATE,UPDATE_NAME,UPDATE_BY,UPDATE_DATE) values ('6A36781865A349359AADABE81C42D3AF','qinfeng','秦风','1',null,'18600000000',null,'1',null,null,'http://shp.qpic.cn/bizmp/UBykN6XtpLRw6ibU7nBJUzEaicdO55PfUTic6XWqxIPbiaiciclQiav3DD01A/','1',null,'402880a94742e24e014742e8942b0002',null,null,to_date('17-12月-16','DD-MON-RR'),null,null,null);
REM INSERTING into QYWX_LOCATION
SET DEFINE OFF;
Insert into QYWX_LOCATION (ID,CORPID,USERID,CREATETIME,LATITUDE,LONGITUDE,PRECISION,AGENTID,LOCATION_PRECISION) values ('4065B9C7598C41168B07BC09FEC72757','wx967db4406788c64c','qinfeng',to_date('17-12月-16','DD-MON-RR'),'40.056004','116.404671',null,1,'30.000000');
Insert into QYWX_LOCATION (ID,CORPID,USERID,CREATETIME,LATITUDE,LONGITUDE,PRECISION,AGENTID,LOCATION_PRECISION) values ('BF3219EA3F2840938BDA4FDE703A5E36','wx967db4406788c64c','qinfeng',to_date('17-12月-16','DD-MON-RR'),'40.067616','116.405525',null,4,'30.000000');
Insert into QYWX_LOCATION (ID,CORPID,USERID,CREATETIME,LATITUDE,LONGITUDE,PRECISION,AGENTID,LOCATION_PRECISION) values ('4065B9C7598C41168B07BC09FEC72757','wx967db4406788c64c','qinfeng',to_date('17-12月-16','DD-MON-RR'),'40.056004','116.404671',null,1,'30.000000');
Insert into QYWX_LOCATION (ID,CORPID,USERID,CREATETIME,LATITUDE,LONGITUDE,PRECISION,AGENTID,LOCATION_PRECISION) values ('BF3219EA3F2840938BDA4FDE703A5E36','wx967db4406788c64c','qinfeng',to_date('17-12月-16','DD-MON-RR'),'40.067616','116.405525',null,4,'30.000000');
REM INSERTING into QYWX_MENU
SET DEFINE OFF;
Insert into QYWX_MENU (ID,AGENT_ID,MENU_NAME,MENU_TYPE,MENU_KEY,ORDERS,MSG_TYPE,TEMPLATE_ID,URL,FATHER_ID,CREATE_NAME,CREATE_BY,CREATE_DATE,UPDATE_NAME,UPDATE_BY,UPDATE_DATE) values ('114BC83AA7AB4C548AAFFE515AB793CB','1','官网','click','2','2','text','F65B42281D1E46E69FBEAEEC43587F6D',' ',null,null,null,null,null,null,null);
Insert into QYWX_MENU (ID,AGENT_ID,MENU_NAME,MENU_TYPE,MENU_KEY,ORDERS,MSG_TYPE,TEMPLATE_ID,URL,FATHER_ID,CREATE_NAME,CREATE_BY,CREATE_DATE,UPDATE_NAME,UPDATE_BY,UPDATE_DATE) values ('1FF5FCEA7C71477DA133CA0195EC2A07','1','jeecg','view','21','21','text','F65B42281D1E46E69FBEAEEC43587F6D','http://www.jeecg.org','114BC83AA7AB4C548AAFFE515AB793CB',null,null,null,null,null,null);
Insert into QYWX_MENU (ID,AGENT_ID,MENU_NAME,MENU_TYPE,MENU_KEY,ORDERS,MSG_TYPE,TEMPLATE_ID,URL,FATHER_ID,CREATE_NAME,CREATE_BY,CREATE_DATE,UPDATE_NAME,UPDATE_BY,UPDATE_DATE) values ('27ADD6192C04415FA7FC2CD1C3350E07','1','百度','view','12','11','text','F65B42281D1E46E69FBEAEEC43587F6D','http://www.baidu.com','D7837CB701E845F6B5557AFACCDB2B98',null,null,null,null,null,null);
Insert into QYWX_MENU (ID,AGENT_ID,MENU_NAME,MENU_TYPE,MENU_KEY,ORDERS,MSG_TYPE,TEMPLATE_ID,URL,FATHER_ID,CREATE_NAME,CREATE_BY,CREATE_DATE,UPDATE_NAME,UPDATE_BY,UPDATE_DATE) values ('4EF79061542E4DC59278BA9F6269E2CF','4','111','click','11','11','text','F65B42281D1E46E69FBEAEEC43587F6D',' ','CCABCD43380F4DA59E5C6987B88EF921',null,null,null,null,null,null);
Insert into QYWX_MENU (ID,AGENT_ID,MENU_NAME,MENU_TYPE,MENU_KEY,ORDERS,MSG_TYPE,TEMPLATE_ID,URL,FATHER_ID,CREATE_NAME,CREATE_BY,CREATE_DATE,UPDATE_NAME,UPDATE_BY,UPDATE_DATE) values ('CCABCD43380F4DA59E5C6987B88EF921','4','11','click','1','1','text','F65B42281D1E46E69FBEAEEC43587F6D',' ',null,null,null,null,null,null,null);
Insert into QYWX_MENU (ID,AGENT_ID,MENU_NAME,MENU_TYPE,MENU_KEY,ORDERS,MSG_TYPE,TEMPLATE_ID,URL,FATHER_ID,CREATE_NAME,CREATE_BY,CREATE_DATE,UPDATE_NAME,UPDATE_BY,UPDATE_DATE) values ('D7837CB701E845F6B5557AFACCDB2B98','1','OA办公','click','1','1','text','F65B42281D1E46E69FBEAEEC43587F6D',' ',null,null,null,null,null,null,null);
REM INSERTING into QYWX_MESSAGELOG
SET DEFINE OFF;
Insert into QYWX_MESSAGELOG (ID,WX_AGENT_ID,TOPARTYS_ID,MESSAGE_TYPE,CONTENT_ID,RECEIVE_MESSAGE,CREATE_DATE) values ('41EEAB4A2C0D4E9B95228A526D50CEAA',4,' ','news','ff808081538e81b401539bb4b1c80034','{"errcode":0,"errmsg":"ok"}',to_date('17-12月-16','DD-MON-RR'));
REM INSERTING into QYWX_NEWSITEM
SET DEFINE OFF;
Insert into QYWX_NEWSITEM (ID,TITLE,AUTHOR,IMAGE_PATH,TEMPLATEID,DESCRIPTION,ORDER_NO,URL,HDID,CREATE_NAME,CREATE_BY,CREATE_DATE,UPDATE_NAME,UPDATE_BY,UPDATE_DATE) values ('18342D4E58884D55B70D93C1D3F2A24A','12','12','upload/files/1348502772_8826.gif','0A1776E6FE6F4AFB9CF558175AAF495D','12','1',' ',null,null,null,null,null,null,null);
Insert into QYWX_NEWSITEM (ID,TITLE,AUTHOR,IMAGE_PATH,TEMPLATEID,DESCRIPTION,ORDER_NO,URL,HDID,CREATE_NAME,CREATE_BY,CREATE_DATE,UPDATE_NAME,UPDATE_BY,UPDATE_DATE) values ('3C35D5FC5A2C4C74BAA9113EA7151740','jeewx','jeewx','upload/files/ppx01814elfynejrpjjhm47.png','ff808081538e81b401539bb4b1c80034','jeewx','2',' ',null,null,null,null,null,null,null);
Insert into QYWX_NEWSITEM (ID,TITLE,AUTHOR,IMAGE_PATH,TEMPLATEID,DESCRIPTION,ORDER_NO,URL,HDID,CREATE_NAME,CREATE_BY,CREATE_DATE,UPDATE_NAME,UPDATE_BY,UPDATE_DATE) values ('8a792db34fdf51b3014fdfa41353002e','qq','qq','upload/files/e1fe9925bc315c60addea1b98eb1cb1349547719.jpg','8a792db34fdf51b3014fdfa3c6aa002c','qqqq','1',' ',' ',null,null,null,null,null,null);
Insert into QYWX_NEWSITEM (ID,TITLE,AUTHOR,IMAGE_PATH,TEMPLATEID,DESCRIPTION,ORDER_NO,URL,HDID,CREATE_NAME,CREATE_BY,CREATE_DATE,UPDATE_NAME,UPDATE_BY,UPDATE_DATE) values ('BC89EDABF05E4678A7DC46087A8B1FBD','1231','123123','upload/files/70g58PICeGn.jpg','3D4ABC0B6B5F46EA9A53311FD9E871DA','123','1',' ',null,null,null,null,null,null,null);
Insert into QYWX_NEWSITEM (ID,TITLE,AUTHOR,IMAGE_PATH,TEMPLATEID,DESCRIPTION,ORDER_NO,URL,HDID,CREATE_NAME,CREATE_BY,CREATE_DATE,UPDATE_NAME,UPDATE_BY,UPDATE_DATE) values ('ff808081538e81b40153a1602d3c006b','庆祝jeecg企业微信发布','jeecg开源社区','upload/files/profile_small.jpg','ff808081538e81b401539bb4b1c80034','庆祝jeecg企业微信发布','1',' ',' ',null,null,null,null,null,null);
Insert into QYWX_NEWSITEM (ID,TITLE,AUTHOR,IMAGE_PATH,TEMPLATEID,DESCRIPTION,ORDER_NO,URL,HDID,CREATE_NAME,CREATE_BY,CREATE_DATE,UPDATE_NAME,UPDATE_BY,UPDATE_DATE) values ('ff808081538e81b40153a17b319a0076','sss','ddddd','upload/files/20160323111823UttemyYU.png','ff808081538e81b40153a1787a020074','jjjjjj','11','	http://www.zstobacco.com.cn:9091/tobacco-marketing/f/wxcp?verify&a=37',' ',null,null,null,null,null,null);
REM INSERTING into QYWX_NEWSTEMPLATE
SET DEFINE OFF;
Insert into QYWX_NEWSTEMPLATE (ID,TEMPLATE_NAME,TEMPLATE_TYPE,ACCOUNTID,CREATE_NAME,CREATE_BY,CREATE_DATE,UPDATE_NAME,UPDATE_BY,UPDATE_DATE) values ('8a792db34fdf51b3014fdfa3c6aa002c','QQ图文','common','402880a94742e24e014742e8942b0002',null,null,null,null,null,null);
Insert into QYWX_NEWSTEMPLATE (ID,TEMPLATE_NAME,TEMPLATE_TYPE,ACCOUNTID,CREATE_NAME,CREATE_BY,CREATE_DATE,UPDATE_NAME,UPDATE_BY,UPDATE_DATE) values ('ff808081538e81b401539bb4b1c80034','JEEWX产品介绍','common','402880a94742e24e014742e8942b0002',null,null,null,null,null,null);
REM INSERTING into QYWX_RECEIVETEXT
SET DEFINE OFF;
Insert into QYWX_RECEIVETEXT (ID,TOUSERNAME,FROMUSERNAME,CREATETIME,MSGTYPE,MSGID,CONTENT,RESPONSE,RESCONTENT,NICKNAME,ACCOUNTID,AGENT_ID,CREATE_NAME,CREATE_BY,CREATE_DATE,UPDATE_NAME,UPDATE_BY,UPDATE_DATE) values ('0356C7F17AD64D0CBCD2E706DD1B94F2','wx967db4406788c64c','qinfeng',to_date('17-12月-16','DD-MON-RR'),'text','2938593396750063237','nihao','0',null,' ','402880a94742e24e014742e8942b0002','1',null,null,to_date('17-12月-16','DD-MON-RR'),null,null,null);
Insert into QYWX_RECEIVETEXT (ID,TOUSERNAME,FROMUSERNAME,CREATETIME,MSGTYPE,MSGID,CONTENT,RESPONSE,RESCONTENT,NICKNAME,ACCOUNTID,AGENT_ID,CREATE_NAME,CREATE_BY,CREATE_DATE,UPDATE_NAME,UPDATE_BY,UPDATE_DATE) values ('28D7E805A9E94F3A8A31E521BEC477AB','wx967db4406788c64c','qinfeng',to_date('20-12月-16','DD-MON-RR'),'text','2938593396750063242','你好','0',null,' ','402880a94742e24e014742e8942b0002','1',null,null,to_date('20-12月-16','DD-MON-RR'),null,null,null);
Insert into QYWX_RECEIVETEXT (ID,TOUSERNAME,FROMUSERNAME,CREATETIME,MSGTYPE,MSGID,CONTENT,RESPONSE,RESCONTENT,NICKNAME,ACCOUNTID,AGENT_ID,CREATE_NAME,CREATE_BY,CREATE_DATE,UPDATE_NAME,UPDATE_BY,UPDATE_DATE) values ('2BAA99FFE8AC434B8AD5C9D434678630','wx967db4406788c64c','qinfeng',to_date('20-12月-16','DD-MON-RR'),'text','2938593396750063241','你好','0',null,' ','402880a94742e24e014742e8942b0002','1',null,null,to_date('20-12月-16','DD-MON-RR'),null,null,null);
Insert into QYWX_RECEIVETEXT (ID,TOUSERNAME,FROMUSERNAME,CREATETIME,MSGTYPE,MSGID,CONTENT,RESPONSE,RESCONTENT,NICKNAME,ACCOUNTID,AGENT_ID,CREATE_NAME,CREATE_BY,CREATE_DATE,UPDATE_NAME,UPDATE_BY,UPDATE_DATE) values ('5EB24BDFAC51430C80607E4F3442C8D0','wx967db4406788c64c','qinfeng',to_date('17-12月-16','DD-MON-RR'),'text','2938593396750063239','jeecg','0',null,' ','402880a94742e24e014742e8942b0002','1',null,null,to_date('17-12月-16','DD-MON-RR'),null,null,null);
Insert into QYWX_RECEIVETEXT (ID,TOUSERNAME,FROMUSERNAME,CREATETIME,MSGTYPE,MSGID,CONTENT,RESPONSE,RESCONTENT,NICKNAME,ACCOUNTID,AGENT_ID,CREATE_NAME,CREATE_BY,CREATE_DATE,UPDATE_NAME,UPDATE_BY,UPDATE_DATE) values ('A7B14A39A72D4476B5D402232552A72C','wx967db4406788c64c','qinfeng',to_date('17-12月-16','DD-MON-RR'),'text','2938593396750063237','nihao','0',null,' ','402880a94742e24e014742e8942b0002','1',null,null,to_date('17-12月-16','DD-MON-RR'),null,null,null);
Insert into QYWX_RECEIVETEXT (ID,TOUSERNAME,FROMUSERNAME,CREATETIME,MSGTYPE,MSGID,CONTENT,RESPONSE,RESCONTENT,NICKNAME,ACCOUNTID,AGENT_ID,CREATE_NAME,CREATE_BY,CREATE_DATE,UPDATE_NAME,UPDATE_BY,UPDATE_DATE) values ('C57E74A3402E433F9EF7AFA672AAC540','wx967db4406788c64c','qinfeng',to_date('17-12月-16','DD-MON-RR'),'text','2938593396750063240','jeecg','0',null,' ','402880a94742e24e014742e8942b0002','1',null,null,to_date('17-12月-16','DD-MON-RR'),null,null,null);
Insert into QYWX_RECEIVETEXT (ID,TOUSERNAME,FROMUSERNAME,CREATETIME,MSGTYPE,MSGID,CONTENT,RESPONSE,RESCONTENT,NICKNAME,ACCOUNTID,AGENT_ID,CREATE_NAME,CREATE_BY,CREATE_DATE,UPDATE_NAME,UPDATE_BY,UPDATE_DATE) values ('C6434CDE401B49D0BA8AE2F8BA8D6F51','wx967db4406788c64c','qinfeng',to_date('17-12月-16','DD-MON-RR'),'text','2938593396750063238','nihao','0',null,' ','402880a94742e24e014742e8942b0002','1',null,null,to_date('17-12月-16','DD-MON-RR'),null,null,null);
Insert into QYWX_RECEIVETEXT (ID,TOUSERNAME,FROMUSERNAME,CREATETIME,MSGTYPE,MSGID,CONTENT,RESPONSE,RESCONTENT,NICKNAME,ACCOUNTID,AGENT_ID,CREATE_NAME,CREATE_BY,CREATE_DATE,UPDATE_NAME,UPDATE_BY,UPDATE_DATE) values ('E2E5456B445844FFB95B5473585D8F9A','wx967db4406788c64c','qinfeng',to_date('17-12月-16','DD-MON-RR'),'text','2938593396750063237','nihao','0',null,' ','402880a94742e24e014742e8942b0002','1',null,null,to_date('17-12月-16','DD-MON-RR'),null,null,null);
REM INSERTING into QYWX_TEXTTEMPLATE
SET DEFINE OFF;
Insert into QYWX_TEXTTEMPLATE (ID,TEMPLATE_NAME,TEMPLATE_CONTENT,ACCOUNTID,CREATE_NAME,CREATE_BY,CREATE_DATE,UPDATE_NAME,UPDATE_BY,UPDATE_DATE) values ('8a792db34fdf51b3014fdfa391fd002a','素材01','素材01，测试素材文本功能','402880a94742e24e014742e8942b0002',null,null,null,null,null,null);
Insert into QYWX_TEXTTEMPLATE (ID,TEMPLATE_NAME,TEMPLATE_CONTENT,ACCOUNTID,CREATE_NAME,CREATE_BY,CREATE_DATE,UPDATE_NAME,UPDATE_BY,UPDATE_DATE) values ('8a792db34fdf51b3014fdfb196200049','验证回复语','验证回复语','402880a94742e24e014742e8942b0002',null,null,null,null,null,null);
Insert into QYWX_TEXTTEMPLATE (ID,TEMPLATE_NAME,TEMPLATE_CONTENT,ACCOUNTID,CREATE_NAME,CREATE_BY,CREATE_DATE,UPDATE_NAME,UPDATE_BY,UPDATE_DATE) values ('8a792db34fdf51b3014fdfb1fdb3004c','默认回复语','默认回复语','402880a94742e24e014742e8942b0002',null,null,null,null,null,null);
Insert into QYWX_TEXTTEMPLATE (ID,TEMPLATE_NAME,TEMPLATE_CONTENT,ACCOUNTID,CREATE_NAME,CREATE_BY,CREATE_DATE,UPDATE_NAME,UPDATE_BY,UPDATE_DATE) values ('F65B42281D1E46E69FBEAEEC43587F6D','nihao','你好，欢迎你关注JEEWX产品，我是微信企业号触点！！！','402880a94742e24e014742e8942b0002',null,null,to_date('25-3月 -16','DD-MON-RR'),null,null,null);
REM INSERTING into T_FINANCE
SET DEFINE OFF;
Insert into T_FINANCE (ID,APPROFILETYPE,BUYMONEY,BUYPROJECTNO,BUYPROJECTORG,BUYUSE,BUYYEAR,CATEGORY,COLLECTORG,EXPENSEACCOUNT,HAPPENYEAR,MONEYAREA,MONEYSOURCE,MONEYTOTAL,MONEYUSE,PAYTIME,ZBWNO) values ('402880e6478c6d8201478c72e8ff0008',null,null,null,null,null,null,null,null,null,null,null,null,null,null,null,null);
Insert into T_FINANCE (ID,APPROFILETYPE,BUYMONEY,BUYPROJECTNO,BUYPROJECTORG,BUYUSE,BUYYEAR,CATEGORY,COLLECTORG,EXPENSEACCOUNT,HAPPENYEAR,MONEYAREA,MONEYSOURCE,MONEYTOTAL,MONEYUSE,PAYTIME,ZBWNO) values ('402880e6478c6d8201478c74a6000010',null,null,null,null,null,null,null,null,null,null,null,null,null,null,null,null);
Insert into T_FINANCE (ID,APPROFILETYPE,BUYMONEY,BUYPROJECTNO,BUYPROJECTORG,BUYUSE,BUYYEAR,CATEGORY,COLLECTORG,EXPENSEACCOUNT,HAPPENYEAR,MONEYAREA,MONEYSOURCE,MONEYTOTAL,MONEYUSE,PAYTIME,ZBWNO) values ('402880f259074906015907542ecc0011',null,null,null,null,null,null,null,null,null,null,null,null,null,null,null,null);
Insert into T_FINANCE (ID,APPROFILETYPE,BUYMONEY,BUYPROJECTNO,BUYPROJECTORG,BUYUSE,BUYYEAR,CATEGORY,COLLECTORG,EXPENSEACCOUNT,HAPPENYEAR,MONEYAREA,MONEYSOURCE,MONEYTOTAL,MONEYUSE,PAYTIME,ZBWNO) values ('402881e547bb946e0147bb9834db0013',null,null,null,null,null,null,null,null,null,null,null,null,null,null,null,null);
Insert into T_FINANCE (ID,APPROFILETYPE,BUYMONEY,BUYPROJECTNO,BUYPROJECTORG,BUYUSE,BUYYEAR,CATEGORY,COLLECTORG,EXPENSEACCOUNT,HAPPENYEAR,MONEYAREA,MONEYSOURCE,MONEYTOTAL,MONEYUSE,PAYTIME,ZBWNO) values ('40289481515cf0fe01515d076d6f003e',null,null,null,null,null,null,null,null,null,null,null,null,null,null,null,null);
Insert into T_FINANCE (ID,APPROFILETYPE,BUYMONEY,BUYPROJECTNO,BUYPROJECTORG,BUYUSE,BUYYEAR,CATEGORY,COLLECTORG,EXPENSEACCOUNT,HAPPENYEAR,MONEYAREA,MONEYSOURCE,MONEYTOTAL,MONEYUSE,PAYTIME,ZBWNO) values ('4028948151dc770f0151dc7e8b100003',null,null,null,null,null,null,null,null,null,null,null,null,null,null,null,null);
REM INSERTING into T_FINANCE_FILES
SET DEFINE OFF;
REM INSERTING into T_S_ATTACHMENT
SET DEFINE OFF;
Insert into T_S_ATTACHMENT (ID,ATTACHMENTTITLE,BUSINESSKEY,CREATEDATE,EXTEND,REALPATH,BUSENTITYNAME,INFOTYPEID,USERID) values ('402880f2590749060159075431330013','4afbfbedab64034f9015f1bca8c379310b551dab',null,null,'jpg','upload/files/20161216191115J7j8Dw1N.jpg',null,null,null);
Insert into T_S_ATTACHMENT (ID,ATTACHMENTTITLE,BUSINESSKEY,CREATEDATE,EXTEND,REALPATH,BUSENTITYNAME,INFOTYPEID,USERID) values ('402880f25907490601590754343a0014','e1fe9925bc315c60addea1b98eb1cb1349547719',null,null,'jpg','upload/files/20161216191116rMyqV3XX.jpg',null,null,null);
Insert into T_S_ATTACHMENT (ID,ATTACHMENTTITLE,BUSINESSKEY,CREATEDATE,EXTEND,REALPATH,BUSENTITYNAME,INFOTYPEID,USERID) values ('402880f2590749060159075436400015','ppx01814elfynejrpjjhm47',null,null,'png','upload/files/20161216191116LdpGOmwr.png',null,null,null);
Insert into T_S_ATTACHMENT (ID,ATTACHMENTTITLE,BUSINESSKEY,CREATEDATE,EXTEND,REALPATH,BUSENTITYNAME,INFOTYPEID,USERID) values ('402880f2590749060159075438570016','profile_small',null,null,'jpg','upload/files/201612161911174ruvdxws.jpg',null,null,null);
Insert into T_S_ATTACHMENT (ID,ATTACHMENTTITLE,BUSINESSKEY,CREATEDATE,EXTEND,REALPATH,BUSENTITYNAME,INFOTYPEID,USERID) values ('402881865907db74015908069bf6000c','4afbfbedab64034f9015f1bca8c379310b551dab',null,to_date('16-12月-16','DD-MON-RR'),'jpg','upload/files/20161216222607YvbDnX3S.jpg',null,null,null);
Insert into T_S_ATTACHMENT (ID,ATTACHMENTTITLE,BUSINESSKEY,CREATEDATE,EXTEND,REALPATH,BUSENTITYNAME,INFOTYPEID,USERID) values ('4028948151dc770f0151dc7e8c5a0005','u=2838363326,1449558984&fm=21&gp=0',null,null,'jpg','upload/files/20151226121419XByRRIAP.jpg',null,null,null);
Insert into T_S_ATTACHMENT (ID,ATTACHMENTTITLE,BUSINESSKEY,CREATEDATE,EXTEND,REALPATH,BUSENTITYNAME,INFOTYPEID,USERID) values ('4028948151dc770f0151dc7e8d050006','u=1363640605,4248245426&fm=21&gp=0',null,null,'jpg','upload/files/20151226121419g57TQ4dt.jpg',null,null,null);
Insert into T_S_ATTACHMENT (ID,ATTACHMENTTITLE,BUSINESSKEY,CREATEDATE,EXTEND,REALPATH,BUSENTITYNAME,INFOTYPEID,USERID) values ('4028948151dc770f0151dc7e8d7e0007','u=3142339483,1901057718&fm=21&gp=0',null,null,'jpg','upload/files/20151226121420U1FbymIQ.jpg',null,null,null);
Insert into T_S_ATTACHMENT (ID,ATTACHMENTTITLE,BUSINESSKEY,CREATEDATE,EXTEND,REALPATH,BUSENTITYNAME,INFOTYPEID,USERID) values ('4028948151dc770f0151dc7e8e020008','u=175527439,2098210574&fm=21&gp=0',null,null,'jpg','upload/files/20151226121420DtR5hB67.jpg',null,null,null);
Insert into T_S_ATTACHMENT (ID,ATTACHMENTTITLE,BUSINESSKEY,CREATEDATE,EXTEND,REALPATH,BUSENTITYNAME,INFOTYPEID,USERID) values ('4028948151dc770f0151dc7e8e8b0009','u=4125376057,1493775393&fm=21&gp=0',null,null,'jpg','upload/files/20151226121420FiCmHjrJ.jpg',null,null,null);
REM INSERTING into T_S_BASE_USER
SET DEFINE OFF;
Insert into T_S_BASE_USER (ID,ACTIVITISYNC,BROWSER,PASSWORD,REALNAME,STATUS,USERKEY,USERNAME,DEPARTID) values ('402881e4461f9c6401461fa2e6f50002',null,null,'4be1dd049390623054515c6d433c4e3c','tingfeng',1,null,'tingfeng','4028d881436d514601436d5214d70015');
Insert into T_S_BASE_USER (ID,ACTIVITISYNC,BROWSER,PASSWORD,REALNAME,STATUS,USERKEY,USERNAME,DEPARTID) values ('402881e44648134a014648174a45000c',null,null,'e0d5cae5376f58ac','jeecg测试',1,null,'ceshi','4028d881436d514601436d5214d70015');
Insert into T_S_BASE_USER (ID,ACTIVITISYNC,BROWSER,PASSWORD,REALNAME,STATUS,USERKEY,USERNAME,DEPARTID) values ('4028d881436d514601436d5215ac0043',null,null,'c44b01947c9e6e3f','管理员',1,null,'admin','4028d881436d514601436d5214d70015');
Insert into T_S_BASE_USER (ID,ACTIVITISYNC,BROWSER,PASSWORD,REALNAME,STATUS,USERKEY,USERNAME,DEPARTID) values ('4028d881436d514601436d5215b20044',null,null,'97c07a884bf272b5','张代浩',1,null,'scott','4028d881436d514601436d5214f30017');
Insert into T_S_BASE_USER (ID,ACTIVITISYNC,BROWSER,PASSWORD,REALNAME,STATUS,USERKEY,USERNAME,DEPARTID) values ('4028d881436d514601436d5215b80045',0,null,'f2322ec2fb9f40d1','采购员',1,null,'cgy','4028d881436d514601436d5214d70015');
Insert into T_S_BASE_USER (ID,ACTIVITISYNC,BROWSER,PASSWORD,REALNAME,STATUS,USERKEY,USERNAME,DEPARTID) values ('4028d881436d514601436d5215bc0046',1,null,'a324509dc1a3089a','采购审批员',1,null,'cgspy','4028d881436d514601436d5214d70015');
Insert into T_S_BASE_USER (ID,ACTIVITISYNC,BROWSER,PASSWORD,REALNAME,STATUS,USERKEY,USERNAME,DEPARTID) values ('4028b8815aeaccc6015aeace884c0001',null,null,'2b1781d98cc8575d','王凯',1,null,'wangk','4028d881436d514601436d5214d70015');
REM INSERTING into T_S_CONFIG
SET DEFINE OFF;
REM INSERTING into T_S_DEMO
SET DEFINE OFF;
Insert into T_S_DEMO (ID,DEMOORDER,DEMOTITLE,DEMOURL,DEMOPID) values ('4028d881436d514601436d52186900c4',null,'表单验证',null,null);
REM INSERTING into T_S_DEPART
SET DEFINE OFF;
Insert into T_S_DEPART (ID,DEPARTNAME,PARENTDEPARTID) values ('4028d881436d514601436d5214d70015','信息部',null);
Insert into T_S_DEPART (ID,DEPARTNAME,PARENTDEPARTID) values ('4028d881436d514601436d5214ef0016','设计部',null);
Insert into T_S_DEPART (ID,DEPARTNAME,PARENTDEPARTID) values ('4028d881436d514601436d5214f30017','研发室','4028d881436d514601436d5214ef0016');
REM INSERTING into T_S_DOCUMENT
SET DEFINE OFF;
Insert into T_S_DOCUMENT (DOCUMENTSTATE,DOCUMENTTITLE,SHOWHOME,ID,TYPEID) values (null,null,null,'297e7eb6469a4a8901469a5d96ea000d','4028d881436d514601436d5216190053');
Insert into T_S_DOCUMENT (DOCUMENTSTATE,DOCUMENTTITLE,SHOWHOME,ID,TYPEID) values (null,null,null,'297e7eb6469a4a8901469a5ebac20010','4028d881436d514601436d5216190053');
Insert into T_S_DOCUMENT (DOCUMENTSTATE,DOCUMENTTITLE,SHOWHOME,ID,TYPEID) values (null,null,null,'297e7eb6469a9a0f01469a9b59d30001','4028d881436d514601436d5216190053');
Insert into T_S_DOCUMENT (DOCUMENTSTATE,DOCUMENTTITLE,SHOWHOME,ID,TYPEID) values (null,null,null,'297e7eb6469a9a0f01469a9bc74b0003','4028d881436d514601436d5216190053');
Insert into T_S_DOCUMENT (DOCUMENTSTATE,DOCUMENTTITLE,SHOWHOME,ID,TYPEID) values (null,null,null,'402880e6477d04e001477d0a31040002','4028d881436d514601436d5216190053');
Insert into T_S_DOCUMENT (DOCUMENTSTATE,DOCUMENTTITLE,SHOWHOME,ID,TYPEID) values (null,null,null,'402880e6477d04e001477d0a53150005','4028d881436d514601436d5216190053');
Insert into T_S_DOCUMENT (DOCUMENTSTATE,DOCUMENTTITLE,SHOWHOME,ID,TYPEID) values (null,null,null,'402880e6477d04e001477d0dfcd80009','4028d881436d514601436d5216190053');
Insert into T_S_DOCUMENT (DOCUMENTSTATE,DOCUMENTTITLE,SHOWHOME,ID,TYPEID) values (null,null,null,'402880e6477d04e001477d0e143d000a','4028d881436d514601436d5216190053');
Insert into T_S_DOCUMENT (DOCUMENTSTATE,DOCUMENTTITLE,SHOWHOME,ID,TYPEID) values (null,null,null,'402880e6477d04e001477d0e1d31000d','4028d881436d514601436d5216190053');
Insert into T_S_DOCUMENT (DOCUMENTSTATE,DOCUMENTTITLE,SHOWHOME,ID,TYPEID) values (null,null,null,'402880e6477d5c2601477d5d81de0001','4028d881436d514601436d5216190053');
Insert into T_S_DOCUMENT (DOCUMENTSTATE,DOCUMENTTITLE,SHOWHOME,ID,TYPEID) values (null,null,null,'402881865907db74015908069bf6000c','4028d881436d514601436d5216190053');
Insert into T_S_DOCUMENT (DOCUMENTSTATE,DOCUMENTTITLE,SHOWHOME,ID,TYPEID) values (null,null,null,'402881e446394419014639453ce90002','4028d881436d514601436d5216190053');
Insert into T_S_DOCUMENT (DOCUMENTSTATE,DOCUMENTTITLE,SHOWHOME,ID,TYPEID) values (null,null,null,'402881e4463cc88701463ccef5340001','4028d881436d514601436d5216190053');
Insert into T_S_DOCUMENT (DOCUMENTSTATE,DOCUMENTTITLE,SHOWHOME,ID,TYPEID) values (null,null,null,'402881e44643207c01464333b1f9000c','4028d881436d514601436d5216190053');
Insert into T_S_DOCUMENT (DOCUMENTSTATE,DOCUMENTTITLE,SHOWHOME,ID,TYPEID) values (null,null,null,'402881e4464381350146438691940002','4028d881436d514601436d5216190053');
Insert into T_S_DOCUMENT (DOCUMENTSTATE,DOCUMENTTITLE,SHOWHOME,ID,TYPEID) values (null,null,null,'402881e44643813501464389b02a000b','4028d881436d514601436d5216190053');
Insert into T_S_DOCUMENT (DOCUMENTSTATE,DOCUMENTTITLE,SHOWHOME,ID,TYPEID) values (null,null,null,'402881e44643a1cd014643a510060003','4028d881436d514601436d5216190053');
Insert into T_S_DOCUMENT (DOCUMENTSTATE,DOCUMENTTITLE,SHOWHOME,ID,TYPEID) values (null,null,null,'402881e44643a1cd014643a55d6f0006','4028d881436d514601436d5216190053');
Insert into T_S_DOCUMENT (DOCUMENTSTATE,DOCUMENTTITLE,SHOWHOME,ID,TYPEID) values (null,null,null,'402881e44695183a014695210478000f','4028d881436d514601436d5216190053');
Insert into T_S_DOCUMENT (DOCUMENTSTATE,DOCUMENTTITLE,SHOWHOME,ID,TYPEID) values (null,null,null,'402881e44695183a0146952144320012','4028d881436d514601436d5216190053');
Insert into T_S_DOCUMENT (DOCUMENTSTATE,DOCUMENTTITLE,SHOWHOME,ID,TYPEID) values (null,null,null,'402881e44695183a0146952187bc0015','4028d881436d514601436d5216190053');
Insert into T_S_DOCUMENT (DOCUMENTSTATE,DOCUMENTTITLE,SHOWHOME,ID,TYPEID) values (null,null,null,'402881e44695183a01469522f1ed0018','4028d881436d514601436d5216190053');
Insert into T_S_DOCUMENT (DOCUMENTSTATE,DOCUMENTTITLE,SHOWHOME,ID,TYPEID) values (null,null,null,'402881e44695183a01469523431e001b','4028d881436d514601436d5216190053');
Insert into T_S_DOCUMENT (DOCUMENTSTATE,DOCUMENTTITLE,SHOWHOME,ID,TYPEID) values (null,null,null,'402881e44695183a01469523eb7f001e','4028d881436d514601436d5216190053');
Insert into T_S_DOCUMENT (DOCUMENTSTATE,DOCUMENTTITLE,SHOWHOME,ID,TYPEID) values (null,null,null,'402881e44695183a0146952422130021','4028d881436d514601436d5216190053');
Insert into T_S_DOCUMENT (DOCUMENTSTATE,DOCUMENTTITLE,SHOWHOME,ID,TYPEID) values (null,null,null,'402881e446955c7c014695970aeb0014','4028d881436d514601436d5216190053');
Insert into T_S_DOCUMENT (DOCUMENTSTATE,DOCUMENTTITLE,SHOWHOME,ID,TYPEID) values (null,null,null,'402881e446955c7c01469597394f0016','4028d881436d514601436d5216190053');
Insert into T_S_DOCUMENT (DOCUMENTSTATE,DOCUMENTTITLE,SHOWHOME,ID,TYPEID) values (null,null,null,'402881e446955c7c0146959757810018','4028d881436d514601436d5216190053');
Insert into T_S_DOCUMENT (DOCUMENTSTATE,DOCUMENTTITLE,SHOWHOME,ID,TYPEID) values (null,null,null,'402881e446955c7c014695977560001a','4028d881436d514601436d5216190053');
Insert into T_S_DOCUMENT (DOCUMENTSTATE,DOCUMENTTITLE,SHOWHOME,ID,TYPEID) values (null,null,null,'402881e446955c7c014695a1de0a001d','4028d881436d514601436d5216190053');
Insert into T_S_DOCUMENT (DOCUMENTSTATE,DOCUMENTTITLE,SHOWHOME,ID,TYPEID) values (null,null,null,'402881e446955c7c014695a38b470020','4028d881436d514601436d5216190053');
Insert into T_S_DOCUMENT (DOCUMENTSTATE,DOCUMENTTITLE,SHOWHOME,ID,TYPEID) values (null,null,null,'402881e446955c7c014695a3cdea0022','4028d881436d514601436d5216190053');
Insert into T_S_DOCUMENT (DOCUMENTSTATE,DOCUMENTTITLE,SHOWHOME,ID,TYPEID) values (null,null,null,'402881e446955c7c014695a4383a0024','4028d881436d514601436d5216190053');
Insert into T_S_DOCUMENT (DOCUMENTSTATE,DOCUMENTTITLE,SHOWHOME,ID,TYPEID) values (null,null,null,'402881e446955c7c014695a4913b0026','4028d881436d514601436d5216190053');
Insert into T_S_DOCUMENT (DOCUMENTSTATE,DOCUMENTTITLE,SHOWHOME,ID,TYPEID) values (null,null,null,'402881e446955c7c014695a4dda10027','4028d881436d514601436d5216190053');
Insert into T_S_DOCUMENT (DOCUMENTSTATE,DOCUMENTTITLE,SHOWHOME,ID,TYPEID) values (null,null,null,'402881e446955c7c014695a726df0028','4028d881436d514601436d5216190053');
Insert into T_S_DOCUMENT (DOCUMENTSTATE,DOCUMENTTITLE,SHOWHOME,ID,TYPEID) values (null,null,null,'402881e446955c7c014695a7705a002b','4028d881436d514601436d5216190053');
Insert into T_S_DOCUMENT (DOCUMENTSTATE,DOCUMENTTITLE,SHOWHOME,ID,TYPEID) values (null,null,null,'402881e446955c7c014695a7b814002e','4028d881436d514601436d5216190053');
Insert into T_S_DOCUMENT (DOCUMENTSTATE,DOCUMENTTITLE,SHOWHOME,ID,TYPEID) values (null,null,null,'402881e446955c7c014695a7ecf10031','4028d881436d514601436d5216190053');
Insert into T_S_DOCUMENT (DOCUMENTSTATE,DOCUMENTTITLE,SHOWHOME,ID,TYPEID) values (null,null,null,'402881e446955c7c014695a831d70034','4028d881436d514601436d5216190053');
Insert into T_S_DOCUMENT (DOCUMENTSTATE,DOCUMENTTITLE,SHOWHOME,ID,TYPEID) values (null,null,null,'402881e44695ebe3014695ed3bdc0001','4028d881436d514601436d5216190053');
Insert into T_S_DOCUMENT (DOCUMENTSTATE,DOCUMENTTITLE,SHOWHOME,ID,TYPEID) values (null,null,null,'402881e44695ebe3014695ed79fa0003','4028d881436d514601436d5216190053');
Insert into T_S_DOCUMENT (DOCUMENTSTATE,DOCUMENTTITLE,SHOWHOME,ID,TYPEID) values (null,null,null,'402881e44695ebe3014695ef476c0005','4028d881436d514601436d5216190053');
Insert into T_S_DOCUMENT (DOCUMENTSTATE,DOCUMENTTITLE,SHOWHOME,ID,TYPEID) values (null,null,null,'402881e44695ebe3014695f2c6280007','4028d881436d514601436d5216190053');
Insert into T_S_DOCUMENT (DOCUMENTSTATE,DOCUMENTTITLE,SHOWHOME,ID,TYPEID) values (null,null,null,'402881e44695ebe3014695f3176d0009','4028d881436d514601436d5216190053');
Insert into T_S_DOCUMENT (DOCUMENTSTATE,DOCUMENTTITLE,SHOWHOME,ID,TYPEID) values (null,null,null,'402881e44695ebe3014695f339a7000b','4028d881436d514601436d5216190053');
Insert into T_S_DOCUMENT (DOCUMENTSTATE,DOCUMENTTITLE,SHOWHOME,ID,TYPEID) values (null,null,null,'402881e44695ebe3014695f3a3b3000d','4028d881436d514601436d5216190053');
Insert into T_S_DOCUMENT (DOCUMENTSTATE,DOCUMENTTITLE,SHOWHOME,ID,TYPEID) values (null,null,null,'402881e44695ebe3014695f3f89f000f','4028d881436d514601436d5216190053');
Insert into T_S_DOCUMENT (DOCUMENTSTATE,DOCUMENTTITLE,SHOWHOME,ID,TYPEID) values (null,null,null,'402881e44695ebe3014695f443990011','4028d881436d514601436d5216190053');
Insert into T_S_DOCUMENT (DOCUMENTSTATE,DOCUMENTTITLE,SHOWHOME,ID,TYPEID) values (null,null,null,'402881e44695ebe3014695f45e1a0013','4028d881436d514601436d5216190053');
Insert into T_S_DOCUMENT (DOCUMENTSTATE,DOCUMENTTITLE,SHOWHOME,ID,TYPEID) values (null,null,null,'402881e44695ebe3014695f494290015','4028d881436d514601436d5216190053');
Insert into T_S_DOCUMENT (DOCUMENTSTATE,DOCUMENTTITLE,SHOWHOME,ID,TYPEID) values (null,null,null,'402881e44695ebe3014695f4d5570017','4028d881436d514601436d5216190053');
Insert into T_S_DOCUMENT (DOCUMENTSTATE,DOCUMENTTITLE,SHOWHOME,ID,TYPEID) values (null,'11111',null,'402881e845d1723e0145d18fef940019','4028d881436d514601436d5216190053');
Insert into T_S_DOCUMENT (DOCUMENTSTATE,DOCUMENTTITLE,SHOWHOME,ID,TYPEID) values (null,null,null,'402881e946ddea480146ddf061b50001','4028d881436d514601436d5216190053');
Insert into T_S_DOCUMENT (DOCUMENTSTATE,DOCUMENTTITLE,SHOWHOME,ID,TYPEID) values (null,null,null,'402881e946ddea480146ddf730350003','4028d881436d514601436d5216190053');
Insert into T_S_DOCUMENT (DOCUMENTSTATE,DOCUMENTTITLE,SHOWHOME,ID,TYPEID) values (null,null,null,'402881e946ddea480146ddf991610005','4028d881436d514601436d5216190053');
Insert into T_S_DOCUMENT (DOCUMENTSTATE,DOCUMENTTITLE,SHOWHOME,ID,TYPEID) values (null,null,null,'402881e946ddea480146de02f8ba0008','4028d881436d514601436d5216190053');
Insert into T_S_DOCUMENT (DOCUMENTSTATE,DOCUMENTTITLE,SHOWHOME,ID,TYPEID) values (null,null,null,'402881e946ddea480146de0522e3000a','4028d881436d514601436d5216190053');
Insert into T_S_DOCUMENT (DOCUMENTSTATE,DOCUMENTTITLE,SHOWHOME,ID,TYPEID) values (null,null,null,'402881e946ddea480146de09f959000e','4028d881436d514601436d5216190053');
Insert into T_S_DOCUMENT (DOCUMENTSTATE,DOCUMENTTITLE,SHOWHOME,ID,TYPEID) values (null,null,null,'402881e946ddea480146de0f340b0010','4028d881436d514601436d5216190053');
Insert into T_S_DOCUMENT (DOCUMENTSTATE,DOCUMENTTITLE,SHOWHOME,ID,TYPEID) values (null,null,null,'402881e947015a7001470160f9290001','4028d881436d514601436d5216190053');
Insert into T_S_DOCUMENT (DOCUMENTSTATE,DOCUMENTTITLE,SHOWHOME,ID,TYPEID) values (null,null,null,'402881e947015a70014701619f490004','4028d881436d514601436d5216190053');
Insert into T_S_DOCUMENT (DOCUMENTSTATE,DOCUMENTTITLE,SHOWHOME,ID,TYPEID) values (null,null,null,'402881e947015a700147016449650007','4028d881436d514601436d5216190053');
Insert into T_S_DOCUMENT (DOCUMENTSTATE,DOCUMENTTITLE,SHOWHOME,ID,TYPEID) values (null,null,null,'402881e94701df96014701eb22d30006','4028d881436d514601436d5216190053');
Insert into T_S_DOCUMENT (DOCUMENTSTATE,DOCUMENTTITLE,SHOWHOME,ID,TYPEID) values (null,null,null,'402881e94701df96014701f3f7160007','4028d881436d514601436d5216190053');
Insert into T_S_DOCUMENT (DOCUMENTSTATE,DOCUMENTTITLE,SHOWHOME,ID,TYPEID) values (null,null,null,'402881e94701df960147020b82d1000d','4028d881436d514601436d5216190053');
Insert into T_S_DOCUMENT (DOCUMENTSTATE,DOCUMENTTITLE,SHOWHOME,ID,TYPEID) values (null,null,null,'402881e9470273d20147028adf830019','4028d881436d514601436d5216190053');
Insert into T_S_DOCUMENT (DOCUMENTSTATE,DOCUMENTTITLE,SHOWHOME,ID,TYPEID) values (null,null,null,'402881e9470273d20147028afde6001a','4028d881436d514601436d5216190053');
Insert into T_S_DOCUMENT (DOCUMENTSTATE,DOCUMENTTITLE,SHOWHOME,ID,TYPEID) values (null,null,null,'402881e94702c764014702ceee2e0004','4028d881436d514601436d5216190053');
Insert into T_S_DOCUMENT (DOCUMENTSTATE,DOCUMENTTITLE,SHOWHOME,ID,TYPEID) values (null,null,null,'402889ed472e852301472eaee6f80009','4028d881436d514601436d5216190053');
Insert into T_S_DOCUMENT (DOCUMENTSTATE,DOCUMENTTITLE,SHOWHOME,ID,TYPEID) values (null,null,null,'402889ed472e852301472eb0270b000d','4028d881436d514601436d5216190053');
Insert into T_S_DOCUMENT (DOCUMENTSTATE,DOCUMENTTITLE,SHOWHOME,ID,TYPEID) values (null,null,null,'402889ed472ec2a801472ec3997c0001','4028d881436d514601436d5216190053');
Insert into T_S_DOCUMENT (DOCUMENTSTATE,DOCUMENTTITLE,SHOWHOME,ID,TYPEID) values (null,null,null,'402889ed472ee23401472ee59ccf0001','4028d881436d514601436d5216190053');
Insert into T_S_DOCUMENT (DOCUMENTSTATE,DOCUMENTTITLE,SHOWHOME,ID,TYPEID) values (null,null,null,'402889f346dc66c30146dc7c11630001','4028d881436d514601436d5216190053');
Insert into T_S_DOCUMENT (DOCUMENTSTATE,DOCUMENTTITLE,SHOWHOME,ID,TYPEID) values (null,null,null,'402889f346dc66c30146dc7ccb410005','4028d881436d514601436d5216190053');
Insert into T_S_DOCUMENT (DOCUMENTSTATE,DOCUMENTTITLE,SHOWHOME,ID,TYPEID) values (null,null,null,'402889f346dc66c30146dc7cf66b0008','4028d881436d514601436d5216190053');
Insert into T_S_DOCUMENT (DOCUMENTSTATE,DOCUMENTTITLE,SHOWHOME,ID,TYPEID) values (null,null,null,'402889f346dc8a220146dc933f720007','4028d881436d514601436d5216190053');
Insert into T_S_DOCUMENT (DOCUMENTSTATE,DOCUMENTTITLE,SHOWHOME,ID,TYPEID) values (null,null,null,'402889f64747048401474709372d0009','4028d881436d514601436d5216190053');
Insert into T_S_DOCUMENT (DOCUMENTSTATE,DOCUMENTTITLE,SHOWHOME,ID,TYPEID) values (null,null,null,'402889f6474704840147470a1ca7000e','4028d881436d514601436d5216190053');
Insert into T_S_DOCUMENT (DOCUMENTSTATE,DOCUMENTTITLE,SHOWHOME,ID,TYPEID) values (null,null,null,'402889f6474704840147470d48ab000f','4028d881436d514601436d5216190053');
Insert into T_S_DOCUMENT (DOCUMENTSTATE,DOCUMENTTITLE,SHOWHOME,ID,TYPEID) values (null,null,null,'402889f6474704840147470d62570012','4028d881436d514601436d5216190053');
Insert into T_S_DOCUMENT (DOCUMENTSTATE,DOCUMENTTITLE,SHOWHOME,ID,TYPEID) values (null,null,null,'402889f6474704840147470e7b920014','4028d881436d514601436d5216190053');
Insert into T_S_DOCUMENT (DOCUMENTSTATE,DOCUMENTTITLE,SHOWHOME,ID,TYPEID) values (null,null,null,'402889f64747048401474710097e0017','4028d881436d514601436d5216190053');
Insert into T_S_DOCUMENT (DOCUMENTSTATE,DOCUMENTTITLE,SHOWHOME,ID,TYPEID) values (null,null,null,'402889f647470484014747108feb001a','4028d881436d514601436d5216190053');
Insert into T_S_DOCUMENT (DOCUMENTSTATE,DOCUMENTTITLE,SHOWHOME,ID,TYPEID) values (null,null,null,'402889f647470484014747129c15001d','4028d881436d514601436d5216190053');
Insert into T_S_DOCUMENT (DOCUMENTSTATE,DOCUMENTTITLE,SHOWHOME,ID,TYPEID) values (null,null,null,'402889f647470484014747133201001f','4028d881436d514601436d5216190053');
Insert into T_S_DOCUMENT (DOCUMENTSTATE,DOCUMENTTITLE,SHOWHOME,ID,TYPEID) values (null,null,null,'402889f647470484014747137f230022','4028d881436d514601436d5216190053');
Insert into T_S_DOCUMENT (DOCUMENTSTATE,DOCUMENTTITLE,SHOWHOME,ID,TYPEID) values (null,null,null,'402889f64747182f01474718ed750001','4028d881436d514601436d5216190053');
Insert into T_S_DOCUMENT (DOCUMENTSTATE,DOCUMENTTITLE,SHOWHOME,ID,TYPEID) values (null,null,null,'402889f64747182f01474719193e0004','4028d881436d514601436d5216190053');
Insert into T_S_DOCUMENT (DOCUMENTSTATE,DOCUMENTTITLE,SHOWHOME,ID,TYPEID) values (null,null,null,'402889f64747182f01474719c42b0007','4028d881436d514601436d5216190053');
Insert into T_S_DOCUMENT (DOCUMENTSTATE,DOCUMENTTITLE,SHOWHOME,ID,TYPEID) values (null,null,null,'402889f64747182f01474720ef4c000c','4028d881436d514601436d5216190053');
Insert into T_S_DOCUMENT (DOCUMENTSTATE,DOCUMENTTITLE,SHOWHOME,ID,TYPEID) values (null,null,null,'402889f64747182f014747211b11000f','4028d881436d514601436d5216190053');
Insert into T_S_DOCUMENT (DOCUMENTSTATE,DOCUMENTTITLE,SHOWHOME,ID,TYPEID) values (null,null,null,'402889f6474722ad01474723d3400001','4028d881436d514601436d5216190053');
Insert into T_S_DOCUMENT (DOCUMENTSTATE,DOCUMENTTITLE,SHOWHOME,ID,TYPEID) values (null,null,null,'402889f6474722ad01474723f78e0004','4028d881436d514601436d5216190053');
Insert into T_S_DOCUMENT (DOCUMENTSTATE,DOCUMENTTITLE,SHOWHOME,ID,TYPEID) values (null,null,null,'402889f6474722ad014747248d0f0007','4028d881436d514601436d5216190053');
Insert into T_S_DOCUMENT (DOCUMENTSTATE,DOCUMENTTITLE,SHOWHOME,ID,TYPEID) values (null,null,null,'402889f6474722ad01474724bdc2000a','4028d881436d514601436d5216190053');
Insert into T_S_DOCUMENT (DOCUMENTSTATE,DOCUMENTTITLE,SHOWHOME,ID,TYPEID) values (null,null,null,'402889f847666ae40147666df6eb0002','4028d881436d514601436d5216190053');
Insert into T_S_DOCUMENT (DOCUMENTSTATE,DOCUMENTTITLE,SHOWHOME,ID,TYPEID) values (null,null,null,'402889f847666ae40147666e16ff0003','4028d881436d514601436d5216190053');
Insert into T_S_DOCUMENT (DOCUMENTSTATE,DOCUMENTTITLE,SHOWHOME,ID,TYPEID) values (null,null,null,'402889f847666ae40147671e80cf0017','4028d881436d514601436d5216190053');
Insert into T_S_DOCUMENT (DOCUMENTSTATE,DOCUMENTTITLE,SHOWHOME,ID,TYPEID) values (null,null,null,'402889f847666ae401476729806f0018','4028d881436d514601436d5216190053');
Insert into T_S_DOCUMENT (DOCUMENTSTATE,DOCUMENTTITLE,SHOWHOME,ID,TYPEID) values (null,null,null,'402889f847666ae401476729c6df001b','4028d881436d514601436d5216190053');
Insert into T_S_DOCUMENT (DOCUMENTSTATE,DOCUMENTTITLE,SHOWHOME,ID,TYPEID) values (null,null,null,'402889f847666ae401476730b187001e','4028d881436d514601436d5216190053');
Insert into T_S_DOCUMENT (DOCUMENTSTATE,DOCUMENTTITLE,SHOWHOME,ID,TYPEID) values (null,null,null,'402889f847666ae401476730f1240021','4028d881436d514601436d5216190053');
Insert into T_S_DOCUMENT (DOCUMENTSTATE,DOCUMENTTITLE,SHOWHOME,ID,TYPEID) values (null,null,null,'402889f84767413b0147674352d30001','4028d881436d514601436d5216190053');
Insert into T_S_DOCUMENT (DOCUMENTSTATE,DOCUMENTTITLE,SHOWHOME,ID,TYPEID) values (null,null,null,'402889f8477ad29d01477ad8e51b0004','4028d881436d514601436d5216190053');
Insert into T_S_DOCUMENT (DOCUMENTSTATE,DOCUMENTTITLE,SHOWHOME,ID,TYPEID) values (null,null,null,'402889f8477b0c1f01477b0e31e30003','4028d881436d514601436d5216190053');
Insert into T_S_DOCUMENT (DOCUMENTSTATE,DOCUMENTTITLE,SHOWHOME,ID,TYPEID) values (null,null,null,'402889f8477b0c1f01477b0e44790006','4028d881436d514601436d5216190053');
Insert into T_S_DOCUMENT (DOCUMENTSTATE,DOCUMENTTITLE,SHOWHOME,ID,TYPEID) values (null,null,null,'402889f8477b5b5b01477b5cb2c40002','4028d881436d514601436d5216190053');
Insert into T_S_DOCUMENT (DOCUMENTSTATE,DOCUMENTTITLE,SHOWHOME,ID,TYPEID) values (null,null,null,'402889f8477b5b5b01477b5cc3e50003','4028d881436d514601436d5216190053');
Insert into T_S_DOCUMENT (DOCUMENTSTATE,DOCUMENTTITLE,SHOWHOME,ID,TYPEID) values (null,null,null,'402889f8477b5b5b01477b5d02730006','4028d881436d514601436d5216190053');
Insert into T_S_DOCUMENT (DOCUMENTSTATE,DOCUMENTTITLE,SHOWHOME,ID,TYPEID) values (null,null,null,'402889f8477b5b5b01477b5ef0a90009','4028d881436d514601436d5216190053');
Insert into T_S_DOCUMENT (DOCUMENTSTATE,DOCUMENTTITLE,SHOWHOME,ID,TYPEID) values (null,null,null,'402889f8477b5b5b01477b5efd31000c','4028d881436d514601436d5216190053');
Insert into T_S_DOCUMENT (DOCUMENTSTATE,DOCUMENTTITLE,SHOWHOME,ID,TYPEID) values (null,null,null,'402889f8477b681801477b69179c0002','4028d881436d514601436d5216190053');
Insert into T_S_DOCUMENT (DOCUMENTSTATE,DOCUMENTTITLE,SHOWHOME,ID,TYPEID) values (null,null,null,'402889f8477b681801477b692d7b0005','4028d881436d514601436d5216190053');
Insert into T_S_DOCUMENT (DOCUMENTSTATE,DOCUMENTTITLE,SHOWHOME,ID,TYPEID) values (null,null,null,'402889f8477b6c5401477b6d39dc0002','4028d881436d514601436d5216190053');
Insert into T_S_DOCUMENT (DOCUMENTSTATE,DOCUMENTTITLE,SHOWHOME,ID,TYPEID) values (null,null,null,'402889f8477b6c5401477b6d4ee40005','4028d881436d514601436d5216190053');
Insert into T_S_DOCUMENT (DOCUMENTSTATE,DOCUMENTTITLE,SHOWHOME,ID,TYPEID) values (null,null,null,'402889f8477b6e4e01477b6efba10001','4028d881436d514601436d5216190053');
Insert into T_S_DOCUMENT (DOCUMENTSTATE,DOCUMENTTITLE,SHOWHOME,ID,TYPEID) values (null,null,null,'402889f8477b6e4e01477b6f0ae10004','4028d881436d514601436d5216190053');
Insert into T_S_DOCUMENT (DOCUMENTSTATE,DOCUMENTTITLE,SHOWHOME,ID,TYPEID) values (null,null,null,'402889f8477b70aa01477b71e16e0003','4028d881436d514601436d5216190053');
Insert into T_S_DOCUMENT (DOCUMENTSTATE,DOCUMENTTITLE,SHOWHOME,ID,TYPEID) values (null,null,null,'402889f8477b70aa01477b71ee4a0006','4028d881436d514601436d5216190053');
Insert into T_S_DOCUMENT (DOCUMENTSTATE,DOCUMENTTITLE,SHOWHOME,ID,TYPEID) values (null,null,null,'402889f8477b70aa01477b75b3200009','4028d881436d514601436d5216190053');
Insert into T_S_DOCUMENT (DOCUMENTSTATE,DOCUMENTTITLE,SHOWHOME,ID,TYPEID) values (null,null,null,'402889f8477b70aa01477b75c54a000c','4028d881436d514601436d5216190053');
Insert into T_S_DOCUMENT (DOCUMENTSTATE,DOCUMENTTITLE,SHOWHOME,ID,TYPEID) values (null,null,null,'402889f8477c283701477c29665c0002','4028d881436d514601436d5216190053');
Insert into T_S_DOCUMENT (DOCUMENTSTATE,DOCUMENTTITLE,SHOWHOME,ID,TYPEID) values (null,null,null,'402889f8477c283701477c298a7e0005','4028d881436d514601436d5216190053');
Insert into T_S_DOCUMENT (DOCUMENTSTATE,DOCUMENTTITLE,SHOWHOME,ID,TYPEID) values (null,null,null,'402889f8477c283701477c2a71d10007','4028d881436d514601436d5216190053');
Insert into T_S_DOCUMENT (DOCUMENTSTATE,DOCUMENTTITLE,SHOWHOME,ID,TYPEID) values (null,null,null,'402889f8477c283701477c2a81de000a','4028d881436d514601436d5216190053');
Insert into T_S_DOCUMENT (DOCUMENTSTATE,DOCUMENTTITLE,SHOWHOME,ID,TYPEID) values (null,null,null,'402889f8477c283701477c2b8bb4000b','4028d881436d514601436d5216190053');
Insert into T_S_DOCUMENT (DOCUMENTSTATE,DOCUMENTTITLE,SHOWHOME,ID,TYPEID) values (null,null,null,'402889f8477c283701477c2b9bfd000e','4028d881436d514601436d5216190053');
Insert into T_S_DOCUMENT (DOCUMENTSTATE,DOCUMENTTITLE,SHOWHOME,ID,TYPEID) values (null,null,null,'402889f8477c283701477c2e96f50012','4028d881436d514601436d5216190053');
Insert into T_S_DOCUMENT (DOCUMENTSTATE,DOCUMENTTITLE,SHOWHOME,ID,TYPEID) values (null,null,null,'402889f8477c283701477c2eb1300015','4028d881436d514601436d5216190053');
Insert into T_S_DOCUMENT (DOCUMENTSTATE,DOCUMENTTITLE,SHOWHOME,ID,TYPEID) values (null,null,null,'40289481515cf0fe01515cf8bb930017','4028d881436d514601436d5216190053');
Insert into T_S_DOCUMENT (DOCUMENTSTATE,DOCUMENTTITLE,SHOWHOME,ID,TYPEID) values (null,null,null,'40289481515cf0fe01515cf98a0c0018','4028d881436d514601436d5216190053');
Insert into T_S_DOCUMENT (DOCUMENTSTATE,DOCUMENTTITLE,SHOWHOME,ID,TYPEID) values (null,null,null,'40289481515cf0fe01515cfabbd1001a','4028d881436d514601436d5216190053');
Insert into T_S_DOCUMENT (DOCUMENTSTATE,DOCUMENTTITLE,SHOWHOME,ID,TYPEID) values (null,null,null,'4028bc064763571d0147635828440003','4028d881436d514601436d5216190053');
Insert into T_S_DOCUMENT (DOCUMENTSTATE,DOCUMENTTITLE,SHOWHOME,ID,TYPEID) values (null,null,null,'4028d881472f0d8101472f14e0010002','4028d881436d514601436d5216190053');
Insert into T_S_DOCUMENT (DOCUMENTSTATE,DOCUMENTTITLE,SHOWHOME,ID,TYPEID) values (null,null,null,'4028d881472f0d8101472f1ff82a0005','4028d881436d514601436d5216190053');
Insert into T_S_DOCUMENT (DOCUMENTSTATE,DOCUMENTTITLE,SHOWHOME,ID,TYPEID) values (null,null,null,'4028d881472f0d8101472f218b350008','4028d881436d514601436d5216190053');
Insert into T_S_DOCUMENT (DOCUMENTSTATE,DOCUMENTTITLE,SHOWHOME,ID,TYPEID) values (null,null,null,'4028d881472f356e01472f3695840002','4028d881436d514601436d5216190053');
Insert into T_S_DOCUMENT (DOCUMENTSTATE,DOCUMENTTITLE,SHOWHOME,ID,TYPEID) values (null,null,null,'4028d881472f356e01472f3f428e0006','4028d881436d514601436d5216190053');
Insert into T_S_DOCUMENT (DOCUMENTSTATE,DOCUMENTTITLE,SHOWHOME,ID,TYPEID) values (null,null,null,'4028d881472f356e01472f4256e00007','4028d881436d514601436d5216190053');
Insert into T_S_DOCUMENT (DOCUMENTSTATE,DOCUMENTTITLE,SHOWHOME,ID,TYPEID) values (null,null,null,'4028d881472f356e01472f42fcc40009','4028d881436d514601436d5216190053');
Insert into T_S_DOCUMENT (DOCUMENTSTATE,DOCUMENTTITLE,SHOWHOME,ID,TYPEID) values (null,null,null,'4028d881472f451c01472f481df30001','4028d881436d514601436d5216190053');
Insert into T_S_DOCUMENT (DOCUMENTSTATE,DOCUMENTTITLE,SHOWHOME,ID,TYPEID) values (null,null,null,'4028d881472f451c01472f4cd0dc0003','4028d881436d514601436d5216190053');
Insert into T_S_DOCUMENT (DOCUMENTSTATE,DOCUMENTTITLE,SHOWHOME,ID,TYPEID) values (null,null,null,'4028d881472f451c01472f4d0a920004','4028d881436d514601436d5216190053');
Insert into T_S_DOCUMENT (DOCUMENTSTATE,DOCUMENTTITLE,SHOWHOME,ID,TYPEID) values (null,null,null,'4028d8814734ee0d0147351e604e0001','4028d881436d514601436d5216190053');
Insert into T_S_DOCUMENT (DOCUMENTSTATE,DOCUMENTTITLE,SHOWHOME,ID,TYPEID) values (null,null,null,'4028d88147359f51014735a006fc0001','4028d881436d514601436d5216190053');
REM INSERTING into T_S_FILENO
SET DEFINE OFF;
REM INSERTING into T_S_FUNCTION
SET DEFINE OFF;
Insert into T_S_FUNCTION (ID,FUNCTIONIFRAME,FUNCTIONLEVEL,FUNCTIONNAME,FUNCTIONORDER,FUNCTIONURL,PARENTFUNCTIONID,ICONID,DESK_ICONID) values ('4028ef8156b0c68f0156b0ccefde0025',null,2,'企业号通讯录','3','qywx/qywxGroup.do?list','4028ef8156b0c68f0156b0ca9d800015','4028d881436d514601436d5214b30002',null);
Insert into T_S_FUNCTION (ID,FUNCTIONIFRAME,FUNCTIONLEVEL,FUNCTIONNAME,FUNCTIONORDER,FUNCTIONURL,PARENTFUNCTIONID,ICONID,DESK_ICONID) values ('4028ef8156b0c68f0156b0d4cf390045',null,0,'微信公众平台','1',' ',null,'4028d881436d514601436d5214b30002',null);
Insert into T_S_FUNCTION (ID,FUNCTIONIFRAME,FUNCTIONLEVEL,FUNCTIONNAME,FUNCTIONORDER,FUNCTIONURL,PARENTFUNCTIONID,ICONID,DESK_ICONID) values ('297e7eb6469a4a8901469a54eff60006',null,2,'文章管理','3','cmsArticleController.do?cmsArticle','402881e44695183a0146951af2b70004','4028d881436d514601436d5214b30002',null);
Insert into T_S_FUNCTION (ID,FUNCTIONIFRAME,FUNCTIONLEVEL,FUNCTIONNAME,FUNCTIONORDER,FUNCTIONURL,PARENTFUNCTIONID,ICONID,DESK_ICONID) values ('402880e6477d61da01477d71430f001a',null,1,'JqueryFile示例','10','fileUploadController.do?fileUploadSample','4028d881436d514601436d52150d001b','4028d881436d514601436d5214b30002',null);
Insert into T_S_FUNCTION (ID,FUNCTIONIFRAME,FUNCTIONLEVEL,FUNCTIONNAME,FUNCTIONORDER,FUNCTIONURL,PARENTFUNCTIONID,ICONID,DESK_ICONID) values ('402880e6478c6d8201478c71c5460001',null,2,'微相册','03','weixinPhotoAlbumController.do?weixinPhotoAlbum','4028d881436d514601436d5449330189','4028d881436d514601436d5214b30002',null);
Insert into T_S_FUNCTION (ID,FUNCTIONIFRAME,FUNCTIONLEVEL,FUNCTIONNAME,FUNCTIONORDER,FUNCTIONURL,PARENTFUNCTIONID,ICONID,DESK_ICONID) values ('402880f25906117601590614ca94000a',null,0,'支付窗平台','3',' ',null,'4028d881436d514601436d5214b30002',null);
Insert into T_S_FUNCTION (ID,FUNCTIONIFRAME,FUNCTIONLEVEL,FUNCTIONNAME,FUNCTIONORDER,FUNCTIONURL,PARENTFUNCTIONID,ICONID,DESK_ICONID) values ('402880f2590623420159062581630001',null,1,'基础设置','1',' ','402880f25906117601590614ca94000a','4028d881436d514601436d5214ba0007',null);
Insert into T_S_FUNCTION (ID,FUNCTIONIFRAME,FUNCTIONLEVEL,FUNCTIONNAME,FUNCTIONORDER,FUNCTIONURL,PARENTFUNCTIONID,ICONID,DESK_ICONID) values ('402880f25906234201590626596e0004',null,1,'消息素材','2',' ','402880f25906117601590614ca94000a','4028d881436d514601436d5214ba0007',null);
Insert into T_S_FUNCTION (ID,FUNCTIONIFRAME,FUNCTIONLEVEL,FUNCTIONNAME,FUNCTIONORDER,FUNCTIONURL,PARENTFUNCTIONID,ICONID,DESK_ICONID) values ('402880f2590623420159062692fc0006',null,1,'用户管理','3',' ','402880f25906117601590614ca94000a','4028d881436d514601436d5214ba0007',null);
Insert into T_S_FUNCTION (ID,FUNCTIONIFRAME,FUNCTIONLEVEL,FUNCTIONNAME,FUNCTIONORDER,FUNCTIONURL,PARENTFUNCTIONID,ICONID,DESK_ICONID) values ('402880f25906234201590626c28e0008',null,1,'群发管理','4',' ','402880f25906117601590614ca94000a','4028d881436d514601436d5214ba0007',null);
Insert into T_S_FUNCTION (ID,FUNCTIONIFRAME,FUNCTIONLEVEL,FUNCTIONNAME,FUNCTIONORDER,FUNCTIONURL,PARENTFUNCTIONID,ICONID,DESK_ICONID) values ('402880f2590623420159062783c4000a',null,2,'支付窗账号管理','1','alipay/alipayAccount.do?list','402880f2590623420159062581630001','4028d881436d514601436d5214b30002',null);
Insert into T_S_FUNCTION (ID,FUNCTIONIFRAME,FUNCTIONLEVEL,FUNCTIONNAME,FUNCTIONORDER,FUNCTIONURL,PARENTFUNCTIONID,ICONID,DESK_ICONID) values ('402880f25906234201590627ef06000c',null,2,'支付窗关键字管理','2','alipay/alipayAutoresponse.do?list','402880f2590623420159062581630001','4028d881436d514601436d5214b30002',null);
Insert into T_S_FUNCTION (ID,FUNCTIONIFRAME,FUNCTIONLEVEL,FUNCTIONNAME,FUNCTIONORDER,FUNCTIONURL,PARENTFUNCTIONID,ICONID,DESK_ICONID) values ('402880f259062342015906288369000f',null,2,'支付窗菜单管理','3','alipay/alipayMenu.do?list','402880f2590623420159062581630001','4028d881436d514601436d5214b30002',null);
Insert into T_S_FUNCTION (ID,FUNCTIONIFRAME,FUNCTIONLEVEL,FUNCTIONNAME,FUNCTIONORDER,FUNCTIONURL,PARENTFUNCTIONID,ICONID,DESK_ICONID) values ('402880f25906234201590628d62c0011',null,2,'支付窗关注回复','4','alipay/alipayGzentity.do?list','402880f2590623420159062581630001','4028d881436d514601436d5214b30002',null);
Insert into T_S_FUNCTION (ID,FUNCTIONIFRAME,FUNCTIONLEVEL,FUNCTIONNAME,FUNCTIONORDER,FUNCTIONURL,PARENTFUNCTIONID,ICONID,DESK_ICONID) values ('402880f2590623420159062d921c0013',null,2,'支付窗文本消息','1','alipay/alipayTexttemplate.do?list','402880f25906234201590626596e0004','4028d881436d514601436d5214b30002',null);
Insert into T_S_FUNCTION (ID,FUNCTIONIFRAME,FUNCTIONLEVEL,FUNCTIONNAME,FUNCTIONORDER,FUNCTIONURL,PARENTFUNCTIONID,ICONID,DESK_ICONID) values ('402880f2590623420159062df7fe0016',null,2,'支付窗图文消息','2','alipay/alipayNewstemplate.do?list','402880f25906234201590626596e0004','4028d881436d514601436d5214b30002',null);
Insert into T_S_FUNCTION (ID,FUNCTIONIFRAME,FUNCTIONLEVEL,FUNCTIONNAME,FUNCTIONORDER,FUNCTIONURL,PARENTFUNCTIONID,ICONID,DESK_ICONID) values ('402880f2590623420159062ea59f0018',null,2,'支付窗用户管理','1','alipay/alipayGzuserinfo.do?list','402880f2590623420159062692fc0006','4028d881436d514601436d5214b30002',null);
Insert into T_S_FUNCTION (ID,FUNCTIONIFRAME,FUNCTIONLEVEL,FUNCTIONNAME,FUNCTIONORDER,FUNCTIONURL,PARENTFUNCTIONID,ICONID,DESK_ICONID) values ('402880f2590623420159062f3b4a001a',null,2,'支付窗用户消息','2','alipay/alipayReceivetext.do?list','402880f2590623420159062692fc0006','4028d881436d514601436d5214b30002',null);
Insert into T_S_FUNCTION (ID,FUNCTIONIFRAME,FUNCTIONLEVEL,FUNCTIONNAME,FUNCTIONORDER,FUNCTIONURL,PARENTFUNCTIONID,ICONID,DESK_ICONID) values ('402880f25906234201590630a5cc001c',null,2,'支付窗消息群发','1','alipay/groupMsg.do?toGroupMsgSend','402880f25906234201590626c28e0008','4028d881436d514601436d5214b30002',null);
Insert into T_S_FUNCTION (ID,FUNCTIONIFRAME,FUNCTIONLEVEL,FUNCTIONNAME,FUNCTIONORDER,FUNCTIONURL,PARENTFUNCTIONID,ICONID,DESK_ICONID) values ('402880f259062342015906312d27001f',null,2,'支付窗群发消息记录','2','alipay/alipayMessagelog.do?list','402880f25906234201590626c28e0008','4028d881436d514601436d5214b30002',null);
Insert into T_S_FUNCTION (ID,FUNCTIONIFRAME,FUNCTIONLEVEL,FUNCTIONNAME,FUNCTIONORDER,FUNCTIONURL,PARENTFUNCTIONID,ICONID,DESK_ICONID) values ('40288186590896200159089bc6510002',null,2,'用户地理位置','4','qywx/qywxLocation.do?list','4028ef8156b0c68f0156b0ca9d800015','4028d881436d514601436d5214b30002',null);
Insert into T_S_FUNCTION (ID,FUNCTIONIFRAME,FUNCTIONLEVEL,FUNCTIONNAME,FUNCTIONORDER,FUNCTIONURL,PARENTFUNCTIONID,ICONID,DESK_ICONID) values ('40288186590896200159089c30620004',null,1,'高级功能','5',' ','4028ef8156b0c68f0156b0c88eb10001','4028d881436d514601436d5214ba0007',null);
Insert into T_S_FUNCTION (ID,FUNCTIONIFRAME,FUNCTIONLEVEL,FUNCTIONNAME,FUNCTIONORDER,FUNCTIONURL,PARENTFUNCTIONID,ICONID,DESK_ICONID) values ('40288186590896200159089c8a360006',null,2,'企业号消息群发','1','qywx/groupMsg.do?toGroupMsgSend','40288186590896200159089c30620004','4028d881436d514601436d5214b30002',null);
Insert into T_S_FUNCTION (ID,FUNCTIONIFRAME,FUNCTIONLEVEL,FUNCTIONNAME,FUNCTIONORDER,FUNCTIONURL,PARENTFUNCTIONID,ICONID,DESK_ICONID) values ('40288186590896200159089ccf5b0008',null,2,'企业号群发日志','2','qywx/qywxMessagelog.do?list','40288186590896200159089c30620004','4028d881436d514601436d5214b30002',null);
Insert into T_S_FUNCTION (ID,FUNCTIONIFRAME,FUNCTIONLEVEL,FUNCTIONNAME,FUNCTIONORDER,FUNCTIONURL,PARENTFUNCTIONID,ICONID,DESK_ICONID) values ('402881e446677b700146677d7b600001',null,2,'扩展接口','09','weixinExpandconfigController.do?weixinExpandconfig','4028d881436d514601436d5449330189','4028d881436d514601436d5214b30002',null);
Insert into T_S_FUNCTION (ID,FUNCTIONIFRAME,FUNCTIONLEVEL,FUNCTIONNAME,FUNCTIONORDER,FUNCTIONURL,PARENTFUNCTIONID,ICONID,DESK_ICONID) values ('402881e44695183a0146951af2b70004',null,1,'微信网站','4',' ','4028ef8156b0c68f0156b0d4cf390045','4028d881436d514601436d5214ba0007',null);
Insert into T_S_FUNCTION (ID,FUNCTIONIFRAME,FUNCTIONLEVEL,FUNCTIONNAME,FUNCTIONORDER,FUNCTIONURL,PARENTFUNCTIONID,ICONID,DESK_ICONID) values ('402881e44695183a0146951b66050006',null,2,'广告管理','0','adController.do?ad','402881e44695183a0146951af2b70004','4028d881436d514601436d5214b30002',null);
Insert into T_S_FUNCTION (ID,FUNCTIONIFRAME,FUNCTIONLEVEL,FUNCTIONNAME,FUNCTIONORDER,FUNCTIONURL,PARENTFUNCTIONID,ICONID,DESK_ICONID) values ('402881e44695183a0146951ed79e0008',null,2,'栏目管理','1','cmsMenuController.do?menu','402881e44695183a0146951af2b70004','4028d881436d514601436d5214b30002',null);
Insert into T_S_FUNCTION (ID,FUNCTIONIFRAME,FUNCTIONLEVEL,FUNCTIONNAME,FUNCTIONORDER,FUNCTIONURL,PARENTFUNCTIONID,ICONID,DESK_ICONID) values ('402881e545f5dd1a0145f5de9bb60001',null,1,'消息素材','2',' ','4028ef8156b0c68f0156b0d4cf390045','4028d881436d514601436d5214ba0007',null);
Insert into T_S_FUNCTION (ID,FUNCTIONIFRAME,FUNCTIONLEVEL,FUNCTIONNAME,FUNCTIONORDER,FUNCTIONURL,PARENTFUNCTIONID,ICONID,DESK_ICONID) values ('402881e545f5dd1a0145f5f32cf00005',null,2,'文本消息','1','textTemplateController.do?list','402881e545f5dd1a0145f5de9bb60001','4028d881436d514601436d5214b30002',null);
Insert into T_S_FUNCTION (ID,FUNCTIONIFRAME,FUNCTIONLEVEL,FUNCTIONNAME,FUNCTIONORDER,FUNCTIONURL,PARENTFUNCTIONID,ICONID,DESK_ICONID) values ('402881e545f5f4780145f61198810004',null,2,'图文消息','2','newsTemplateController.do?list','402881e545f5dd1a0145f5de9bb60001','4028d881436d514601436d5214b30002',null);
Insert into T_S_FUNCTION (ID,FUNCTIONIFRAME,FUNCTIONLEVEL,FUNCTIONNAME,FUNCTIONORDER,FUNCTIONURL,PARENTFUNCTIONID,ICONID,DESK_ICONID) values ('402881e8460d7e5301460d81c7a60001',null,2,'关键字管理','3','autoResponseController.do?list','4028d881436d514601436d52c2fb0181','4028d881436d514601436d5214b30002',null);
Insert into T_S_FUNCTION (ID,FUNCTIONIFRAME,FUNCTIONLEVEL,FUNCTIONNAME,FUNCTIONORDER,FUNCTIONURL,PARENTFUNCTIONID,ICONID,DESK_ICONID) values ('402889f64747048401474706d2a50001',null,2,'网站信息','5','weixinCmsSiteController.do?weixinCmsSite','402881e44695183a0146951af2b70004','4028d881436d514601436d5214b30002',null);
Insert into T_S_FUNCTION (ID,FUNCTIONIFRAME,FUNCTIONLEVEL,FUNCTIONNAME,FUNCTIONORDER,FUNCTIONURL,PARENTFUNCTIONID,ICONID,DESK_ICONID) values ('4028948151d756d80151d758c25e0001',null,2,'素材链接','6','weixinLinksucaiController.do?privateList','402881e545f5dd1a0145f5de9bb60001','4028d881436d514601436d5214b30002',null);
Insert into T_S_FUNCTION (ID,FUNCTIONIFRAME,FUNCTIONLEVEL,FUNCTIONNAME,FUNCTIONORDER,FUNCTIONURL,PARENTFUNCTIONID,ICONID,DESK_ICONID) values ('4028948151dc6b1f0151dc6fdf05000c',null,2,'用户消息','08','receiveTextController.do?list','4028d881436d514601436d5449330189','4028d881436d514601436d5214b30002',null);
Insert into T_S_FUNCTION (ID,FUNCTIONIFRAME,FUNCTIONLEVEL,FUNCTIONNAME,FUNCTIONORDER,FUNCTIONURL,PARENTFUNCTIONID,ICONID,DESK_ICONID) values ('4028d881436d514601436d5215070018',null,0,'Online 开发','12',' ',null,'4028d881436d514601436d5214ba0007',null);
Insert into T_S_FUNCTION (ID,FUNCTIONIFRAME,FUNCTIONLEVEL,FUNCTIONNAME,FUNCTIONORDER,FUNCTIONURL,PARENTFUNCTIONID,ICONID,DESK_ICONID) values ('4028d881436d514601436d52150a0019',null,0,'系统管理','11',' ',null,'4028d881436d514601436d5214b80005',null);
Insert into T_S_FUNCTION (ID,FUNCTIONIFRAME,FUNCTIONLEVEL,FUNCTIONNAME,FUNCTIONORDER,FUNCTIONURL,PARENTFUNCTIONID,ICONID,DESK_ICONID) values ('4028d881436d514601436d52150b001a',null,0,'统计查询','5',' ',null,'4028d881436d514601436d5214ba0007',null);
Insert into T_S_FUNCTION (ID,FUNCTIONIFRAME,FUNCTIONLEVEL,FUNCTIONNAME,FUNCTIONORDER,FUNCTIONURL,PARENTFUNCTIONID,ICONID,DESK_ICONID) values ('4028d881436d514601436d52150d001b',null,0,'常用示例','8',' ',null,'4028d881436d514601436d5214b30002',null);
Insert into T_S_FUNCTION (ID,FUNCTIONIFRAME,FUNCTIONLEVEL,FUNCTIONNAME,FUNCTIONORDER,FUNCTIONURL,PARENTFUNCTIONID,ICONID,DESK_ICONID) values ('4028d881436d514601436d52150f001c',null,0,'系统监控','7',' ',null,'4028d881436d514601436d5214b30002',null);
Insert into T_S_FUNCTION (ID,FUNCTIONIFRAME,FUNCTIONLEVEL,FUNCTIONNAME,FUNCTIONORDER,FUNCTIONURL,PARENTFUNCTIONID,ICONID,DESK_ICONID) values ('4028d881436d514601436d521513001d',null,1,'用户管理','5','userController.do?user','4028d881436d514601436d52150a0019','4028d881436d514601436d5214b30002',null);
Insert into T_S_FUNCTION (ID,FUNCTIONIFRAME,FUNCTIONLEVEL,FUNCTIONNAME,FUNCTIONORDER,FUNCTIONURL,PARENTFUNCTIONID,ICONID,DESK_ICONID) values ('4028d881436d514601436d521516001e',null,1,'角色管理','6','roleController.do?role','4028d881436d514601436d52150a0019','4028d881436d514601436d5214b30002',null);
Insert into T_S_FUNCTION (ID,FUNCTIONIFRAME,FUNCTIONLEVEL,FUNCTIONNAME,FUNCTIONORDER,FUNCTIONURL,PARENTFUNCTIONID,ICONID,DESK_ICONID) values ('4028d881436d514601436d52151a001f',null,1,'菜单管理','7','functionController.do?function','4028d881436d514601436d52150a0019','4028d881436d514601436d5214b30002',null);
Insert into T_S_FUNCTION (ID,FUNCTIONIFRAME,FUNCTIONLEVEL,FUNCTIONNAME,FUNCTIONORDER,FUNCTIONURL,PARENTFUNCTIONID,ICONID,DESK_ICONID) values ('4028d881436d514601436d52151f0020',null,1,'数据字典','200','systemController.do?typeGroupList','4028d881436d514601436d52150a0019','4028d881436d514601436d5214b30002',null);
Insert into T_S_FUNCTION (ID,FUNCTIONIFRAME,FUNCTIONLEVEL,FUNCTIONNAME,FUNCTIONORDER,FUNCTIONURL,PARENTFUNCTIONID,ICONID,DESK_ICONID) values ('4028d881436d514601436d5215220021',null,1,'图标管理','201','iconController.do?icon','4028d881436d514601436d52150a0019','4028d881436d514601436d5214b30002',null);
Insert into T_S_FUNCTION (ID,FUNCTIONIFRAME,FUNCTIONLEVEL,FUNCTIONNAME,FUNCTIONORDER,FUNCTIONURL,PARENTFUNCTIONID,ICONID,DESK_ICONID) values ('4028d881436d514601436d5215260023',null,1,'部门管理','22','departController.do?depart','4028d881436d514601436d52150a0019','4028d881436d514601436d5214b30002',null);
Insert into T_S_FUNCTION (ID,FUNCTIONIFRAME,FUNCTIONLEVEL,FUNCTIONNAME,FUNCTIONORDER,FUNCTIONURL,PARENTFUNCTIONID,ICONID,DESK_ICONID) values ('4028d881436d514601436d52152c0025',null,1,'用户分析','17','logController.do?statisticTabs&isIframe','4028d881436d514601436d52150b001a','4028d881436d514601436d5214b10001',null);
Insert into T_S_FUNCTION (ID,FUNCTIONIFRAME,FUNCTIONLEVEL,FUNCTIONNAME,FUNCTIONORDER,FUNCTIONURL,PARENTFUNCTIONID,ICONID,DESK_ICONID) values ('4028d881436d514601436d5215300026',null,1,'表单配置','1','cgFormHeadController.do?cgFormHeadList','4028d881436d514601436d5215070018','4028d881436d514601436d5214b30002',null);
Insert into T_S_FUNCTION (ID,FUNCTIONIFRAME,FUNCTIONLEVEL,FUNCTIONNAME,FUNCTIONORDER,FUNCTIONURL,PARENTFUNCTIONID,ICONID,DESK_ICONID) values ('4028d881436d514601436d5215340027',null,1,'动态报表配置','2','cgreportConfigHeadController.do?cgreportConfigHead','4028d881436d514601436d5215070018','4028d881436d514601436d5214b30002',null);
Insert into T_S_FUNCTION (ID,FUNCTIONIFRAME,FUNCTIONLEVEL,FUNCTIONNAME,FUNCTIONORDER,FUNCTIONURL,PARENTFUNCTIONID,ICONID,DESK_ICONID) values ('4028d881436d514601436d5215380028',null,1,'数据监控','11','dataSourceController.do?goDruid&isIframe','4028d881436d514601436d52150f001c','4028d881436d514601436d5214b30002',null);
Insert into T_S_FUNCTION (ID,FUNCTIONIFRAME,FUNCTIONLEVEL,FUNCTIONNAME,FUNCTIONORDER,FUNCTIONURL,PARENTFUNCTIONID,ICONID,DESK_ICONID) values ('4028d881436d514601436d52153b0029',null,1,'系统日志','21','logController.do?log','4028d881436d514601436d52150f001c','4028d881436d514601436d5214b30002',null);
Insert into T_S_FUNCTION (ID,FUNCTIONIFRAME,FUNCTIONLEVEL,FUNCTIONNAME,FUNCTIONORDER,FUNCTIONURL,PARENTFUNCTIONID,ICONID,DESK_ICONID) values ('4028d881436d514601436d521540002a',null,1,'定时任务','21','timeTaskController.do?timeTask','4028d881436d514601436d52150f001c','4028d881436d514601436d5214b30002',null);
Insert into T_S_FUNCTION (ID,FUNCTIONIFRAME,FUNCTIONLEVEL,FUNCTIONNAME,FUNCTIONORDER,FUNCTIONURL,PARENTFUNCTIONID,ICONID,DESK_ICONID) values ('4028d881436d514601436d521545002b',null,1,'表单验证','1','demoController.do?formTabs','4028d881436d514601436d52150d001b','4028d881436d514601436d5214b30002',null);
Insert into T_S_FUNCTION (ID,FUNCTIONIFRAME,FUNCTIONLEVEL,FUNCTIONNAME,FUNCTIONORDER,FUNCTIONURL,PARENTFUNCTIONID,ICONID,DESK_ICONID) values ('4028d881436d514601436d521549002c',null,1,'Demo示例','2','jeecgDemoController.do?jeecgDemo','4028d881436d514601436d52150d001b','4028d881436d514601436d5214b30002',null);
Insert into T_S_FUNCTION (ID,FUNCTIONIFRAME,FUNCTIONLEVEL,FUNCTIONNAME,FUNCTIONORDER,FUNCTIONURL,PARENTFUNCTIONID,ICONID,DESK_ICONID) values ('4028d881436d514601436d52154d002d',null,1,'单表模型','3','jeecgNoteController.do?jeecgNote','4028d881436d514601436d52150d001b','4028d881436d514601436d5214b30002',null);
Insert into T_S_FUNCTION (ID,FUNCTIONIFRAME,FUNCTIONLEVEL,FUNCTIONNAME,FUNCTIONORDER,FUNCTIONURL,PARENTFUNCTIONID,ICONID,DESK_ICONID) values ('4028d881436d514601436d521552002e',null,1,'一对多模型','4','jeecgOrderMainController.do?jeecgOrderMain','4028d881436d514601436d52150d001b','4028d881436d514601436d5214b30002',null);
Insert into T_S_FUNCTION (ID,FUNCTIONIFRAME,FUNCTIONLEVEL,FUNCTIONNAME,FUNCTIONORDER,FUNCTIONURL,PARENTFUNCTIONID,ICONID,DESK_ICONID) values ('4028d881436d514601436d521557002f',null,1,'Excel导入导出','5','courseController.do?course','4028d881436d514601436d52150d001b','4028d881436d514601436d5214b30002',null);
Insert into T_S_FUNCTION (ID,FUNCTIONIFRAME,FUNCTIONLEVEL,FUNCTIONNAME,FUNCTIONORDER,FUNCTIONURL,PARENTFUNCTIONID,ICONID,DESK_ICONID) values ('4028d881436d514601436d52155a0030',null,1,'上传下载','6','commonController.do?listTurn&turn=system/document/filesList','4028d881436d514601436d52150d001b','4028d881436d514601436d5214b30002',null);
Insert into T_S_FUNCTION (ID,FUNCTIONIFRAME,FUNCTIONLEVEL,FUNCTIONNAME,FUNCTIONORDER,FUNCTIONURL,PARENTFUNCTIONID,ICONID,DESK_ICONID) values ('4028d881436d514601436d52155f0031',null,1,'无分页列表','7','userNoPageController.do?user','4028d881436d514601436d52150d001b','4028d881436d514601436d5214b30002',null);
Insert into T_S_FUNCTION (ID,FUNCTIONIFRAME,FUNCTIONLEVEL,FUNCTIONNAME,FUNCTIONORDER,FUNCTIONURL,PARENTFUNCTIONID,ICONID,DESK_ICONID) values ('4028d881436d514601436d5215640032',null,1,'jdbc示例','8','jeecgJdbcController.do?jeecgJdbc','4028d881436d514601436d52150d001b','4028d881436d514601436d5214b30002',null);
Insert into T_S_FUNCTION (ID,FUNCTIONIFRAME,FUNCTIONLEVEL,FUNCTIONNAME,FUNCTIONORDER,FUNCTIONURL,PARENTFUNCTIONID,ICONID,DESK_ICONID) values ('4028d881436d514601436d5215670033',null,1,'SQL分离','9','jeecgJdbcController.do?dictParameter','4028d881436d514601436d52150d001b','4028d881436d514601436d5214b30002',null);
Insert into T_S_FUNCTION (ID,FUNCTIONIFRAME,FUNCTIONLEVEL,FUNCTIONNAME,FUNCTIONORDER,FUNCTIONURL,PARENTFUNCTIONID,ICONID,DESK_ICONID) values ('4028d881436d514601436d52156b0034',null,1,'字典标签','10','demoController.do?dictSelect','4028d881436d514601436d52150d001b','4028d881436d514601436d5214b30002',null);
Insert into T_S_FUNCTION (ID,FUNCTIONIFRAME,FUNCTIONLEVEL,FUNCTIONNAME,FUNCTIONORDER,FUNCTIONURL,PARENTFUNCTIONID,ICONID,DESK_ICONID) values ('4028d881436d514601436d52156f0035',null,1,'表单弹出风格','11','demoController.do?demoList','4028d881436d514601436d52150d001b','4028d881436d514601436d5214b30002',null);
Insert into T_S_FUNCTION (ID,FUNCTIONIFRAME,FUNCTIONLEVEL,FUNCTIONNAME,FUNCTIONORDER,FUNCTIONURL,PARENTFUNCTIONID,ICONID,DESK_ICONID) values ('4028d881436d514601436d5215730036',null,1,'特殊布局','12','demoController.do?demoIframe','4028d881436d514601436d52150d001b','4028d881436d514601436d5214b30002',null);
Insert into T_S_FUNCTION (ID,FUNCTIONIFRAME,FUNCTIONLEVEL,FUNCTIONNAME,FUNCTIONORDER,FUNCTIONURL,PARENTFUNCTIONID,ICONID,DESK_ICONID) values ('4028d881436d514601436d5215770037',null,1,'单表例子(无Tag)','13','jeecgEasyUIController.do?jeecgEasyUI','4028d881436d514601436d52150d001b','4028d881436d514601436d5214b30002',null);
Insert into T_S_FUNCTION (ID,FUNCTIONIFRAME,FUNCTIONLEVEL,FUNCTIONNAME,FUNCTIONORDER,FUNCTIONURL,PARENTFUNCTIONID,ICONID,DESK_ICONID) values ('4028d881436d514601436d52157a0038',null,1,'一对多例子(无Tag)','14','jeecgOrderMainNoTagController.do?jeecgOrderMainNoTag','4028d881436d514601436d52150d001b','4028d881436d514601436d5214b30002',null);
Insert into T_S_FUNCTION (ID,FUNCTIONIFRAME,FUNCTIONLEVEL,FUNCTIONNAME,FUNCTIONORDER,FUNCTIONURL,PARENTFUNCTIONID,ICONID,DESK_ICONID) values ('4028d881436d514601436d52157e0039',null,1,'HTML编辑器','15','jeecgDemoController.do?ckeditor&isIframe','4028d881436d514601436d52150d001b','4028d881436d514601436d5214b30002',null);
Insert into T_S_FUNCTION (ID,FUNCTIONIFRAME,FUNCTIONLEVEL,FUNCTIONNAME,FUNCTIONORDER,FUNCTIONURL,PARENTFUNCTIONID,ICONID,DESK_ICONID) values ('4028d881436d514601436d521581003a',null,1,'在线word(IE)','16','webOfficeController.do?webOffice','4028d881436d514601436d52150d001b','4028d881436d514601436d5214b30002',null);
Insert into T_S_FUNCTION (ID,FUNCTIONIFRAME,FUNCTIONLEVEL,FUNCTIONNAME,FUNCTIONORDER,FUNCTIONURL,PARENTFUNCTIONID,ICONID,DESK_ICONID) values ('4028d881436d514601436d521584003b',null,1,'WebOffice官方例子','17','webOfficeController.do?webOfficeSample&isIframe','4028d881436d514601436d52150d001b','4028d881436d514601436d5214b30002',null);
Insert into T_S_FUNCTION (ID,FUNCTIONIFRAME,FUNCTIONLEVEL,FUNCTIONNAME,FUNCTIONORDER,FUNCTIONURL,PARENTFUNCTIONID,ICONID,DESK_ICONID) values ('4028d881436d514601436d521587003c',null,1,'多附件管理','18','tFinanceController.do?tFinance','4028d881436d514601436d52150d001b','4028d881436d514601436d5214b30002',null);
Insert into T_S_FUNCTION (ID,FUNCTIONIFRAME,FUNCTIONLEVEL,FUNCTIONNAME,FUNCTIONORDER,FUNCTIONURL,PARENTFUNCTIONID,ICONID,DESK_ICONID) values ('4028d881436d514601436d52158a003d',null,1,'Datagrid手工Html','19','userController.do?userDemo','4028d881436d514601436d52150d001b','4028d881436d514601436d5214b30002',null);
Insert into T_S_FUNCTION (ID,FUNCTIONIFRAME,FUNCTIONLEVEL,FUNCTIONNAME,FUNCTIONORDER,FUNCTIONURL,PARENTFUNCTIONID,ICONID,DESK_ICONID) values ('4028d881436d514601436d52158f003e',null,1,'物料Bom','20','jeecgMatterBomController.do?goList','4028d881436d514601436d52150d001b','4028d881436d514601436d5214b30002',null);
Insert into T_S_FUNCTION (ID,FUNCTIONIFRAME,FUNCTIONLEVEL,FUNCTIONNAME,FUNCTIONORDER,FUNCTIONURL,PARENTFUNCTIONID,ICONID,DESK_ICONID) values ('4028d881436d514601436d521593003f',null,1,'报表示例','21','reportDemoController.do?studentStatisticTabs&isIframe','4028d881436d514601436d52150b001a','4028d881436d514601436d5214b10001',null);
Insert into T_S_FUNCTION (ID,FUNCTIONIFRAME,FUNCTIONLEVEL,FUNCTIONNAME,FUNCTIONORDER,FUNCTIONURL,PARENTFUNCTIONID,ICONID,DESK_ICONID) values ('4028d881436d514601436d5215990040',null,1,'ckfinder例子','100','jeecgDemoCkfinderController.do?jeecgDemoCkfinder','4028d881436d514601436d52150d001b','4028d881436d514601436d5214b30002',null);
Insert into T_S_FUNCTION (ID,FUNCTIONIFRAME,FUNCTIONLEVEL,FUNCTIONNAME,FUNCTIONORDER,FUNCTIONURL,PARENTFUNCTIONID,ICONID,DESK_ICONID) values ('4028d881436d514601436d52c2fb0181',null,1,'基础设置','1',' ','4028ef8156b0c68f0156b0d4cf390045','4028d881436d514601436d5214ba0007',null);
Insert into T_S_FUNCTION (ID,FUNCTIONIFRAME,FUNCTIONLEVEL,FUNCTIONNAME,FUNCTIONORDER,FUNCTIONURL,PARENTFUNCTIONID,ICONID,DESK_ICONID) values ('4028d881436d514601436d5449330189',null,1,'微活动','3',' ','4028ef8156b0c68f0156b0d4cf390045','4028d881436d514601436d5214ba0007',null);
Insert into T_S_FUNCTION (ID,FUNCTIONIFRAME,FUNCTIONLEVEL,FUNCTIONNAME,FUNCTIONORDER,FUNCTIONURL,PARENTFUNCTIONID,ICONID,DESK_ICONID) values ('4028d881436d514601436d5618400191',null,2,'关注欢迎语','2','subscribeController.do?list','4028d881436d514601436d52c2fb0181','4028d881436d514601436d5214b30002',null);
Insert into T_S_FUNCTION (ID,FUNCTIONIFRAME,FUNCTIONLEVEL,FUNCTIONNAME,FUNCTIONORDER,FUNCTIONURL,PARENTFUNCTIONID,ICONID,DESK_ICONID) values ('4028d881436d514601436d5884be019d',null,2,'自定义菜单','4','menuManagerController.do?list','4028d881436d514601436d52c2fb0181','4028d881436d514601436d5214b30002',null);
Insert into T_S_FUNCTION (ID,FUNCTIONIFRAME,FUNCTIONLEVEL,FUNCTIONNAME,FUNCTIONORDER,FUNCTIONURL,PARENTFUNCTIONID,ICONID,DESK_ICONID) values ('4028d881436d514601436d59984601a5',null,2,'大转盘','01','huodongController.do?list&type=2','4028d881436d514601436d5449330189','4028d881436d514601436d5214b30002',null);
Insert into T_S_FUNCTION (ID,FUNCTIONIFRAME,FUNCTIONLEVEL,FUNCTIONNAME,FUNCTIONORDER,FUNCTIONURL,PARENTFUNCTIONID,ICONID,DESK_ICONID) values ('4028d881436d514601436d59d6d901a7',null,2,'刮刮乐','02','huodongController.do?list&type=1','4028d881436d514601436d5449330189','4028d881436d514601436d5214b30002',null);
Insert into T_S_FUNCTION (ID,FUNCTIONIFRAME,FUNCTIONLEVEL,FUNCTIONNAME,FUNCTIONORDER,FUNCTIONURL,PARENTFUNCTIONID,ICONID,DESK_ICONID) values ('4028d881436d514601436d5af95501b1',null,2,'公众帐号管理','1','weixinAccountController.do?weixinAccount','4028d881436d514601436d52c2fb0181','4028d881436d514601436d5214b30002',null);
Insert into T_S_FUNCTION (ID,FUNCTIONIFRAME,FUNCTIONLEVEL,FUNCTIONNAME,FUNCTIONORDER,FUNCTIONURL,PARENTFUNCTIONID,ICONID,DESK_ICONID) values ('4028ef8156b07fa50156b082a1100005',null,0,'插件演示','6',' ',null,'4028d881436d514601436d5214b30002',null);
Insert into T_S_FUNCTION (ID,FUNCTIONIFRAME,FUNCTIONLEVEL,FUNCTIONNAME,FUNCTIONORDER,FUNCTIONURL,PARENTFUNCTIONID,ICONID,DESK_ICONID) values ('4028ef8156b07fa50156b082d9310007',null,1,'普通列表','1','p3/wxActInvite.do?list','4028ef8156b07fa50156b082a1100005','4028d881436d514601436d5214b30002',null);
Insert into T_S_FUNCTION (ID,FUNCTIONIFRAME,FUNCTIONLEVEL,FUNCTIONNAME,FUNCTIONORDER,FUNCTIONURL,PARENTFUNCTIONID,ICONID,DESK_ICONID) values ('4028ef8156b07fa50156b08315c20009',null,1,'树列表','2','p3/auth.do?list','4028ef8156b07fa50156b082a1100005','4028d881436d514601436d5214b30002',null);
Insert into T_S_FUNCTION (ID,FUNCTIONIFRAME,FUNCTIONLEVEL,FUNCTIONNAME,FUNCTIONORDER,FUNCTIONURL,PARENTFUNCTIONID,ICONID,DESK_ICONID) values ('4028ef8156b0c68f0156b0c88eb10001',null,0,'微信企业号平台','2',' ',null,'4028d881436d514601436d5214b30002',null);
Insert into T_S_FUNCTION (ID,FUNCTIONIFRAME,FUNCTIONLEVEL,FUNCTIONNAME,FUNCTIONORDER,FUNCTIONURL,PARENTFUNCTIONID,ICONID,DESK_ICONID) values ('4028ef8156b0c68f0156b0c8c0c60003',null,1,'账号管理','1',' ','4028ef8156b0c68f0156b0c88eb10001','4028d881436d514601436d5214ba0007',null);
Insert into T_S_FUNCTION (ID,FUNCTIONIFRAME,FUNCTIONLEVEL,FUNCTIONNAME,FUNCTIONORDER,FUNCTIONURL,PARENTFUNCTIONID,ICONID,DESK_ICONID) values ('4028ef8156b0c68f0156b0c920440005',null,2,'企业号管理','1','qywx/qywxAccount.do?list','4028ef8156b0c68f0156b0c8c0c60003','4028d881436d514601436d5214b30002',null);
Insert into T_S_FUNCTION (ID,FUNCTIONIFRAME,FUNCTIONLEVEL,FUNCTIONNAME,FUNCTIONORDER,FUNCTIONURL,PARENTFUNCTIONID,ICONID,DESK_ICONID) values ('4028ef8156b0c68f0156b0c956120007',null,2,'应用管理','2','qywx/qywxAgent.do?list','4028ef8156b0c68f0156b0c8c0c60003','4028d881436d514601436d5214b30002',null);
Insert into T_S_FUNCTION (ID,FUNCTIONIFRAME,FUNCTIONLEVEL,FUNCTIONNAME,FUNCTIONORDER,FUNCTIONURL,PARENTFUNCTIONID,ICONID,DESK_ICONID) values ('4028ef8156b0c68f0156b0ca47730011',null,1,'基础管理','2',' ','4028ef8156b0c68f0156b0c88eb10001','4028d881436d514601436d5214ba0007',null);
Insert into T_S_FUNCTION (ID,FUNCTIONIFRAME,FUNCTIONLEVEL,FUNCTIONNAME,FUNCTIONORDER,FUNCTIONURL,PARENTFUNCTIONID,ICONID,DESK_ICONID) values ('4028ef8156b0c68f0156b0ca69760013',null,1,'微信素材','3',' ','4028ef8156b0c68f0156b0c88eb10001','4028d881436d514601436d5214ba0007',null);
Insert into T_S_FUNCTION (ID,FUNCTIONIFRAME,FUNCTIONLEVEL,FUNCTIONNAME,FUNCTIONORDER,FUNCTIONURL,PARENTFUNCTIONID,ICONID,DESK_ICONID) values ('4028ef8156b0c68f0156b0ca9d800015',null,1,'消息管理','4',' ','4028ef8156b0c68f0156b0c88eb10001','4028d881436d514601436d5214ba0007',null);
Insert into T_S_FUNCTION (ID,FUNCTIONIFRAME,FUNCTIONLEVEL,FUNCTIONNAME,FUNCTIONORDER,FUNCTIONURL,PARENTFUNCTIONID,ICONID,DESK_ICONID) values ('4028ef8156b0c68f0156b0cadace0017',null,2,'企业号关键字管理','1','qywx/qywxAutoresponse.do?list','4028ef8156b0c68f0156b0ca47730011','4028d881436d514601436d5214b30002',null);
Insert into T_S_FUNCTION (ID,FUNCTIONIFRAME,FUNCTIONLEVEL,FUNCTIONNAME,FUNCTIONORDER,FUNCTIONURL,PARENTFUNCTIONID,ICONID,DESK_ICONID) values ('4028ef8156b0c68f0156b0cb1d7c0019',null,2,'企业号关注回复','2','qywx/qywxGzentity.do?list','4028ef8156b0c68f0156b0ca47730011','4028d881436d514601436d5214b30002',null);
Insert into T_S_FUNCTION (ID,FUNCTIONIFRAME,FUNCTIONLEVEL,FUNCTIONNAME,FUNCTIONORDER,FUNCTIONURL,PARENTFUNCTIONID,ICONID,DESK_ICONID) values ('4028ef8156b0c68f0156b0cb5675001b',null,2,'企业号菜单管理','3','qywx/qywxMenu.do?list','4028ef8156b0c68f0156b0ca47730011','4028d881436d514601436d5214b30002',null);
Insert into T_S_FUNCTION (ID,FUNCTIONIFRAME,FUNCTIONLEVEL,FUNCTIONNAME,FUNCTIONORDER,FUNCTIONURL,PARENTFUNCTIONID,ICONID,DESK_ICONID) values ('4028ef8156b0c68f0156b0cbdb2f001d',null,2,'企业号文本消息','1','qywx/qywxTexttemplate.do?list','4028ef8156b0c68f0156b0ca69760013','4028d881436d514601436d5214b30002',null);
Insert into T_S_FUNCTION (ID,FUNCTIONIFRAME,FUNCTIONLEVEL,FUNCTIONNAME,FUNCTIONORDER,FUNCTIONURL,PARENTFUNCTIONID,ICONID,DESK_ICONID) values ('4028ef8156b0c68f0156b0cc0dc7001f',null,2,'企业号图文消息','2','qywx/qywxNewstemplate.do?list','4028ef8156b0c68f0156b0ca69760013','4028d881436d514601436d5214b30002',null);
Insert into T_S_FUNCTION (ID,FUNCTIONIFRAME,FUNCTIONLEVEL,FUNCTIONNAME,FUNCTIONORDER,FUNCTIONURL,PARENTFUNCTIONID,ICONID,DESK_ICONID) values ('4028ef8156b0c68f0156b0cc5c280021',null,2,'企业号用户消息','1','qywx/qywxReceivetext.do?list','4028ef8156b0c68f0156b0ca9d800015','4028d881436d514601436d5214b30002',null);
Insert into T_S_FUNCTION (ID,FUNCTIONIFRAME,FUNCTIONLEVEL,FUNCTIONNAME,FUNCTIONORDER,FUNCTIONURL,PARENTFUNCTIONID,ICONID,DESK_ICONID) values ('4028ef8156b0c68f0156b0ccab2e0023',null,2,'企业号关注用户','2','qywx/qywxGzuserinfo.do?list','4028ef8156b0c68f0156b0ca9d800015','4028d881436d514601436d5214b30002',null);
Insert into T_S_FUNCTION (ID,FUNCTIONIFRAME,FUNCTIONLEVEL,FUNCTIONNAME,FUNCTIONORDER,FUNCTIONURL,PARENTFUNCTIONID,ICONID,DESK_ICONID) values ('402890aa5aefec0f015aeff0da1e0009',null,2,'用户管理','2','/userController?list','402890aa5aefec0f015aefeea5850004','4028d881436d514601436d5214b30002',null);
Insert into T_S_FUNCTION (ID,FUNCTIONIFRAME,FUNCTIONLEVEL,FUNCTIONNAME,FUNCTIONORDER,FUNCTIONURL,PARENTFUNCTIONID,ICONID,DESK_ICONID) values ('402890aa5aefec0f015aefeea5850004',null,1,'用户管理','2',null,'4028ef8156b0c68f0156b0d4cf390045','4028d881436d514601436d5214ba0007',null);
Insert into T_S_FUNCTION (ID,FUNCTIONIFRAME,FUNCTIONLEVEL,FUNCTIONNAME,FUNCTIONORDER,FUNCTIONURL,PARENTFUNCTIONID,ICONID,DESK_ICONID) values ('402890aa5aefec0f015aefefe3390006',null,2,'标签管理','1','/userTagController?list','402890aa5aefec0f015aefeea5850004','4028d881436d514601436d5214b30002',null);
Insert into T_S_FUNCTION (ID,FUNCTIONIFRAME,FUNCTIONLEVEL,FUNCTIONNAME,FUNCTIONORDER,FUNCTIONURL,PARENTFUNCTIONID,ICONID,DESK_ICONID) values ('402890aa5aefec0f015aeff21eb5000b',null,2,'黑名单管理','3','/userBlacklistController?list','402890aa5aefec0f015aefeea5850004','4028d881436d514601436d5214b30002',null);
REM INSERTING into T_S_ICON
SET DEFINE OFF;
Insert into T_S_ICON (ID,EXTEND,ICONCLAS,NAME,TYPE) values ('4028d881436d514601436d5214650000','png','back','返回',1);
Insert into T_S_ICON (ID,EXTEND,ICONCLAS,NAME,TYPE) values ('4028d881436d514601436d5214b10001','png','pie','饼图',1);
Insert into T_S_ICON (ID,EXTEND,ICONCLAS,NAME,TYPE) values ('4028d881436d514601436d5214b30002','png','pictures','图片',1);
Insert into T_S_ICON (ID,EXTEND,ICONCLAS,NAME,TYPE) values ('4028d881436d514601436d5214b40003','png','pencil','笔',1);
Insert into T_S_ICON (ID,EXTEND,ICONCLAS,NAME,TYPE) values ('4028d881436d514601436d5214b50004','png','map','地图',1);
Insert into T_S_ICON (ID,EXTEND,ICONCLAS,NAME,TYPE) values ('4028d881436d514601436d5214b80005','png','group_add','组',1);
Insert into T_S_ICON (ID,EXTEND,ICONCLAS,NAME,TYPE) values ('4028d881436d514601436d5214b90006','png','calculator','计算器',1);
Insert into T_S_ICON (ID,EXTEND,ICONCLAS,NAME,TYPE) values ('4028d881436d514601436d5214ba0007','png','folder','文件夹',1);
REM INSERTING into T_S_LOG
SET DEFINE OFF;
Insert into T_S_LOG (ID,BROSWER,LOGLEVEL,OPERATETIME,OPERATETYPE,USERID) values ('402880f25906117601590614ca9d000b','Chrome',3,to_date('16-12月-16','DD-MON-RR'),1,'4028d881436d514601436d5215ac0043');
Insert into T_S_LOG (ID,BROSWER,LOGLEVEL,OPERATETIME,OPERATETYPE,USERID) values ('402880f259061d6e0159061df0520000','Chrome',1,to_date('16-12月-16','DD-MON-RR'),1,'4028d881436d514601436d5215ac0043');
Insert into T_S_LOG (ID,BROSWER,LOGLEVEL,OPERATETIME,OPERATETYPE,USERID) values ('402880f25906234201590624ae000000','Chrome',1,to_date('16-12月-16','DD-MON-RR'),1,'4028d881436d514601436d5215ac0043');
Insert into T_S_LOG (ID,BROSWER,LOGLEVEL,OPERATETIME,OPERATETYPE,USERID) values ('402880f2590623420159062581750002','Chrome',3,to_date('16-12月-16','DD-MON-RR'),1,'4028d881436d514601436d5215ac0043');
Insert into T_S_LOG (ID,BROSWER,LOGLEVEL,OPERATETIME,OPERATETYPE,USERID) values ('402880f25906234201590625d8890003','Chrome',5,to_date('16-12月-16','DD-MON-RR'),1,'4028d881436d514601436d5215ac0043');
Insert into T_S_LOG (ID,BROSWER,LOGLEVEL,OPERATETIME,OPERATETYPE,USERID) values ('402880f2590623420159062659790005','Chrome',3,to_date('16-12月-16','DD-MON-RR'),1,'4028d881436d514601436d5215ac0043');
Insert into T_S_LOG (ID,BROSWER,LOGLEVEL,OPERATETIME,OPERATETYPE,USERID) values ('402880f2590623420159062693070007','Chrome',3,to_date('16-12月-16','DD-MON-RR'),1,'4028d881436d514601436d5215ac0043');
Insert into T_S_LOG (ID,BROSWER,LOGLEVEL,OPERATETIME,OPERATETYPE,USERID) values ('402880f25906234201590626c2990009','Chrome',3,to_date('16-12月-16','DD-MON-RR'),1,'4028d881436d514601436d5215ac0043');
Insert into T_S_LOG (ID,BROSWER,LOGLEVEL,OPERATETIME,OPERATETYPE,USERID) values ('402880f2590623420159062783ce000b','Chrome',3,to_date('16-12月-16','DD-MON-RR'),1,'4028d881436d514601436d5215ac0043');
Insert into T_S_LOG (ID,BROSWER,LOGLEVEL,OPERATETIME,OPERATETYPE,USERID) values ('402880f25906234201590627ef10000d','Chrome',3,to_date('16-12月-16','DD-MON-RR'),1,'4028d881436d514601436d5215ac0043');
Insert into T_S_LOG (ID,BROSWER,LOGLEVEL,OPERATETIME,OPERATETYPE,USERID) values ('402880f259062342015906281271000e','Chrome',5,to_date('16-12月-16','DD-MON-RR'),1,'4028d881436d514601436d5215ac0043');
Insert into T_S_LOG (ID,BROSWER,LOGLEVEL,OPERATETIME,OPERATETYPE,USERID) values ('402880f2590623420159062883740010','Chrome',3,to_date('16-12月-16','DD-MON-RR'),1,'4028d881436d514601436d5215ac0043');
Insert into T_S_LOG (ID,BROSWER,LOGLEVEL,OPERATETIME,OPERATETYPE,USERID) values ('402880f25906234201590628d6350012','Chrome',3,to_date('16-12月-16','DD-MON-RR'),1,'4028d881436d514601436d5215ac0043');
Insert into T_S_LOG (ID,BROSWER,LOGLEVEL,OPERATETIME,OPERATETYPE,USERID) values ('402880f2590623420159062d92230014','Chrome',3,to_date('16-12月-16','DD-MON-RR'),1,'4028d881436d514601436d5215ac0043');
Insert into T_S_LOG (ID,BROSWER,LOGLEVEL,OPERATETIME,OPERATETYPE,USERID) values ('402880f2590623420159062dbd560015','Chrome',5,to_date('16-12月-16','DD-MON-RR'),1,'4028d881436d514601436d5215ac0043');
Insert into T_S_LOG (ID,BROSWER,LOGLEVEL,OPERATETIME,OPERATETYPE,USERID) values ('402880f2590623420159062df8060017','Chrome',3,to_date('16-12月-16','DD-MON-RR'),1,'4028d881436d514601436d5215ac0043');
Insert into T_S_LOG (ID,BROSWER,LOGLEVEL,OPERATETIME,OPERATETYPE,USERID) values ('402880f2590623420159062ea5ab0019','Chrome',3,to_date('16-12月-16','DD-MON-RR'),1,'4028d881436d514601436d5215ac0043');
Insert into T_S_LOG (ID,BROSWER,LOGLEVEL,OPERATETIME,OPERATETYPE,USERID) values ('402880f2590623420159062f3b53001b','Chrome',3,to_date('16-12月-16','DD-MON-RR'),1,'4028d881436d514601436d5215ac0043');
Insert into T_S_LOG (ID,BROSWER,LOGLEVEL,OPERATETIME,OPERATETYPE,USERID) values ('402880f25906234201590630a5e0001d','Chrome',3,to_date('16-12月-16','DD-MON-RR'),1,'4028d881436d514601436d5215ac0043');
Insert into T_S_LOG (ID,BROSWER,LOGLEVEL,OPERATETIME,OPERATETYPE,USERID) values ('402880f25906234201590630e2b6001e','Chrome',5,to_date('16-12月-16','DD-MON-RR'),1,'4028d881436d514601436d5215ac0043');
Insert into T_S_LOG (ID,BROSWER,LOGLEVEL,OPERATETIME,OPERATETYPE,USERID) values ('402880f259062342015906312d320020','Chrome',3,to_date('16-12月-16','DD-MON-RR'),1,'4028d881436d514601436d5215ac0043');
Insert into T_S_LOG (ID,BROSWER,LOGLEVEL,OPERATETIME,OPERATETYPE,USERID) values ('402880f259062342015906319cfa0030','Chrome',2,to_date('16-12月-16','DD-MON-RR'),1,'4028d881436d514601436d5215ac0043');
Insert into T_S_LOG (ID,BROSWER,LOGLEVEL,OPERATETIME,OPERATETYPE,USERID) values ('402880f25906234201590631ba2e0031','Chrome',1,to_date('16-12月-16','DD-MON-RR'),1,'4028d881436d514601436d5215ac0043');
Insert into T_S_LOG (ID,BROSWER,LOGLEVEL,OPERATETIME,OPERATETYPE,USERID) values ('402880f25906234201590632cfe00032','Chrome',2,to_date('16-12月-16','DD-MON-RR'),1,'4028d881436d514601436d5215ac0043');
Insert into T_S_LOG (ID,BROSWER,LOGLEVEL,OPERATETIME,OPERATETYPE,USERID) values ('402880f25906234201590632e98b0033','Chrome',1,to_date('16-12月-16','DD-MON-RR'),1,'4028d881436d514601436d5215ac0043');
Insert into T_S_LOG (ID,BROSWER,LOGLEVEL,OPERATETIME,OPERATETYPE,USERID) values ('402880f25906234201590633418f0034','Chrome',5,to_date('16-12月-16','DD-MON-RR'),1,'4028d881436d514601436d5215ac0043');
Insert into T_S_LOG (ID,BROSWER,LOGLEVEL,OPERATETIME,OPERATETYPE,USERID) values ('402880f2590623420159063362ab0035','Chrome',5,to_date('16-12月-16','DD-MON-RR'),1,'4028d881436d514601436d5215ac0043');
Insert into T_S_LOG (ID,BROSWER,LOGLEVEL,OPERATETIME,OPERATETYPE,USERID) values ('402880f25906234201590633789b0036','Chrome',5,to_date('16-12月-16','DD-MON-RR'),1,'4028d881436d514601436d5215ac0043');
Insert into T_S_LOG (ID,BROSWER,LOGLEVEL,OPERATETIME,OPERATETYPE,USERID) values ('402880f25906234201590633a4f20037','Chrome',5,to_date('16-12月-16','DD-MON-RR'),1,'4028d881436d514601436d5215ac0043');
Insert into T_S_LOG (ID,BROSWER,LOGLEVEL,OPERATETIME,OPERATETYPE,USERID) values ('402880f25906234201590633b0a70038','Chrome',5,to_date('16-12月-16','DD-MON-RR'),1,'4028d881436d514601436d5215ac0043');
Insert into T_S_LOG (ID,BROSWER,LOGLEVEL,OPERATETIME,OPERATETYPE,USERID) values ('402880f25906234201590633ddcb0039','Chrome',2,to_date('16-12月-16','DD-MON-RR'),1,'4028d881436d514601436d5215ac0043');
Insert into T_S_LOG (ID,BROSWER,LOGLEVEL,OPERATETIME,OPERATETYPE,USERID) values ('402880f25906234201590633f74b003a','Chrome',1,to_date('16-12月-16','DD-MON-RR'),1,'4028d881436d514601436d5215ac0043');
Insert into T_S_LOG (ID,BROSWER,LOGLEVEL,OPERATETIME,OPERATETYPE,USERID) values ('402880f25906234201590638b9e1003b','Chrome',2,to_date('16-12月-16','DD-MON-RR'),1,'4028d881436d514601436d5215ac0043');
Insert into T_S_LOG (ID,BROSWER,LOGLEVEL,OPERATETIME,OPERATETYPE,USERID) values ('402880f2590673d70159067425320000','Chrome',1,to_date('16-12月-16','DD-MON-RR'),1,'4028d881436d514601436d5215ac0043');
Insert into T_S_LOG (ID,BROSWER,LOGLEVEL,OPERATETIME,OPERATETYPE,USERID) values ('402880f25906ae47015906aed3e10000','Chrome',1,to_date('16-12月-16','DD-MON-RR'),1,'4028d881436d514601436d5215ac0043');
Insert into T_S_LOG (ID,BROSWER,LOGLEVEL,OPERATETIME,OPERATETYPE,USERID) values ('402880f25906b6ce015906b76c510000','Chrome',1,to_date('16-12月-16','DD-MON-RR'),1,'4028d881436d514601436d5215ac0043');
Insert into T_S_LOG (ID,BROSWER,LOGLEVEL,OPERATETIME,OPERATETYPE,USERID) values ('402880f25906ba42015906bbea5f0000','Chrome',1,to_date('16-12月-16','DD-MON-RR'),1,'4028d881436d514601436d5215ac0043');
Insert into T_S_LOG (ID,BROSWER,LOGLEVEL,OPERATETIME,OPERATETYPE,USERID) values ('402880f25906c4b1015906c50a280000','Chrome',1,to_date('16-12月-16','DD-MON-RR'),1,'4028d881436d514601436d5215ac0043');
Insert into T_S_LOG (ID,BROSWER,LOGLEVEL,OPERATETIME,OPERATETYPE,USERID) values ('402880f25906d097015906d0f7df0000','Chrome',1,to_date('16-12月-16','DD-MON-RR'),1,'4028d881436d514601436d5215ac0043');
Insert into T_S_LOG (ID,BROSWER,LOGLEVEL,OPERATETIME,OPERATETYPE,USERID) values ('402880f25906d097015906d2a4140001','Chrome',5,to_date('16-12月-16','DD-MON-RR'),1,'4028d881436d514601436d5215ac0043');
Insert into T_S_LOG (ID,BROSWER,LOGLEVEL,OPERATETIME,OPERATETYPE,USERID) values ('402880f25906d48f015906e41e900000','Chrome',1,to_date('16-12月-16','DD-MON-RR'),1,'4028d881436d514601436d5215ac0043');
Insert into T_S_LOG (ID,BROSWER,LOGLEVEL,OPERATETIME,OPERATETYPE,USERID) values ('402880f259073c360159074493bc0000','Chrome',1,to_date('16-12月-16','DD-MON-RR'),1,'4028d881436d514601436d5215ac0043');
Insert into T_S_LOG (ID,BROSWER,LOGLEVEL,OPERATETIME,OPERATETYPE,USERID) values ('402880f259073c3601590746b1950001','Chrome',5,to_date('16-12月-16','DD-MON-RR'),1,'4028d881436d514601436d5215ac0043');
Insert into T_S_LOG (ID,BROSWER,LOGLEVEL,OPERATETIME,OPERATETYPE,USERID) values ('402880f259073c36015907483a720002','Chrome',5,to_date('16-12月-16','DD-MON-RR'),1,'4028d881436d514601436d5215ac0043');
Insert into T_S_LOG (ID,BROSWER,LOGLEVEL,OPERATETIME,OPERATETYPE,USERID) values ('402880f2590749060159074a2ab70000','Chrome',1,to_date('16-12月-16','DD-MON-RR'),1,'4028d881436d514601436d5215ac0043');
Insert into T_S_LOG (ID,BROSWER,LOGLEVEL,OPERATETIME,OPERATETYPE,USERID) values ('402880f2590749060159074a8c430001','Chrome',5,to_date('16-12月-16','DD-MON-RR'),1,'4028d881436d514601436d5215ac0043');
Insert into T_S_LOG (ID,BROSWER,LOGLEVEL,OPERATETIME,OPERATETYPE,USERID) values ('402880f2590749060159074aef1c0002','Chrome',5,to_date('16-12月-16','DD-MON-RR'),1,'4028d881436d514601436d5215ac0043');
Insert into T_S_LOG (ID,BROSWER,LOGLEVEL,OPERATETIME,OPERATETYPE,USERID) values ('402880f2590749060159074b13370003','Chrome',4,to_date('16-12月-16','DD-MON-RR'),1,'4028d881436d514601436d5215ac0043');
Insert into T_S_LOG (ID,BROSWER,LOGLEVEL,OPERATETIME,OPERATETYPE,USERID) values ('402880f2590749060159074bc5ed0005','Chrome',5,to_date('16-12月-16','DD-MON-RR'),1,'4028d881436d514601436d5215ac0043');
Insert into T_S_LOG (ID,BROSWER,LOGLEVEL,OPERATETIME,OPERATETYPE,USERID) values ('402880f2590749060159074e1b3b0008','Chrome',5,to_date('16-12月-16','DD-MON-RR'),1,'4028d881436d514601436d5215ac0043');
Insert into T_S_LOG (ID,BROSWER,LOGLEVEL,OPERATETIME,OPERATETYPE,USERID) values ('402880f2590749060159074eb9c9000a','Chrome',3,to_date('16-12月-16','DD-MON-RR'),1,'4028d881436d514601436d5215ac0043');
Insert into T_S_LOG (ID,BROSWER,LOGLEVEL,OPERATETIME,OPERATETYPE,USERID) values ('402880f2590749060159074ef324000b','Chrome',4,to_date('16-12月-16','DD-MON-RR'),1,'4028d881436d514601436d5215ac0043');
Insert into T_S_LOG (ID,BROSWER,LOGLEVEL,OPERATETIME,OPERATETYPE,USERID) values ('402880f2590749060159074f42a2000c','Chrome',4,to_date('16-12月-16','DD-MON-RR'),1,'4028d881436d514601436d5215ac0043');
Insert into T_S_LOG (ID,BROSWER,LOGLEVEL,OPERATETIME,OPERATETYPE,USERID) values ('402880f25907490601590753b9da000e','Chrome',5,to_date('16-12月-16','DD-MON-RR'),1,'4028d881436d514601436d5215ac0043');
Insert into T_S_LOG (ID,BROSWER,LOGLEVEL,OPERATETIME,OPERATETYPE,USERID) values ('402880f25907490601590753f99c0010','Chrome',3,to_date('16-12月-16','DD-MON-RR'),1,'4028d881436d514601436d5215ac0043');
Insert into T_S_LOG (ID,BROSWER,LOGLEVEL,OPERATETIME,OPERATETYPE,USERID) values ('402880f259074906015907542edc0012','Chrome',3,to_date('16-12月-16','DD-MON-RR'),1,'4028d881436d514601436d5215ac0043');
Insert into T_S_LOG (ID,BROSWER,LOGLEVEL,OPERATETIME,OPERATETYPE,USERID) values ('402880f259074906015907555b2b0017','Chrome',5,to_date('16-12月-16','DD-MON-RR'),1,'4028d881436d514601436d5215ac0043');
Insert into T_S_LOG (ID,BROSWER,LOGLEVEL,OPERATETIME,OPERATETYPE,USERID) values ('402880f25907490601590757811e001a','Chrome',3,to_date('16-12月-16','DD-MON-RR'),1,'4028d881436d514601436d5215ac0043');
Insert into T_S_LOG (ID,BROSWER,LOGLEVEL,OPERATETIME,OPERATETYPE,USERID) values ('402880f25907490601590757f34e001b','Chrome',5,to_date('16-12月-16','DD-MON-RR'),1,'4028d881436d514601436d5215ac0043');
Insert into T_S_LOG (ID,BROSWER,LOGLEVEL,OPERATETIME,OPERATETYPE,USERID) values ('402880f259074906015907586847001c','Chrome',5,to_date('16-12月-16','DD-MON-RR'),1,'4028d881436d514601436d5215ac0043');
Insert into T_S_LOG (ID,BROSWER,LOGLEVEL,OPERATETIME,OPERATETYPE,USERID) values ('402880f25907490601590758e1f6001d','Chrome',5,to_date('16-12月-16','DD-MON-RR'),1,'4028d881436d514601436d5215ac0043');
Insert into T_S_LOG (ID,BROSWER,LOGLEVEL,OPERATETIME,OPERATETYPE,USERID) values ('402880f259074906015907593698001f','Chrome',3,to_date('16-12月-16','DD-MON-RR'),1,'4028d881436d514601436d5215ac0043');
Insert into T_S_LOG (ID,BROSWER,LOGLEVEL,OPERATETIME,OPERATETYPE,USERID) values ('402880f25907490601590759a05b0020','Chrome',4,to_date('16-12月-16','DD-MON-RR'),1,'4028d881436d514601436d5215ac0043');
Insert into T_S_LOG (ID,BROSWER,LOGLEVEL,OPERATETIME,OPERATETYPE,USERID) values ('402880f3591a355e01591a361c4a0000','Chrome',1,to_date('20-12月-16','DD-MON-RR'),1,'4028d881436d514601436d5215ac0043');
Insert into T_S_LOG (ID,BROSWER,LOGLEVEL,OPERATETIME,OPERATETYPE,USERID) values ('402880f3591a58f101591a5a0fb40000','Chrome',1,to_date('20-12月-16','DD-MON-RR'),1,'4028d881436d514601436d5215ac0043');
Insert into T_S_LOG (ID,BROSWER,LOGLEVEL,OPERATETIME,OPERATETYPE,USERID) values ('4028948151dc6b1f0151dc72aee00014','Chrome',5,to_date('26-12月-15','DD-MON-RR'),1,'4028d881436d514601436d5215ac0043');
Insert into T_S_LOG (ID,BROSWER,LOGLEVEL,OPERATETIME,OPERATETYPE,USERID) values ('402880f3591a5be201591a72f8020000','Chrome',1,to_date('20-12月-16','DD-MON-RR'),1,'4028d881436d514601436d5215ac0043');
Insert into T_S_LOG (ID,BROSWER,LOGLEVEL,OPERATETIME,OPERATETYPE,USERID) values ('402880f3591a770001591a77423c0000','Chrome',1,to_date('20-12月-16','DD-MON-RR'),1,'4028d881436d514601436d5215ac0043');
Insert into T_S_LOG (ID,BROSWER,LOGLEVEL,OPERATETIME,OPERATETYPE,USERID) values ('402880f3591a8ef001591a8f61c80000','Chrome',1,to_date('20-12月-16','DD-MON-RR'),1,'4028d881436d514601436d5215ac0043');
Insert into T_S_LOG (ID,BROSWER,LOGLEVEL,OPERATETIME,OPERATETYPE,USERID) values ('402880f3591a8ef001591a93d5170001','Chrome',1,to_date('20-12月-16','DD-MON-RR'),1,'4028d881436d514601436d5215ac0043');
Insert into T_S_LOG (ID,BROSWER,LOGLEVEL,OPERATETIME,OPERATETYPE,USERID) values ('402880f3591a8ef001591abeef620002','Chrome',1,to_date('20-12月-16','DD-MON-RR'),1,'4028d881436d514601436d5215ac0043');
Insert into T_S_LOG (ID,BROSWER,LOGLEVEL,OPERATETIME,OPERATETYPE,USERID) values ('402880f3591b2a3001591b2ace540000','Chrome',1,to_date('20-12月-16','DD-MON-RR'),1,'4028d881436d514601436d5215ac0043');
Insert into T_S_LOG (ID,BROSWER,LOGLEVEL,OPERATETIME,OPERATETYPE,USERID) values ('402880f3591b2a3001591b40b08a0002','Chrome',1,to_date('20-12月-16','DD-MON-RR'),1,'4028d881436d514601436d5215ac0043');
Insert into T_S_LOG (ID,BROSWER,LOGLEVEL,OPERATETIME,OPERATETYPE,USERID) values ('402880f3591ba19b01591ba1ed970000','Chrome',1,to_date('20-12月-16','DD-MON-RR'),1,'4028d881436d514601436d5215ac0043');
Insert into T_S_LOG (ID,BROSWER,LOGLEVEL,OPERATETIME,OPERATETYPE,USERID) values ('402880f3591bc49901591bc5c6440000','Chrome',1,to_date('20-12月-16','DD-MON-RR'),1,'4028d881436d514601436d5215ac0043');
Insert into T_S_LOG (ID,BROSWER,LOGLEVEL,OPERATETIME,OPERATETYPE,USERID) values ('402880f3591bf0d301591bf135bb0000','Chrome',1,to_date('20-12月-16','DD-MON-RR'),1,'4028d881436d514601436d5215ac0043');
Insert into T_S_LOG (ID,BROSWER,LOGLEVEL,OPERATETIME,OPERATETYPE,USERID) values ('402880f3591bf0d301591bf1fec60001','Chrome',2,to_date('20-12月-16','DD-MON-RR'),1,'4028d881436d514601436d5215ac0043');
Insert into T_S_LOG (ID,BROSWER,LOGLEVEL,OPERATETIME,OPERATETYPE,USERID) values ('402880f3591bf0d301591bf2bbcb0002','Chrome',1,to_date('20-12月-16','DD-MON-RR'),1,'4028d881436d514601436d5215ac0043');
Insert into T_S_LOG (ID,BROSWER,LOGLEVEL,OPERATETIME,OPERATETYPE,USERID) values ('402881865907db74015907e281b30000','Chrome',1,to_date('16-12月-16','DD-MON-RR'),1,'4028d881436d514601436d5215ac0043');
Insert into T_S_LOG (ID,BROSWER,LOGLEVEL,OPERATETIME,OPERATETYPE,USERID) values ('402881865907db74015907edcd160001','Chrome',1,to_date('16-12月-16','DD-MON-RR'),1,'4028d881436d514601436d5215ac0043');
Insert into T_S_LOG (ID,BROSWER,LOGLEVEL,OPERATETIME,OPERATETYPE,USERID) values ('402881865907db74015907f004250002','Chrome',1,to_date('16-12月-16','DD-MON-RR'),1,'4028d881436d514601436d5215ac0043');
Insert into T_S_LOG (ID,BROSWER,LOGLEVEL,OPERATETIME,OPERATETYPE,USERID) values ('402881865907db74015907f39ddd0003','Chrome',1,to_date('16-12月-16','DD-MON-RR'),1,'4028d881436d514601436d5215ac0043');
Insert into T_S_LOG (ID,BROSWER,LOGLEVEL,OPERATETIME,OPERATETYPE,USERID) values ('402881865907db74015907fd21b30004','Chrome',1,to_date('16-12月-16','DD-MON-RR'),1,'4028d881436d514601436d5215ac0043');
Insert into T_S_LOG (ID,BROSWER,LOGLEVEL,OPERATETIME,OPERATETYPE,USERID) values ('402881865907db7401590805ee18000b','Chrome',1,to_date('16-12月-16','DD-MON-RR'),1,'4028d881436d514601436d5215ac0043');
Insert into T_S_LOG (ID,BROSWER,LOGLEVEL,OPERATETIME,OPERATETYPE,USERID) values ('402881865907db7401590806c52e000e','Chrome',3,to_date('16-12月-16','DD-MON-RR'),1,'4028d881436d514601436d5215ac0043');
Insert into T_S_LOG (ID,BROSWER,LOGLEVEL,OPERATETIME,OPERATETYPE,USERID) values ('40288186590834a30159083731a30000','Chrome',1,to_date('16-12月-16','DD-MON-RR'),1,'4028d881436d514601436d5215ac0043');
Insert into T_S_LOG (ID,BROSWER,LOGLEVEL,OPERATETIME,OPERATETYPE,USERID) values ('4028818659083e2a0159083ece250000','Chrome',1,to_date('16-12月-16','DD-MON-RR'),1,'4028d881436d514601436d5215ac0043');
Insert into T_S_LOG (ID,BROSWER,LOGLEVEL,OPERATETIME,OPERATETYPE,USERID) values ('4028818659085f530159085fe20f0000','Chrome',1,to_date('17-12月-16','DD-MON-RR'),1,'4028d881436d514601436d5215ac0043');
Insert into T_S_LOG (ID,BROSWER,LOGLEVEL,OPERATETIME,OPERATETYPE,USERID) values ('40288186590878be0159087987e70000','Chrome',1,to_date('17-12月-16','DD-MON-RR'),1,'4028d881436d514601436d5215ac0043');
Insert into T_S_LOG (ID,BROSWER,LOGLEVEL,OPERATETIME,OPERATETYPE,USERID) values ('40288186590880a70159088142fc0000','Chrome',1,to_date('17-12月-16','DD-MON-RR'),1,'4028d881436d514601436d5215ac0043');
Insert into T_S_LOG (ID,BROSWER,LOGLEVEL,OPERATETIME,OPERATETYPE,USERID) values ('40288186590887bc0159088826100000','Chrome',1,to_date('17-12月-16','DD-MON-RR'),1,'4028d881436d514601436d5215ac0043');
Insert into T_S_LOG (ID,BROSWER,LOGLEVEL,OPERATETIME,OPERATETYPE,USERID) values ('4028818659089620015908967ced0000','Chrome',1,to_date('17-12月-16','DD-MON-RR'),1,'4028d881436d514601436d5215ac0043');
Insert into T_S_LOG (ID,BROSWER,LOGLEVEL,OPERATETIME,OPERATETYPE,USERID) values ('4028818659089620015908986d790001','Chrome',1,to_date('17-12月-16','DD-MON-RR'),1,'4028d881436d514601436d5215ac0043');
Insert into T_S_LOG (ID,BROSWER,LOGLEVEL,OPERATETIME,OPERATETYPE,USERID) values ('40288186590896200159089bc6610003','Chrome',3,to_date('17-12月-16','DD-MON-RR'),1,'4028d881436d514601436d5215ac0043');
Insert into T_S_LOG (ID,BROSWER,LOGLEVEL,OPERATETIME,OPERATETYPE,USERID) values ('40288186590896200159089c306e0005','Chrome',3,to_date('17-12月-16','DD-MON-RR'),1,'4028d881436d514601436d5215ac0043');
Insert into T_S_LOG (ID,BROSWER,LOGLEVEL,OPERATETIME,OPERATETYPE,USERID) values ('40288186590896200159089c8a460007','Chrome',3,to_date('17-12月-16','DD-MON-RR'),1,'4028d881436d514601436d5215ac0043');
Insert into T_S_LOG (ID,BROSWER,LOGLEVEL,OPERATETIME,OPERATETYPE,USERID) values ('40288186590896200159089ccf6f0009','Chrome',3,to_date('17-12月-16','DD-MON-RR'),1,'4028d881436d514601436d5215ac0043');
Insert into T_S_LOG (ID,BROSWER,LOGLEVEL,OPERATETIME,OPERATETYPE,USERID) values ('40288186590896200159089cfa5c000d','Chrome',2,to_date('17-12月-16','DD-MON-RR'),1,'4028d881436d514601436d5215ac0043');
Insert into T_S_LOG (ID,BROSWER,LOGLEVEL,OPERATETIME,OPERATETYPE,USERID) values ('40288186590896200159089d2b0e000e','Chrome',1,to_date('17-12月-16','DD-MON-RR'),1,'4028d881436d514601436d5215ac0043');
Insert into T_S_LOG (ID,BROSWER,LOGLEVEL,OPERATETIME,OPERATETYPE,USERID) values ('40288186590896200159089d9017000f','Chrome',5,to_date('17-12月-16','DD-MON-RR'),1,'4028d881436d514601436d5215ac0043');
Insert into T_S_LOG (ID,BROSWER,LOGLEVEL,OPERATETIME,OPERATETYPE,USERID) values ('40288186590896200159089e98610010','Chrome',2,to_date('17-12月-16','DD-MON-RR'),1,'4028d881436d514601436d5215ac0043');
Insert into T_S_LOG (ID,BROSWER,LOGLEVEL,OPERATETIME,OPERATETYPE,USERID) values ('40288186590896200159089eb41a0011','Chrome',1,to_date('17-12月-16','DD-MON-RR'),1,'4028d881436d514601436d5215ac0043');
Insert into T_S_LOG (ID,BROSWER,LOGLEVEL,OPERATETIME,OPERATETYPE,USERID) values ('40288186590896200159089efbfe0013','Chrome',2,to_date('17-12月-16','DD-MON-RR'),1,'4028d881436d514601436d5215ac0043');
Insert into T_S_LOG (ID,BROSWER,LOGLEVEL,OPERATETIME,OPERATETYPE,USERID) values ('40288186590896200159089f16000014','Chrome',1,to_date('17-12月-16','DD-MON-RR'),1,'4028d881436d514601436d5215ac0043');
Insert into T_S_LOG (ID,BROSWER,LOGLEVEL,OPERATETIME,OPERATETYPE,USERID) values ('402881865908ad73015908adcceb0000','Chrome',1,to_date('17-12月-16','DD-MON-RR'),1,'4028d881436d514601436d5215ac0043');
Insert into T_S_LOG (ID,BROSWER,LOGLEVEL,OPERATETIME,OPERATETYPE,USERID) values ('40288186590ac45401590ac509c80000','Chrome',1,to_date('17-12月-16','DD-MON-RR'),1,'4028d881436d514601436d5215ac0043');
Insert into T_S_LOG (ID,BROSWER,LOGLEVEL,OPERATETIME,OPERATETYPE,USERID) values ('40288186590ac45401590ac62c310001','Chrome',5,to_date('17-12月-16','DD-MON-RR'),1,'4028d881436d514601436d5215ac0043');
Insert into T_S_LOG (ID,BROSWER,LOGLEVEL,OPERATETIME,OPERATETYPE,USERID) values ('40288186590ac45401590ac643080002','Chrome',5,to_date('17-12月-16','DD-MON-RR'),1,'4028d881436d514601436d5215ac0043');
Insert into T_S_LOG (ID,BROSWER,LOGLEVEL,OPERATETIME,OPERATETYPE,USERID) values ('40288186590ac45401590ac65c880003','Chrome',5,to_date('17-12月-16','DD-MON-RR'),1,'4028d881436d514601436d5215ac0043');
Insert into T_S_LOG (ID,BROSWER,LOGLEVEL,OPERATETIME,OPERATETYPE,USERID) values ('40288186590ac45401590ac673930004','Chrome',5,to_date('17-12月-16','DD-MON-RR'),1,'4028d881436d514601436d5215ac0043');
Insert into T_S_LOG (ID,BROSWER,LOGLEVEL,OPERATETIME,OPERATETYPE,USERID) values ('40288186590ac45401590ac681460005','Chrome',2,to_date('17-12月-16','DD-MON-RR'),1,'4028d881436d514601436d5215ac0043');
Insert into T_S_LOG (ID,BROSWER,LOGLEVEL,OPERATETIME,OPERATETYPE,USERID) values ('40288186590ac45401590ac699860006','Chrome',1,to_date('17-12月-16','DD-MON-RR'),1,'4028d881436d514601436d5215ac0043');
Insert into T_S_LOG (ID,BROSWER,LOGLEVEL,OPERATETIME,OPERATETYPE,USERID) values ('40288186590b0be801590b0f02600000','Chrome',1,to_date('17-12月-16','DD-MON-RR'),1,'4028d881436d514601436d5215ac0043');
Insert into T_S_LOG (ID,BROSWER,LOGLEVEL,OPERATETIME,OPERATETYPE,USERID) values ('40288186590b208c01590b2156310000','Chrome',1,to_date('17-12月-16','DD-MON-RR'),1,'4028d881436d514601436d5215ac0043');
Insert into T_S_LOG (ID,BROSWER,LOGLEVEL,OPERATETIME,OPERATETYPE,USERID) values ('40288186591caa1001591caaf2bf0000','Chrome',1,to_date('20-12月-16','DD-MON-RR'),1,'4028d881436d514601436d5215ac0043');
Insert into T_S_LOG (ID,BROSWER,LOGLEVEL,OPERATETIME,OPERATETYPE,USERID) values ('40288186591caa1001591cc6a3650001','Chrome',5,to_date('20-12月-16','DD-MON-RR'),1,'4028d881436d514601436d5215ac0043');
Insert into T_S_LOG (ID,BROSWER,LOGLEVEL,OPERATETIME,OPERATETYPE,USERID) values ('40288186591caa1001591cc6b31f0002','Chrome',5,to_date('20-12月-16','DD-MON-RR'),1,'4028d881436d514601436d5215ac0043');
Insert into T_S_LOG (ID,BROSWER,LOGLEVEL,OPERATETIME,OPERATETYPE,USERID) values ('40288186591caa1001591cc774de0004','Chrome',5,to_date('20-12月-16','DD-MON-RR'),1,'4028d881436d514601436d5215ac0043');
Insert into T_S_LOG (ID,BROSWER,LOGLEVEL,OPERATETIME,OPERATETYPE,USERID) values ('40288186591caa1001591cc793650006','Chrome',5,to_date('20-12月-16','DD-MON-RR'),1,'4028d881436d514601436d5215ac0043');
Insert into T_S_LOG (ID,BROSWER,LOGLEVEL,OPERATETIME,OPERATETYPE,USERID) values ('40288186591caa1001591cc7c4990008','Chrome',5,to_date('20-12月-16','DD-MON-RR'),1,'4028d881436d514601436d5215ac0043');
Insert into T_S_LOG (ID,BROSWER,LOGLEVEL,OPERATETIME,OPERATETYPE,USERID) values ('4028948151d85f5c0151d86164480000','Chrome',1,to_date('25-12月-15','DD-MON-RR'),1,'4028d881436d514601436d5215ac0043');
Insert into T_S_LOG (ID,BROSWER,LOGLEVEL,OPERATETIME,OPERATETYPE,USERID) values ('4028948151dc628d0151dc643c080000','Chrome',1,to_date('26-12月-15','DD-MON-RR'),1,'4028d881436d514601436d5215ac0043');
Insert into T_S_LOG (ID,BROSWER,LOGLEVEL,OPERATETIME,OPERATETYPE,USERID) values ('4028948151dc6b1f0151dc6dfe7b0005','Chrome',1,to_date('26-12月-15','DD-MON-RR'),1,'4028d881436d514601436d5215ac0043');
Insert into T_S_LOG (ID,BROSWER,LOGLEVEL,OPERATETIME,OPERATETYPE,USERID) values ('4028948151dc6b1f0151dc6f1ff70008','Chrome',3,to_date('26-12月-15','DD-MON-RR'),1,'4028d881436d514601436d5215ac0043');
Insert into T_S_LOG (ID,BROSWER,LOGLEVEL,OPERATETIME,OPERATETYPE,USERID) values ('4028948151dc6b1f0151dc6f51990009','Chrome',4,to_date('26-12月-15','DD-MON-RR'),1,'4028d881436d514601436d5215ac0043');
Insert into T_S_LOG (ID,BROSWER,LOGLEVEL,OPERATETIME,OPERATETYPE,USERID) values ('4028948151dc6b1f0151dc6f7002000b','Chrome',3,to_date('26-12月-15','DD-MON-RR'),1,'4028d881436d514601436d5215ac0043');
Insert into T_S_LOG (ID,BROSWER,LOGLEVEL,OPERATETIME,OPERATETYPE,USERID) values ('4028948151dc6b1f0151dc6fdf55000d','Chrome',3,to_date('26-12月-15','DD-MON-RR'),1,'4028d881436d514601436d5215ac0043');
Insert into T_S_LOG (ID,BROSWER,LOGLEVEL,OPERATETIME,OPERATETYPE,USERID) values ('4028948151dc6b1f0151dc701bc10010','Chrome',2,to_date('26-12月-15','DD-MON-RR'),1,'4028d881436d514601436d5215ac0043');
Insert into T_S_LOG (ID,BROSWER,LOGLEVEL,OPERATETIME,OPERATETYPE,USERID) values ('4028948151dc6b1f0151dc7035020011','Chrome',1,to_date('26-12月-15','DD-MON-RR'),1,'4028d881436d514601436d5215ac0043');
Insert into T_S_LOG (ID,BROSWER,LOGLEVEL,OPERATETIME,OPERATETYPE,USERID) values ('4028948151dc6b1f0151dc70fc890012','Chrome',5,to_date('26-12月-15','DD-MON-RR'),1,'4028d881436d514601436d5215ac0043');
Insert into T_S_LOG (ID,BROSWER,LOGLEVEL,OPERATETIME,OPERATETYPE,USERID) values ('4028948151dc6b1f0151dc7123180013','Chrome',4,to_date('26-12月-15','DD-MON-RR'),1,'4028d881436d514601436d5215ac0043');
Insert into T_S_LOG (ID,BROSWER,LOGLEVEL,OPERATETIME,OPERATETYPE,USERID) values ('402880f158f1393c0158f13b298d0000','Chrome',1,to_date('12-12月-16','DD-MON-RR'),1,'4028d881436d514601436d5215ac0043');
Insert into T_S_LOG (ID,BROSWER,LOGLEVEL,OPERATETIME,OPERATETYPE,USERID) values ('402880f158f609210158f6097fce0000','Chrome',1,to_date('13-12月-16','DD-MON-RR'),1,'4028d881436d514601436d5215ac0043');
Insert into T_S_LOG (ID,BROSWER,LOGLEVEL,OPERATETIME,OPERATETYPE,USERID) values ('402880f158f60d6f0158f6118e370000','Chrome',1,to_date('13-12月-16','DD-MON-RR'),1,'4028d881436d514601436d5215ac0043');
Insert into T_S_LOG (ID,BROSWER,LOGLEVEL,OPERATETIME,OPERATETYPE,USERID) values ('402880f158f60d6f0158f6b516240001','Chrome',1,to_date('13-12月-16','DD-MON-RR'),1,'4028d881436d514601436d5215ac0043');
Insert into T_S_LOG (ID,BROSWER,LOGLEVEL,OPERATETIME,OPERATETYPE,USERID) values ('402880f258fb12550158fb13a8d50000','Chrome',1,to_date('14-12月-16','DD-MON-RR'),1,'4028d881436d514601436d5215ac0043');
Insert into T_S_LOG (ID,BROSWER,LOGLEVEL,OPERATETIME,OPERATETYPE,USERID) values ('402880f258fb3e7f0158fb3ee72f0000','Chrome',1,to_date('14-12月-16','DD-MON-RR'),1,'4028d881436d514601436d5215ac0043');
Insert into T_S_LOG (ID,BROSWER,LOGLEVEL,OPERATETIME,OPERATETYPE,USERID) values ('402880f258fb3e7f0158fb3f2fb80001','Chrome',5,to_date('14-12月-16','DD-MON-RR'),1,'4028d881436d514601436d5215ac0043');
Insert into T_S_LOG (ID,BROSWER,LOGLEVEL,OPERATETIME,OPERATETYPE,USERID) values ('402880f258fb3e7f0158fb3f41550002','Chrome',5,to_date('14-12月-16','DD-MON-RR'),1,'4028d881436d514601436d5215ac0043');
Insert into T_S_LOG (ID,BROSWER,LOGLEVEL,OPERATETIME,OPERATETYPE,USERID) values ('402880f258fb3e7f0158fb3f53fa0003','Chrome',5,to_date('14-12月-16','DD-MON-RR'),1,'4028d881436d514601436d5215ac0043');
Insert into T_S_LOG (ID,BROSWER,LOGLEVEL,OPERATETIME,OPERATETYPE,USERID) values ('402880f258fb3e7f0158fb3f60d50004','Chrome',5,to_date('14-12月-16','DD-MON-RR'),1,'4028d881436d514601436d5215ac0043');
Insert into T_S_LOG (ID,BROSWER,LOGLEVEL,OPERATETIME,OPERATETYPE,USERID) values ('402880f258fb402b0158fb4076800000','Chrome',1,to_date('14-12月-16','DD-MON-RR'),1,'4028d881436d514601436d5215ac0043');
Insert into T_S_LOG (ID,BROSWER,LOGLEVEL,OPERATETIME,OPERATETYPE,USERID) values ('402880f258fb402b0158fb40a0b90001','Chrome',5,to_date('14-12月-16','DD-MON-RR'),1,'4028d881436d514601436d5215ac0043');
Insert into T_S_LOG (ID,BROSWER,LOGLEVEL,OPERATETIME,OPERATETYPE,USERID) values ('402880f258fb402b0158fb40b0870002','Chrome',5,to_date('14-12月-16','DD-MON-RR'),1,'4028d881436d514601436d5215ac0043');
Insert into T_S_LOG (ID,BROSWER,LOGLEVEL,OPERATETIME,OPERATETYPE,USERID) values ('402880f2590125720159012603180000','Chrome',1,to_date('15-12月-16','DD-MON-RR'),1,'4028d881436d514601436d5215ac0043');
Insert into T_S_LOG (ID,BROSWER,LOGLEVEL,OPERATETIME,OPERATETYPE,USERID) values ('402880f25906090d01590609698a0000','Chrome',1,to_date('16-12月-16','DD-MON-RR'),1,'4028d881436d514601436d5215ac0043');
Insert into T_S_LOG (ID,BROSWER,LOGLEVEL,OPERATETIME,OPERATETYPE,USERID) values ('402880f25906090d0159060c3a060001','Chrome',5,to_date('16-12月-16','DD-MON-RR'),1,'4028d881436d514601436d5215ac0043');
Insert into T_S_LOG (ID,BROSWER,LOGLEVEL,OPERATETIME,OPERATETYPE,USERID) values ('402880f25906090d0159060dd39e0002','Chrome',5,to_date('16-12月-16','DD-MON-RR'),1,'4028d881436d514601436d5215ac0043');
Insert into T_S_LOG (ID,BROSWER,LOGLEVEL,OPERATETIME,OPERATETYPE,USERID) values ('402880f25906090d0159060df4090003','Chrome',2,to_date('16-12月-16','DD-MON-RR'),1,'4028d881436d514601436d5215ac0043');
Insert into T_S_LOG (ID,BROSWER,LOGLEVEL,OPERATETIME,OPERATETYPE,USERID) values ('402880f25906090d0159060e18490004','Chrome',1,to_date('16-12月-16','DD-MON-RR'),1,'4028d881436d514601436d5215ac0043');
Insert into T_S_LOG (ID,BROSWER,LOGLEVEL,OPERATETIME,OPERATETYPE,USERID) values ('402880f25906090d0159060eb4a60005','Chrome',2,to_date('16-12月-16','DD-MON-RR'),1,'4028d881436d514601436d5215ac0043');
Insert into T_S_LOG (ID,BROSWER,LOGLEVEL,OPERATETIME,OPERATETYPE,USERID) values ('402880f25906090d0159060ee0230006','Chrome',1,to_date('16-12月-16','DD-MON-RR'),1,'4028d881436d514601436d5215ac0043');
Insert into T_S_LOG (ID,BROSWER,LOGLEVEL,OPERATETIME,OPERATETYPE,USERID) values ('402880f25906090d0159060f4cd50007','Chrome',2,to_date('16-12月-16','DD-MON-RR'),1,'4028d881436d514601436d5215ac0043');
Insert into T_S_LOG (ID,BROSWER,LOGLEVEL,OPERATETIME,OPERATETYPE,USERID) values ('402880f25906090d0159060f64ff0008','Chrome',1,to_date('16-12月-16','DD-MON-RR'),1,'4028d881436d514601436d5215ac0043');
Insert into T_S_LOG (ID,BROSWER,LOGLEVEL,OPERATETIME,OPERATETYPE,USERID) values ('402880f25906117601590611f03d0000','Chrome',1,to_date('16-12月-16','DD-MON-RR'),1,'4028d881436d514601436d5215ac0043');
Insert into T_S_LOG (ID,BROSWER,LOGLEVEL,OPERATETIME,OPERATETYPE,USERID) values ('402880f25906117601590612666e0001','Chrome',2,to_date('16-12月-16','DD-MON-RR'),1,'4028d881436d514601436d5215ac0043');
Insert into T_S_LOG (ID,BROSWER,LOGLEVEL,OPERATETIME,OPERATETYPE,USERID) values ('402880f2590611760159061282380002','Chrome',1,to_date('16-12月-16','DD-MON-RR'),1,'4028d881436d514601436d5215ac0043');
Insert into T_S_LOG (ID,BROSWER,LOGLEVEL,OPERATETIME,OPERATETYPE,USERID) values ('402880f259061176015906132f680003','Chrome',2,to_date('16-12月-16','DD-MON-RR'),1,'4028d881436d514601436d5215ac0043');
Insert into T_S_LOG (ID,BROSWER,LOGLEVEL,OPERATETIME,OPERATETYPE,USERID) values ('402880f259061176015906134ff30004','Chrome',1,to_date('16-12月-16','DD-MON-RR'),1,'4028d881436d514601436d5215ac0043');
Insert into T_S_LOG (ID,BROSWER,LOGLEVEL,OPERATETIME,OPERATETYPE,USERID) values ('402880f259061176015906142e5d0006','Chrome',3,to_date('16-12月-16','DD-MON-RR'),1,'4028d881436d514601436d5215ac0043');
Insert into T_S_LOG (ID,BROSWER,LOGLEVEL,OPERATETIME,OPERATETYPE,USERID) values ('402880f2590611760159061464550007','Chrome',4,to_date('16-12月-16','DD-MON-RR'),1,'4028d881436d514601436d5215ac0043');
Insert into T_S_LOG (ID,BROSWER,LOGLEVEL,OPERATETIME,OPERATETYPE,USERID) values ('402880f25906117601590614911b0008','Chrome',5,to_date('16-12月-16','DD-MON-RR'),1,'4028d881436d514601436d5215ac0043');
Insert into T_S_LOG (ID,BROSWER,LOGLEVEL,OPERATETIME,OPERATETYPE,USERID) values ('402880f25906117601590614af4a0009','Chrome',5,to_date('16-12月-16','DD-MON-RR'),1,'4028d881436d514601436d5215ac0043');
Insert into T_S_LOG (ID,BROSWER,LOGLEVEL,OPERATETIME,OPERATETYPE,USERID) values ('4028ef8156b0d8e00156b0db2715000f','Chrome',5,to_date('22-8月 -16','DD-MON-RR'),1,'4028d881436d514601436d5215ac0043');
Insert into T_S_LOG (ID,BROSWER,LOGLEVEL,OPERATETIME,OPERATETYPE,USERID) values ('4028ef8156b0d8e00156b0db3c270010','Chrome',5,to_date('22-8月 -16','DD-MON-RR'),1,'4028d881436d514601436d5215ac0043');
Insert into T_S_LOG (ID,BROSWER,LOGLEVEL,OPERATETIME,OPERATETYPE,USERID) values ('4028ef8156b0d8e00156b0db4fd00011','Chrome',5,to_date('22-8月 -16','DD-MON-RR'),1,'4028d881436d514601436d5215ac0043');
Insert into T_S_LOG (ID,BROSWER,LOGLEVEL,OPERATETIME,OPERATETYPE,USERID) values ('4028ef8156b0d8e00156b0db62400012','Chrome',5,to_date('22-8月 -16','DD-MON-RR'),1,'4028d881436d514601436d5215ac0043');
Insert into T_S_LOG (ID,BROSWER,LOGLEVEL,OPERATETIME,OPERATETYPE,USERID) values ('4028ef8156b0d8e00156b0db79920013','Chrome',5,to_date('22-8月 -16','DD-MON-RR'),1,'4028d881436d514601436d5215ac0043');
Insert into T_S_LOG (ID,BROSWER,LOGLEVEL,OPERATETIME,OPERATETYPE,USERID) values ('4028ef8156b0d8e00156b0db83760014','Chrome',2,to_date('22-8月 -16','DD-MON-RR'),1,'4028d881436d514601436d5215ac0043');
Insert into T_S_LOG (ID,BROSWER,LOGLEVEL,OPERATETIME,OPERATETYPE,USERID) values ('4028ef8156b0d8e00156b0db9fed0015','Chrome',1,to_date('22-8月 -16','DD-MON-RR'),1,'4028d881436d514601436d5215ac0043');
Insert into T_S_LOG (ID,BROSWER,LOGLEVEL,OPERATETIME,OPERATETYPE,USERID) values ('4028ef8156b0d8e00156b0dc504c0016','Chrome',5,to_date('22-8月 -16','DD-MON-RR'),1,'4028d881436d514601436d5215ac0043');
Insert into T_S_LOG (ID,BROSWER,LOGLEVEL,OPERATETIME,OPERATETYPE,USERID) values ('4028ef8156b0d8e00156b0dc746a0017','Chrome',5,to_date('22-8月 -16','DD-MON-RR'),1,'4028d881436d514601436d5215ac0043');
Insert into T_S_LOG (ID,BROSWER,LOGLEVEL,OPERATETIME,OPERATETYPE,USERID) values ('4028ef8156b0d8e00156b0dc892d0018','Chrome',5,to_date('22-8月 -16','DD-MON-RR'),1,'4028d881436d514601436d5215ac0043');
Insert into T_S_LOG (ID,BROSWER,LOGLEVEL,OPERATETIME,OPERATETYPE,USERID) values ('4028ef8156b0d8e00156b0dcaf760019','Chrome',5,to_date('22-8月 -16','DD-MON-RR'),1,'4028d881436d514601436d5215ac0043');
Insert into T_S_LOG (ID,BROSWER,LOGLEVEL,OPERATETIME,OPERATETYPE,USERID) values ('4028ef8156b0d8e00156b0dce3ed0021','Chrome',2,to_date('22-8月 -16','DD-MON-RR'),1,'4028d881436d514601436d5215ac0043');
Insert into T_S_LOG (ID,BROSWER,LOGLEVEL,OPERATETIME,OPERATETYPE,USERID) values ('4028ef8156b0d8e00156b0dd05a40022','Chrome',1,to_date('22-8月 -16','DD-MON-RR'),1,'4028d881436d514601436d5215ac0043');
Insert into T_S_LOG (ID,BROSWER,LOGLEVEL,OPERATETIME,OPERATETYPE,USERID) values ('4028ef8156b0d8e00156b0fb9e100023','Chrome',4,to_date('22-8月 -16','DD-MON-RR'),1,'4028d881436d514601436d5215ac0043');
Insert into T_S_LOG (ID,BROSWER,LOGLEVEL,OPERATETIME,OPERATETYPE,USERID) values ('4028ef8156b0d8e00156b0fbe9970024','Chrome',2,to_date('22-8月 -16','DD-MON-RR'),1,'4028d881436d514601436d5215ac0043');
Insert into T_S_LOG (ID,BROSWER,LOGLEVEL,OPERATETIME,OPERATETYPE,USERID) values ('4028ef8156b0d8e00156b0fc108a0025','Chrome',1,to_date('22-8月 -16','DD-MON-RR'),1,'4028d881436d514601436d5215ac0043');
Insert into T_S_LOG (ID,BROSWER,LOGLEVEL,OPERATETIME,OPERATETYPE,USERID) values ('4028ef8156b0d8e00156b1002b2b0027','Chrome',3,to_date('22-8月 -16','DD-MON-RR'),1,'4028d881436d514601436d5215ac0043');
Insert into T_S_LOG (ID,BROSWER,LOGLEVEL,OPERATETIME,OPERATETYPE,USERID) values ('4028ef8156b0d8e00156b10066af0028','Chrome',5,to_date('22-8月 -16','DD-MON-RR'),1,'4028d881436d514601436d5215ac0043');
Insert into T_S_LOG (ID,BROSWER,LOGLEVEL,OPERATETIME,OPERATETYPE,USERID) values ('4028ef8156b0d8e00156b100960e0029','Chrome',4,to_date('22-8月 -16','DD-MON-RR'),1,'4028d881436d514601436d5215ac0043');
Insert into T_S_LOG (ID,BROSWER,LOGLEVEL,OPERATETIME,OPERATETYPE,USERID) values ('4028ef8156b0d8e00156b10119f0002a','Chrome',5,to_date('22-8月 -16','DD-MON-RR'),1,'4028d881436d514601436d5215ac0043');
Insert into T_S_LOG (ID,BROSWER,LOGLEVEL,OPERATETIME,OPERATETYPE,USERID) values ('4028ef8156b0d8e00156b101fa24002b','Chrome',5,to_date('22-8月 -16','DD-MON-RR'),1,'4028d881436d514601436d5215ac0043');
Insert into T_S_LOG (ID,BROSWER,LOGLEVEL,OPERATETIME,OPERATETYPE,USERID) values ('4028ef8156b0d8e00156b1020d94002c','Chrome',5,to_date('22-8月 -16','DD-MON-RR'),1,'4028d881436d514601436d5215ac0043');
Insert into T_S_LOG (ID,BROSWER,LOGLEVEL,OPERATETIME,OPERATETYPE,USERID) values ('4028ef8156b0d8e00156b10338d5002d','Chrome',5,to_date('22-8月 -16','DD-MON-RR'),1,'4028d881436d514601436d5215ac0043');
Insert into T_S_LOG (ID,BROSWER,LOGLEVEL,OPERATETIME,OPERATETYPE,USERID) values ('4028ef8156b12ab90156b12f9cab0000','Chrome',1,to_date('22-8月 -16','DD-MON-RR'),1,'4028d881436d514601436d5215ac0043');
Insert into T_S_LOG (ID,BROSWER,LOGLEVEL,OPERATETIME,OPERATETYPE,USERID) values ('4028ef8156b12ab90156b1332a480001','Chrome',2,to_date('22-8月 -16','DD-MON-RR'),1,'4028d881436d514601436d5215ac0043');
Insert into T_S_LOG (ID,BROSWER,LOGLEVEL,OPERATETIME,OPERATETYPE,USERID) values ('4028ef8156b12ab90156b13521d90002','Chrome',1,to_date('22-8月 -16','DD-MON-RR'),1,'4028d881436d514601436d5215ac0043');
Insert into T_S_LOG (ID,BROSWER,LOGLEVEL,OPERATETIME,OPERATETYPE,USERID) values ('4028ef8156b143e40156b1446e0c0000','Chrome',1,to_date('22-8月 -16','DD-MON-RR'),1,'4028d881436d514601436d5215ac0043');
Insert into T_S_LOG (ID,BROSWER,LOGLEVEL,OPERATETIME,OPERATETYPE,USERID) values ('4028ef8153a207100153a22978960001','Chrome',1,to_date('23-3月 -16','DD-MON-RR'),1,'4028d881436d514601436d5215ac0043');
Insert into T_S_LOG (ID,BROSWER,LOGLEVEL,OPERATETIME,OPERATETYPE,USERID) values ('4028ef8153a253ef0153a254a10e0000','Chrome',1,to_date('23-3月 -16','DD-MON-RR'),1,'4028d881436d514601436d5215ac0043');
Insert into T_S_LOG (ID,BROSWER,LOGLEVEL,OPERATETIME,OPERATETYPE,USERID) values ('4028ef8153ad63b70153ad642e540000','Chrome',1,to_date('25-3月 -16','DD-MON-RR'),1,'4028d881436d514601436d5215ac0043');
Insert into T_S_LOG (ID,BROSWER,LOGLEVEL,OPERATETIME,OPERATETYPE,USERID) values ('4028ef8153c7ae960153c7af88270000','Chrome',1,to_date('30-3月 -16','DD-MON-RR'),1,'4028d881436d514601436d5215ac0043');
Insert into T_S_LOG (ID,BROSWER,LOGLEVEL,OPERATETIME,OPERATETYPE,USERID) values ('4028ef8153c7ae960153c7b06e880001','Chrome',5,to_date('30-3月 -16','DD-MON-RR'),1,'4028d881436d514601436d5215ac0043');
Insert into T_S_LOG (ID,BROSWER,LOGLEVEL,OPERATETIME,OPERATETYPE,USERID) values ('4028b8815ada3bdd015ada3ded930000','Chrome',1,to_date('17-3月 -17','DD-MON-RR'),1,'4028d881436d514601436d5215ac0043');
Insert into T_S_LOG (ID,BROSWER,LOGLEVEL,OPERATETIME,OPERATETYPE,USERID) values ('4028b8815adacba1015adacc28040000','Chrome',1,to_date('17-3月 -17','DD-MON-RR'),1,'4028d881436d514601436d5215ac0043');
Insert into T_S_LOG (ID,BROSWER,LOGLEVEL,OPERATETIME,OPERATETYPE,USERID) values ('4028b8815adb6308015adb638fb10000','Chrome',1,to_date('17-3月 -17','DD-MON-RR'),1,'4028d881436d514601436d5215ac0043');
Insert into T_S_LOG (ID,BROSWER,LOGLEVEL,OPERATETIME,OPERATETYPE,USERID) values ('4028b8815adb9a01015adb9ac8c90000','Chrome',1,to_date('17-3月 -17','DD-MON-RR'),1,'4028d881436d514601436d5215ac0043');
Insert into T_S_LOG (ID,BROSWER,LOGLEVEL,OPERATETIME,OPERATETYPE,USERID) values ('4028b8815adbd200015adbd23e830000','Chrome',1,to_date('17-3月 -17','DD-MON-RR'),1,'4028d881436d514601436d5215ac0043');
Insert into T_S_LOG (ID,BROSWER,LOGLEVEL,OPERATETIME,OPERATETYPE,USERID) values ('4028b8815aeaccc6015aeacd44d60000','Chrome',1,to_date('20-3月 -17','DD-MON-RR'),1,'4028d881436d514601436d5215ac0043');
Insert into T_S_LOG (ID,BROSWER,LOGLEVEL,OPERATETIME,OPERATETYPE,USERID) values ('4028b8815aeaccc6015aeace88860003','Chrome',3,to_date('20-3月 -17','DD-MON-RR'),1,'4028d881436d514601436d5215ac0043');
Insert into T_S_LOG (ID,BROSWER,LOGLEVEL,OPERATETIME,OPERATETYPE,USERID) values ('4028b8815aeaccc6015aeacf2ba40004','Chrome',2,to_date('20-3月 -17','DD-MON-RR'),1,'4028d881436d514601436d5215ac0043');
Insert into T_S_LOG (ID,BROSWER,LOGLEVEL,OPERATETIME,OPERATETYPE,USERID) values ('4028b8815aeaccc6015aeacf67800005','Chrome',1,to_date('20-3月 -17','DD-MON-RR'),1,'4028b8815aeaccc6015aeace884c0001');
Insert into T_S_LOG (ID,BROSWER,LOGLEVEL,OPERATETIME,OPERATETYPE,USERID) values ('4028b8815aeaccc6015aead568af0006','Chrome',1,to_date('20-3月 -17','DD-MON-RR'),1,'4028d881436d514601436d5215ac0043');
Insert into T_S_LOG (ID,BROSWER,LOGLEVEL,OPERATETIME,OPERATETYPE,USERID) values ('4028b8815aeaccc6015aead6a1630007','Chrome',2,to_date('20-3月 -17','DD-MON-RR'),1,'4028d881436d514601436d5215ac0043');
Insert into T_S_LOG (ID,BROSWER,LOGLEVEL,OPERATETIME,OPERATETYPE,USERID) values ('4028b8815aeaccc6015aead6dcb70008','Chrome',1,to_date('20-3月 -17','DD-MON-RR'),1,'4028b8815aeaccc6015aeace884c0001');
Insert into T_S_LOG (ID,BROSWER,LOGLEVEL,OPERATETIME,OPERATETYPE,USERID) values ('4028b8815aeaccc6015aeadcc943000a','Chrome',3,to_date('20-3月 -17','DD-MON-RR'),1,'4028b8815aeaccc6015aeace884c0001');
Insert into T_S_LOG (ID,BROSWER,LOGLEVEL,OPERATETIME,OPERATETYPE,USERID) values ('402890a85aeadd16015aeadd985e0000','MSIE 9.0',1,to_date('20-3月 -17','DD-MON-RR'),1,'4028d881436d514601436d5215ac0043');
Insert into T_S_LOG (ID,BROSWER,LOGLEVEL,OPERATETIME,OPERATETYPE,USERID) values ('402890a85aeadd16015aeade9f6b0001','MSIE 9.0',2,to_date('20-3月 -17','DD-MON-RR'),1,'4028d881436d514601436d5215ac0043');
Insert into T_S_LOG (ID,BROSWER,LOGLEVEL,OPERATETIME,OPERATETYPE,USERID) values ('4028b8815aeaf985015aeafa16920000','Chrome',1,to_date('20-3月 -17','DD-MON-RR'),1,'4028b8815aeaccc6015aeace884c0001');
Insert into T_S_LOG (ID,BROSWER,LOGLEVEL,OPERATETIME,OPERATETYPE,USERID) values ('4028b8815af3e079015af3e1ed2d0000','Chrome',1,to_date('22-3月 -17','DD-MON-RR'),1,'4028d881436d514601436d5215ac0043');
Insert into T_S_LOG (ID,BROSWER,LOGLEVEL,OPERATETIME,OPERATETYPE,USERID) values ('4028b8815af3e079015af3e656440001','rv:11.0',1,to_date('22-3月 -17','DD-MON-RR'),1,'4028d881436d514601436d5215ac0043');
Insert into T_S_LOG (ID,BROSWER,LOGLEVEL,OPERATETIME,OPERATETYPE,USERID) values ('4028b8815af3fc60015af3fc75ff0000','Chrome',1,to_date('22-3月 -17','DD-MON-RR'),1,'4028d881436d514601436d5215ac0043');
Insert into T_S_LOG (ID,BROSWER,LOGLEVEL,OPERATETIME,OPERATETYPE,USERID) values ('4028b8815af3fc60015af41434cf0001','Chrome',2,to_date('22-3月 -17','DD-MON-RR'),1,'4028d881436d514601436d5215ac0043');
Insert into T_S_LOG (ID,BROSWER,LOGLEVEL,OPERATETIME,OPERATETYPE,USERID) values ('4028b8815af3fc60015af414525a0002','Chrome',1,to_date('22-3月 -17','DD-MON-RR'),1,'4028d881436d514601436d5215ac0043');
Insert into T_S_LOG (ID,BROSWER,LOGLEVEL,OPERATETIME,OPERATETYPE,USERID) values ('4028b8815af3fc60015af4c6efed0003','Chrome',1,to_date('22-3月 -17','DD-MON-RR'),1,'4028d881436d514601436d5215ac0043');
Insert into T_S_LOG (ID,BROSWER,LOGLEVEL,OPERATETIME,OPERATETYPE,USERID) values ('4028ef8153c7ae960153c7b09c900002','Chrome',5,to_date('30-3月 -16','DD-MON-RR'),1,'4028d881436d514601436d5215ac0043');
Insert into T_S_LOG (ID,BROSWER,LOGLEVEL,OPERATETIME,OPERATETYPE,USERID) values ('4028ef8153eb2aba0153eb2b6eff0000','Chrome',1,to_date('06-4月 -16','DD-MON-RR'),1,'4028d881436d514601436d5215ac0043');
Insert into T_S_LOG (ID,BROSWER,LOGLEVEL,OPERATETIME,OPERATETYPE,USERID) values ('4028ef8153eb35cb0153eb3637c10000','Chrome',1,to_date('06-4月 -16','DD-MON-RR'),1,'4028d881436d514601436d5215ac0043');
Insert into T_S_LOG (ID,BROSWER,LOGLEVEL,OPERATETIME,OPERATETYPE,USERID) values ('4028ef8153eb38710153eb390b4b0000','Chrome',1,to_date('06-4月 -16','DD-MON-RR'),1,'4028d881436d514601436d5215ac0043');
Insert into T_S_LOG (ID,BROSWER,LOGLEVEL,OPERATETIME,OPERATETYPE,USERID) values ('4028ef8153eb3c530153eb3cc8190000','Chrome',1,to_date('06-4月 -16','DD-MON-RR'),1,'4028d881436d514601436d5215ac0043');
Insert into T_S_LOG (ID,BROSWER,LOGLEVEL,OPERATETIME,OPERATETYPE,USERID) values ('4028ef8153f0672f0153f06794ad0000','Chrome',1,to_date('07-4月 -16','DD-MON-RR'),1,'4028d881436d514601436d5215ac0043');
Insert into T_S_LOG (ID,BROSWER,LOGLEVEL,OPERATETIME,OPERATETYPE,USERID) values ('4028ef8153f0672f0153f0749fd50001','Chrome',1,to_date('07-4月 -16','DD-MON-RR'),1,'4028d881436d514601436d5215ac0043');
Insert into T_S_LOG (ID,BROSWER,LOGLEVEL,OPERATETIME,OPERATETYPE,USERID) values ('4028ef8153f4151f0153f4158e620000','Chrome',1,to_date('08-4月 -16','DD-MON-RR'),1,'4028d881436d514601436d5215ac0043');
Insert into T_S_LOG (ID,BROSWER,LOGLEVEL,OPERATETIME,OPERATETYPE,USERID) values ('4028ef8153f4151f0153f41625430001','Chrome',2,to_date('08-4月 -16','DD-MON-RR'),1,'4028d881436d514601436d5215ac0043');
Insert into T_S_LOG (ID,BROSWER,LOGLEVEL,OPERATETIME,OPERATETYPE,USERID) values ('4028ef8153f4151f0153f416406e0002','Chrome',1,to_date('08-4月 -16','DD-MON-RR'),1,'4028d881436d514601436d5215ac0043');
Insert into T_S_LOG (ID,BROSWER,LOGLEVEL,OPERATETIME,OPERATETYPE,USERID) values ('4028ef8153f4151f0153f4181bbc0003','Chrome',2,to_date('08-4月 -16','DD-MON-RR'),1,'4028d881436d514601436d5215ac0043');
Insert into T_S_LOG (ID,BROSWER,LOGLEVEL,OPERATETIME,OPERATETYPE,USERID) values ('4028ef8153f4151f0153f41866200004','Chrome',1,to_date('08-4月 -16','DD-MON-RR'),1,'4028d881436d514601436d5215ac0043');
Insert into T_S_LOG (ID,BROSWER,LOGLEVEL,OPERATETIME,OPERATETYPE,USERID) values ('4028ef8153f4151f0153f41879000005','Chrome',2,to_date('08-4月 -16','DD-MON-RR'),1,'4028d881436d514601436d5215ac0043');
Insert into T_S_LOG (ID,BROSWER,LOGLEVEL,OPERATETIME,OPERATETYPE,USERID) values ('4028ef8153f4151f0153f418a12a0006','Chrome',1,to_date('08-4月 -16','DD-MON-RR'),1,'4028d881436d514601436d5215ac0043');
Insert into T_S_LOG (ID,BROSWER,LOGLEVEL,OPERATETIME,OPERATETYPE,USERID) values ('4028ef8153f4151f0153f418b0650007','Chrome',2,to_date('08-4月 -16','DD-MON-RR'),1,'4028d881436d514601436d5215ac0043');
Insert into T_S_LOG (ID,BROSWER,LOGLEVEL,OPERATETIME,OPERATETYPE,USERID) values ('4028ef8153f4151f0153f4196e6e0008','Chrome',1,to_date('08-4月 -16','DD-MON-RR'),1,'4028d881436d514601436d5215ac0043');
Insert into T_S_LOG (ID,BROSWER,LOGLEVEL,OPERATETIME,OPERATETYPE,USERID) values ('4028ef8153f4151f0153f421fd9d0009','Chrome',2,to_date('08-4月 -16','DD-MON-RR'),1,'4028d881436d514601436d5215ac0043');
Insert into T_S_LOG (ID,BROSWER,LOGLEVEL,OPERATETIME,OPERATETYPE,USERID) values ('4028ef8153f4151f0153f42350c8000a','Chrome',1,to_date('08-4月 -16','DD-MON-RR'),1,'4028d881436d514601436d5215ac0043');
Insert into T_S_LOG (ID,BROSWER,LOGLEVEL,OPERATETIME,OPERATETYPE,USERID) values ('4028ef8153f4151f0153f423b252000c','Chrome',5,to_date('08-4月 -16','DD-MON-RR'),1,'4028d881436d514601436d5215ac0043');
Insert into T_S_LOG (ID,BROSWER,LOGLEVEL,OPERATETIME,OPERATETYPE,USERID) values ('4028ef8153f4151f0153f423bac3000d','Chrome',2,to_date('08-4月 -16','DD-MON-RR'),1,'4028d881436d514601436d5215ac0043');
Insert into T_S_LOG (ID,BROSWER,LOGLEVEL,OPERATETIME,OPERATETYPE,USERID) values ('4028ef8153f4151f0153f423ef08000e','Chrome',1,to_date('08-4月 -16','DD-MON-RR'),1,'4028d881436d514601436d5215ac0043');
Insert into T_S_LOG (ID,BROSWER,LOGLEVEL,OPERATETIME,OPERATETYPE,USERID) values ('4028ef8153f4151f0153f42e0dc2000f','Chrome',2,to_date('08-4月 -16','DD-MON-RR'),1,'4028d881436d514601436d5215ac0043');
Insert into T_S_LOG (ID,BROSWER,LOGLEVEL,OPERATETIME,OPERATETYPE,USERID) values ('4028ef815408341701540834a6440000','Chrome',1,to_date('12-4月 -16','DD-MON-RR'),1,'4028d881436d514601436d5215ac0043');
Insert into T_S_LOG (ID,BROSWER,LOGLEVEL,OPERATETIME,OPERATETYPE,USERID) values ('4028ef81540834170154083bd5020003','Chrome',2,to_date('12-4月 -16','DD-MON-RR'),1,'4028d881436d514601436d5215ac0043');
Insert into T_S_LOG (ID,BROSWER,LOGLEVEL,OPERATETIME,OPERATETYPE,USERID) values ('4028ef815408341701540847bd430004','Chrome',1,to_date('12-4月 -16','DD-MON-RR'),1,'4028d881436d514601436d5215ac0043');
Insert into T_S_LOG (ID,BROSWER,LOGLEVEL,OPERATETIME,OPERATETYPE,USERID) values ('4028ef81545764900154576557df0000','Chrome',1,to_date('27-4月 -16','DD-MON-RR'),1,'4028d881436d514601436d5215ac0043');
Insert into T_S_LOG (ID,BROSWER,LOGLEVEL,OPERATETIME,OPERATETYPE,USERID) values ('4028ef8156b060180156b0609e950000','Chrome',1,to_date('22-8月 -16','DD-MON-RR'),1,'4028d881436d514601436d5215ac0043');
Insert into T_S_LOG (ID,BROSWER,LOGLEVEL,OPERATETIME,OPERATETYPE,USERID) values ('4028ef8156b060180156b060a6170001','Chrome',1,to_date('22-8月 -16','DD-MON-RR'),1,'4028d881436d514601436d5215ac0043');
Insert into T_S_LOG (ID,BROSWER,LOGLEVEL,OPERATETIME,OPERATETYPE,USERID) values ('4028ef8156b061e10156b063ccdd0000','Chrome',1,to_date('22-8月 -16','DD-MON-RR'),1,'4028d881436d514601436d5215ac0043');
Insert into T_S_LOG (ID,BROSWER,LOGLEVEL,OPERATETIME,OPERATETYPE,USERID) values ('4028ef8156b061e10156b0648cc50001','Chrome',2,to_date('22-8月 -16','DD-MON-RR'),1,'4028d881436d514601436d5215ac0043');
Insert into T_S_LOG (ID,BROSWER,LOGLEVEL,OPERATETIME,OPERATETYPE,USERID) values ('4028ef8156b061e10156b065df370002','Chrome',1,to_date('22-8月 -16','DD-MON-RR'),1,'4028d881436d514601436d5215ac0043');
Insert into T_S_LOG (ID,BROSWER,LOGLEVEL,OPERATETIME,OPERATETYPE,USERID) values ('4028ef8156b061e10156b06717670003','Chrome',5,to_date('22-8月 -16','DD-MON-RR'),1,'4028d881436d514601436d5215ac0043');
Insert into T_S_LOG (ID,BROSWER,LOGLEVEL,OPERATETIME,OPERATETYPE,USERID) values ('4028ef8156b061e10156b0673c9f0004','Chrome',5,to_date('22-8月 -16','DD-MON-RR'),1,'4028d881436d514601436d5215ac0043');
Insert into T_S_LOG (ID,BROSWER,LOGLEVEL,OPERATETIME,OPERATETYPE,USERID) values ('4028ef8156b061e10156b067751a0005','Chrome',5,to_date('22-8月 -16','DD-MON-RR'),1,'4028d881436d514601436d5215ac0043');
Insert into T_S_LOG (ID,BROSWER,LOGLEVEL,OPERATETIME,OPERATETYPE,USERID) values ('4028ef8156b061e10156b067954f0006','Chrome',5,to_date('22-8月 -16','DD-MON-RR'),1,'4028d881436d514601436d5215ac0043');
Insert into T_S_LOG (ID,BROSWER,LOGLEVEL,OPERATETIME,OPERATETYPE,USERID) values ('4028ef8156b061e10156b067b2c50007','Chrome',5,to_date('22-8月 -16','DD-MON-RR'),1,'4028d881436d514601436d5215ac0043');
Insert into T_S_LOG (ID,BROSWER,LOGLEVEL,OPERATETIME,OPERATETYPE,USERID) values ('4028ef8156b061e10156b067bed30008','Chrome',4,to_date('22-8月 -16','DD-MON-RR'),1,'4028d881436d514601436d5215ac0043');
Insert into T_S_LOG (ID,BROSWER,LOGLEVEL,OPERATETIME,OPERATETYPE,USERID) values ('4028ef8156b061e10156b067cb110009','Chrome',2,to_date('22-8月 -16','DD-MON-RR'),1,'4028d881436d514601436d5215ac0043');
Insert into T_S_LOG (ID,BROSWER,LOGLEVEL,OPERATETIME,OPERATETYPE,USERID) values ('4028ef8156b061e10156b067ed3d000a','Chrome',1,to_date('22-8月 -16','DD-MON-RR'),1,'4028d881436d514601436d5215ac0043');
Insert into T_S_LOG (ID,BROSWER,LOGLEVEL,OPERATETIME,OPERATETYPE,USERID) values ('4028ef8156b061e10156b06a939e000b','Chrome',2,to_date('22-8月 -16','DD-MON-RR'),1,'4028d881436d514601436d5215ac0043');
Insert into T_S_LOG (ID,BROSWER,LOGLEVEL,OPERATETIME,OPERATETYPE,USERID) values ('4028ef8156b061e10156b06ac77b000c','Chrome',1,to_date('22-8月 -16','DD-MON-RR'),1,'4028d881436d514601436d5215ac0043');
Insert into T_S_LOG (ID,BROSWER,LOGLEVEL,OPERATETIME,OPERATETYPE,USERID) values ('4028ef8156b07fa50156b08059c00000','Chrome',1,to_date('22-8月 -16','DD-MON-RR'),1,'4028d881436d514601436d5215ac0043');
Insert into T_S_LOG (ID,BROSWER,LOGLEVEL,OPERATETIME,OPERATETYPE,USERID) values ('4028ef8156b07fa50156b081371a0001','Chrome',5,to_date('22-8月 -16','DD-MON-RR'),1,'4028d881436d514601436d5215ac0043');
Insert into T_S_LOG (ID,BROSWER,LOGLEVEL,OPERATETIME,OPERATETYPE,USERID) values ('4028ef8156b07fa50156b082369b0003','Chrome',3,to_date('22-8月 -16','DD-MON-RR'),1,'4028d881436d514601436d5215ac0043');
Insert into T_S_LOG (ID,BROSWER,LOGLEVEL,OPERATETIME,OPERATETYPE,USERID) values ('4028ef8156b07fa50156b082744a0004','Chrome',4,to_date('22-8月 -16','DD-MON-RR'),1,'4028d881436d514601436d5215ac0043');
Insert into T_S_LOG (ID,BROSWER,LOGLEVEL,OPERATETIME,OPERATETYPE,USERID) values ('4028ef8156b07fa50156b082a1660006','Chrome',3,to_date('22-8月 -16','DD-MON-RR'),1,'4028d881436d514601436d5215ac0043');
Insert into T_S_LOG (ID,BROSWER,LOGLEVEL,OPERATETIME,OPERATETYPE,USERID) values ('4028ef8156b07fa50156b082d9850008','Chrome',3,to_date('22-8月 -16','DD-MON-RR'),1,'4028d881436d514601436d5215ac0043');
Insert into T_S_LOG (ID,BROSWER,LOGLEVEL,OPERATETIME,OPERATETYPE,USERID) values ('4028ef8156b07fa50156b083173f000a','Chrome',3,to_date('22-8月 -16','DD-MON-RR'),1,'4028d881436d514601436d5215ac0043');
Insert into T_S_LOG (ID,BROSWER,LOGLEVEL,OPERATETIME,OPERATETYPE,USERID) values ('4028ef8156b07fa50156b0833f00000e','Chrome',2,to_date('22-8月 -16','DD-MON-RR'),1,'4028d881436d514601436d5215ac0043');
Insert into T_S_LOG (ID,BROSWER,LOGLEVEL,OPERATETIME,OPERATETYPE,USERID) values ('4028ef8156b07fa50156b08363e9000f','Chrome',1,to_date('22-8月 -16','DD-MON-RR'),1,'4028d881436d514601436d5215ac0043');
Insert into T_S_LOG (ID,BROSWER,LOGLEVEL,OPERATETIME,OPERATETYPE,USERID) values ('4028ef8156b099ed0156b09ab7cd0000','Chrome',1,to_date('22-8月 -16','DD-MON-RR'),1,'4028d881436d514601436d5215ac0043');
Insert into T_S_LOG (ID,BROSWER,LOGLEVEL,OPERATETIME,OPERATETYPE,USERID) values ('4028ef8156b0a0560156b0a0d8660000','Chrome',1,to_date('22-8月 -16','DD-MON-RR'),1,'4028d881436d514601436d5215ac0043');
Insert into T_S_LOG (ID,BROSWER,LOGLEVEL,OPERATETIME,OPERATETYPE,USERID) values ('4028ef8156b0bc690156b0bcc34b0000','Chrome',1,to_date('22-8月 -16','DD-MON-RR'),1,'4028d881436d514601436d5215ac0043');
Insert into T_S_LOG (ID,BROSWER,LOGLEVEL,OPERATETIME,OPERATETYPE,USERID) values ('4028ef8156b0bc690156b0be12a90001','Chrome',2,to_date('22-8月 -16','DD-MON-RR'),1,'4028d881436d514601436d5215ac0043');
Insert into T_S_LOG (ID,BROSWER,LOGLEVEL,OPERATETIME,OPERATETYPE,USERID) values ('4028ef8156b0bc690156b0beb6440002','Chrome',1,to_date('22-8月 -16','DD-MON-RR'),1,'4028d881436d514601436d5215ac0043');
Insert into T_S_LOG (ID,BROSWER,LOGLEVEL,OPERATETIME,OPERATETYPE,USERID) values ('4028ef8156b0c68f0156b0c8421c0000','Chrome',1,to_date('22-8月 -16','DD-MON-RR'),1,'4028d881436d514601436d5215ac0043');
Insert into T_S_LOG (ID,BROSWER,LOGLEVEL,OPERATETIME,OPERATETYPE,USERID) values ('4028ef8156b0c68f0156b0c88efd0002','Chrome',3,to_date('22-8月 -16','DD-MON-RR'),1,'4028d881436d514601436d5215ac0043');
Insert into T_S_LOG (ID,BROSWER,LOGLEVEL,OPERATETIME,OPERATETYPE,USERID) values ('4028ef8156b0c68f0156b0c8c10e0004','Chrome',3,to_date('22-8月 -16','DD-MON-RR'),1,'4028d881436d514601436d5215ac0043');
Insert into T_S_LOG (ID,BROSWER,LOGLEVEL,OPERATETIME,OPERATETYPE,USERID) values ('4028ef8156b0c68f0156b0c920860006','Chrome',3,to_date('22-8月 -16','DD-MON-RR'),1,'4028d881436d514601436d5215ac0043');
Insert into T_S_LOG (ID,BROSWER,LOGLEVEL,OPERATETIME,OPERATETYPE,USERID) values ('4028ef8156b0c68f0156b0c956a20008','Chrome',3,to_date('22-8月 -16','DD-MON-RR'),1,'4028d881436d514601436d5215ac0043');
Insert into T_S_LOG (ID,BROSWER,LOGLEVEL,OPERATETIME,OPERATETYPE,USERID) values ('4028ef8156b0c68f0156b0c961c90009','Chrome',2,to_date('22-8月 -16','DD-MON-RR'),1,'4028d881436d514601436d5215ac0043');
Insert into T_S_LOG (ID,BROSWER,LOGLEVEL,OPERATETIME,OPERATETYPE,USERID) values ('4028ef8156b0c68f0156b0c98582000a','Chrome',1,to_date('22-8月 -16','DD-MON-RR'),1,'4028d881436d514601436d5215ac0043');
Insert into T_S_LOG (ID,BROSWER,LOGLEVEL,OPERATETIME,OPERATETYPE,USERID) values ('4028ef8156b0c68f0156b0c9b3c3000f','Chrome',2,to_date('22-8月 -16','DD-MON-RR'),1,'4028d881436d514601436d5215ac0043');
Insert into T_S_LOG (ID,BROSWER,LOGLEVEL,OPERATETIME,OPERATETYPE,USERID) values ('4028ef8156b0c68f0156b0c9cd820010','Chrome',1,to_date('22-8月 -16','DD-MON-RR'),1,'4028d881436d514601436d5215ac0043');
Insert into T_S_LOG (ID,BROSWER,LOGLEVEL,OPERATETIME,OPERATETYPE,USERID) values ('4028ef8156b0c68f0156b0ca47ad0012','Chrome',3,to_date('22-8月 -16','DD-MON-RR'),1,'4028d881436d514601436d5215ac0043');
Insert into T_S_LOG (ID,BROSWER,LOGLEVEL,OPERATETIME,OPERATETYPE,USERID) values ('4028ef8156b0c68f0156b0ca6aa00014','Chrome',3,to_date('22-8月 -16','DD-MON-RR'),1,'4028d881436d514601436d5215ac0043');
Insert into T_S_LOG (ID,BROSWER,LOGLEVEL,OPERATETIME,OPERATETYPE,USERID) values ('4028ef8156b0c68f0156b0ca9dcf0016','Chrome',3,to_date('22-8月 -16','DD-MON-RR'),1,'4028d881436d514601436d5215ac0043');
Insert into T_S_LOG (ID,BROSWER,LOGLEVEL,OPERATETIME,OPERATETYPE,USERID) values ('4028ef8156b0c68f0156b0cadbec0018','Chrome',3,to_date('22-8月 -16','DD-MON-RR'),1,'4028d881436d514601436d5215ac0043');
Insert into T_S_LOG (ID,BROSWER,LOGLEVEL,OPERATETIME,OPERATETYPE,USERID) values ('4028ef8156b0c68f0156b0cb1db7001a','Chrome',3,to_date('22-8月 -16','DD-MON-RR'),1,'4028d881436d514601436d5215ac0043');
Insert into T_S_LOG (ID,BROSWER,LOGLEVEL,OPERATETIME,OPERATETYPE,USERID) values ('4028ef8156b0c68f0156b0cb56ac001c','Chrome',3,to_date('22-8月 -16','DD-MON-RR'),1,'4028d881436d514601436d5215ac0043');
Insert into T_S_LOG (ID,BROSWER,LOGLEVEL,OPERATETIME,OPERATETYPE,USERID) values ('4028ef8156b0c68f0156b0cbdb77001e','Chrome',3,to_date('22-8月 -16','DD-MON-RR'),1,'4028d881436d514601436d5215ac0043');
Insert into T_S_LOG (ID,BROSWER,LOGLEVEL,OPERATETIME,OPERATETYPE,USERID) values ('4028ef8156b0c68f0156b0cc0e0a0020','Chrome',3,to_date('22-8月 -16','DD-MON-RR'),1,'4028d881436d514601436d5215ac0043');
Insert into T_S_LOG (ID,BROSWER,LOGLEVEL,OPERATETIME,OPERATETYPE,USERID) values ('4028ef8156b0c68f0156b0cc5c680022','Chrome',3,to_date('22-8月 -16','DD-MON-RR'),1,'4028d881436d514601436d5215ac0043');
Insert into T_S_LOG (ID,BROSWER,LOGLEVEL,OPERATETIME,OPERATETYPE,USERID) values ('4028ef8156b0c68f0156b0ccab5e0024','Chrome',3,to_date('22-8月 -16','DD-MON-RR'),1,'4028d881436d514601436d5215ac0043');
Insert into T_S_LOG (ID,BROSWER,LOGLEVEL,OPERATETIME,OPERATETYPE,USERID) values ('4028ef8156b0c68f0156b0ccf0200026','Chrome',3,to_date('22-8月 -16','DD-MON-RR'),1,'4028d881436d514601436d5215ac0043');
Insert into T_S_LOG (ID,BROSWER,LOGLEVEL,OPERATETIME,OPERATETYPE,USERID) values ('4028ef8156b0c68f0156b0cd8b6c0027','Chrome',5,to_date('22-8月 -16','DD-MON-RR'),1,'4028d881436d514601436d5215ac0043');
Insert into T_S_LOG (ID,BROSWER,LOGLEVEL,OPERATETIME,OPERATETYPE,USERID) values ('4028ef8156b0c68f0156b0ce0ddb0033','Chrome',2,to_date('22-8月 -16','DD-MON-RR'),1,'4028d881436d514601436d5215ac0043');
Insert into T_S_LOG (ID,BROSWER,LOGLEVEL,OPERATETIME,OPERATETYPE,USERID) values ('4028ef8156b0c68f0156b0ce2c5d0034','Chrome',1,to_date('22-8月 -16','DD-MON-RR'),1,'4028d881436d514601436d5215ac0043');
Insert into T_S_LOG (ID,BROSWER,LOGLEVEL,OPERATETIME,OPERATETYPE,USERID) values ('4028ef8156b0c68f0156b0cfa2040035','Chrome',5,to_date('22-8月 -16','DD-MON-RR'),1,'4028d881436d514601436d5215ac0043');
Insert into T_S_LOG (ID,BROSWER,LOGLEVEL,OPERATETIME,OPERATETYPE,USERID) values ('4028ef8156b0c68f0156b0cfc6d60036','Chrome',5,to_date('22-8月 -16','DD-MON-RR'),1,'4028d881436d514601436d5215ac0043');
Insert into T_S_LOG (ID,BROSWER,LOGLEVEL,OPERATETIME,OPERATETYPE,USERID) values ('4028ef8156b0c68f0156b0cfdd2e0037','Chrome',5,to_date('22-8月 -16','DD-MON-RR'),1,'4028d881436d514601436d5215ac0043');
Insert into T_S_LOG (ID,BROSWER,LOGLEVEL,OPERATETIME,OPERATETYPE,USERID) values ('4028ef8156b0c68f0156b0cff3980038','Chrome',5,to_date('22-8月 -16','DD-MON-RR'),1,'4028d881436d514601436d5215ac0043');
Insert into T_S_LOG (ID,BROSWER,LOGLEVEL,OPERATETIME,OPERATETYPE,USERID) values ('4028ef8156b0c68f0156b0cffbf30039','Chrome',2,to_date('22-8月 -16','DD-MON-RR'),1,'4028d881436d514601436d5215ac0043');
Insert into T_S_LOG (ID,BROSWER,LOGLEVEL,OPERATETIME,OPERATETYPE,USERID) values ('4028ef8156b0c68f0156b0d02f2c003a','Chrome',1,to_date('22-8月 -16','DD-MON-RR'),1,'4028d881436d514601436d5215ac0043');
Insert into T_S_LOG (ID,BROSWER,LOGLEVEL,OPERATETIME,OPERATETYPE,USERID) values ('4028ef8156b0c68f0156b0d0bdb3003b','Chrome',5,to_date('22-8月 -16','DD-MON-RR'),1,'4028d881436d514601436d5215ac0043');
Insert into T_S_LOG (ID,BROSWER,LOGLEVEL,OPERATETIME,OPERATETYPE,USERID) values ('4028ef8156b0c68f0156b0d0dcc4003c','Chrome',5,to_date('22-8月 -16','DD-MON-RR'),1,'4028d881436d514601436d5215ac0043');
Insert into T_S_LOG (ID,BROSWER,LOGLEVEL,OPERATETIME,OPERATETYPE,USERID) values ('4028ef8156b0c68f0156b0d0fd59003d','Chrome',5,to_date('22-8月 -16','DD-MON-RR'),1,'4028d881436d514601436d5215ac0043');
Insert into T_S_LOG (ID,BROSWER,LOGLEVEL,OPERATETIME,OPERATETYPE,USERID) values ('4028ef8156b0c68f0156b0d1157c003e','Chrome',5,to_date('22-8月 -16','DD-MON-RR'),1,'4028d881436d514601436d5215ac0043');
Insert into T_S_LOG (ID,BROSWER,LOGLEVEL,OPERATETIME,OPERATETYPE,USERID) values ('4028ef8156b0c68f0156b0d13179003f','Chrome',5,to_date('22-8月 -16','DD-MON-RR'),1,'4028d881436d514601436d5215ac0043');
Insert into T_S_LOG (ID,BROSWER,LOGLEVEL,OPERATETIME,OPERATETYPE,USERID) values ('4028ef8156b0c68f0156b0d15ce60040','Chrome',5,to_date('22-8月 -16','DD-MON-RR'),1,'4028d881436d514601436d5215ac0043');
Insert into T_S_LOG (ID,BROSWER,LOGLEVEL,OPERATETIME,OPERATETYPE,USERID) values ('4028ef8156b0c68f0156b0d1768d0041','Chrome',5,to_date('22-8月 -16','DD-MON-RR'),1,'4028d881436d514601436d5215ac0043');
Insert into T_S_LOG (ID,BROSWER,LOGLEVEL,OPERATETIME,OPERATETYPE,USERID) values ('4028ef8156b0c68f0156b0d198bd0042','Chrome',5,to_date('22-8月 -16','DD-MON-RR'),1,'4028d881436d514601436d5215ac0043');
Insert into T_S_LOG (ID,BROSWER,LOGLEVEL,OPERATETIME,OPERATETYPE,USERID) values ('4028b8815ad5ef6c015ad5f00d790000','Chrome',1,to_date('16-3月 -17','DD-MON-RR'),1,'4028d881436d514601436d5215ac0043');
Insert into T_S_LOG (ID,BROSWER,LOGLEVEL,OPERATETIME,OPERATETYPE,USERID) values ('4028b8815ad5ef6c015ad5f077f90001','Chrome',5,to_date('16-3月 -17','DD-MON-RR'),1,'4028d881436d514601436d5215ac0043');
Insert into T_S_LOG (ID,BROSWER,LOGLEVEL,OPERATETIME,OPERATETYPE,USERID) values ('4028b8815ad5ef6c015ad5f0934b0002','Chrome',5,to_date('16-3月 -17','DD-MON-RR'),1,'4028d881436d514601436d5215ac0043');
Insert into T_S_LOG (ID,BROSWER,LOGLEVEL,OPERATETIME,OPERATETYPE,USERID) values ('4028b8815aeaf985015aeb185e730001','Chrome',5,to_date('20-3月 -17','DD-MON-RR'),1,'4028b8815aeaccc6015aeace884c0001');
Insert into T_S_LOG (ID,BROSWER,LOGLEVEL,OPERATETIME,OPERATETYPE,USERID) values ('4028b8815aeaf985015aeb21c4100007','Chrome',3,to_date('20-3月 -17','DD-MON-RR'),1,'4028b8815aeaccc6015aeace884c0001');
Insert into T_S_LOG (ID,BROSWER,LOGLEVEL,OPERATETIME,OPERATETYPE,USERID) values ('4028b8815aeaf985015aeb21e2330008','Chrome',4,to_date('20-3月 -17','DD-MON-RR'),1,'4028b8815aeaccc6015aeace884c0001');
Insert into T_S_LOG (ID,BROSWER,LOGLEVEL,OPERATETIME,OPERATETYPE,USERID) values ('4028b8815ad67738015ad677cbd30000','Chrome',1,to_date('16-3月 -17','DD-MON-RR'),1,'4028d881436d514601436d5215ac0043');
Insert into T_S_LOG (ID,BROSWER,LOGLEVEL,OPERATETIME,OPERATETYPE,USERID) values ('4028b8815ad6812f015ad6817d120000','Chrome',1,to_date('16-3月 -17','DD-MON-RR'),1,'4028d881436d514601436d5215ac0043');
Insert into T_S_LOG (ID,BROSWER,LOGLEVEL,OPERATETIME,OPERATETYPE,USERID) values ('4028b8815adae502015adae601ef0000','Chrome',1,to_date('17-3月 -17','DD-MON-RR'),1,'4028d881436d514601436d5215ac0043');
Insert into T_S_LOG (ID,BROSWER,LOGLEVEL,OPERATETIME,OPERATETYPE,USERID) values ('4028b8815adaed45015adaed9c760000','Chrome',1,to_date('17-3月 -17','DD-MON-RR'),1,'4028d881436d514601436d5215ac0043');
Insert into T_S_LOG (ID,BROSWER,LOGLEVEL,OPERATETIME,OPERATETYPE,USERID) values ('4028b8815adaed45015adaf9266b0001','Chrome',2,to_date('17-3月 -17','DD-MON-RR'),1,'4028d881436d514601436d5215ac0043');
Insert into T_S_LOG (ID,BROSWER,LOGLEVEL,OPERATETIME,OPERATETYPE,USERID) values ('4028b8815adb013d015adb05d44f0000','Chrome',1,to_date('17-3月 -17','DD-MON-RR'),1,'4028d881436d514601436d5215ac0043');
Insert into T_S_LOG (ID,BROSWER,LOGLEVEL,OPERATETIME,OPERATETYPE,USERID) values ('4028b8815adb013d015adb2957a90001','Chrome',1,to_date('17-3月 -17','DD-MON-RR'),1,'4028d881436d514601436d5215ac0043');
Insert into T_S_LOG (ID,BROSWER,LOGLEVEL,OPERATETIME,OPERATETYPE,USERID) values ('4028b8815adb30be015adb31b81a0000','Chrome',1,to_date('17-3月 -17','DD-MON-RR'),1,'4028d881436d514601436d5215ac0043');
Insert into T_S_LOG (ID,BROSWER,LOGLEVEL,OPERATETIME,OPERATETYPE,USERID) values ('4028b8815adb4ac3015adb4b5e800000','Chrome',1,to_date('17-3月 -17','DD-MON-RR'),1,'4028d881436d514601436d5215ac0043');
Insert into T_S_LOG (ID,BROSWER,LOGLEVEL,OPERATETIME,OPERATETYPE,USERID) values ('4028b8815adb4e90015adb4ed0f80000','Chrome',1,to_date('17-3月 -17','DD-MON-RR'),1,'4028d881436d514601436d5215ac0043');
Insert into T_S_LOG (ID,BROSWER,LOGLEVEL,OPERATETIME,OPERATETYPE,USERID) values ('4028b8815adb55ca015adb5623a90000','Chrome',1,to_date('17-3月 -17','DD-MON-RR'),1,'4028d881436d514601436d5215ac0043');
Insert into T_S_LOG (ID,BROSWER,LOGLEVEL,OPERATETIME,OPERATETYPE,USERID) values ('4028b8815adb64f5015adb654a590000','Chrome',1,to_date('17-3月 -17','DD-MON-RR'),1,'4028d881436d514601436d5215ac0043');
Insert into T_S_LOG (ID,BROSWER,LOGLEVEL,OPERATETIME,OPERATETYPE,USERID) values ('4028b8815adb6697015adb66e5420000','Chrome',1,to_date('17-3月 -17','DD-MON-RR'),1,'4028d881436d514601436d5215ac0043');
Insert into T_S_LOG (ID,BROSWER,LOGLEVEL,OPERATETIME,OPERATETYPE,USERID) values ('4028b8815adb7971015adb79b0970000','Chrome',1,to_date('17-3月 -17','DD-MON-RR'),1,'4028d881436d514601436d5215ac0043');
Insert into T_S_LOG (ID,BROSWER,LOGLEVEL,OPERATETIME,OPERATETYPE,USERID) values ('4028b8815adb9ef3015adb9f41f30000','Chrome',1,to_date('17-3月 -17','DD-MON-RR'),1,'4028d881436d514601436d5215ac0043');
Insert into T_S_LOG (ID,BROSWER,LOGLEVEL,OPERATETIME,OPERATETYPE,USERID) values ('4028b8815adba780015adba7da660000','Chrome',1,to_date('17-3月 -17','DD-MON-RR'),1,'4028d881436d514601436d5215ac0043');
Insert into T_S_LOG (ID,BROSWER,LOGLEVEL,OPERATETIME,OPERATETYPE,USERID) values ('4028b8815aeaf985015aeb2be15c000a','Chrome',3,to_date('20-3月 -17','DD-MON-RR'),1,'4028b8815aeaccc6015aeace884c0001');
Insert into T_S_LOG (ID,BROSWER,LOGLEVEL,OPERATETIME,OPERATETYPE,USERID) values ('4028b8815aeaf985015aeb2c1119000b','Chrome',5,to_date('20-3月 -17','DD-MON-RR'),1,'4028b8815aeaccc6015aeace884c0001');
Insert into T_S_LOG (ID,BROSWER,LOGLEVEL,OPERATETIME,OPERATETYPE,USERID) values ('4028b8815aeaf985015aeb2c1e91000c','Chrome',4,to_date('20-3月 -17','DD-MON-RR'),1,'4028b8815aeaccc6015aeace884c0001');
Insert into T_S_LOG (ID,BROSWER,LOGLEVEL,OPERATETIME,OPERATETYPE,USERID) values ('402890aa5aefec0f015aefecdb910000','Chrome',1,to_date('21-3月 -17','DD-MON-RR'),1,'4028d881436d514601436d5215ac0043');
Insert into T_S_LOG (ID,BROSWER,LOGLEVEL,OPERATETIME,OPERATETYPE,USERID) values ('402890aa5aefec0f015aefee00fd0002','Chrome',3,to_date('21-3月 -17','DD-MON-RR'),1,'4028d881436d514601436d5215ac0043');
Insert into T_S_LOG (ID,BROSWER,LOGLEVEL,OPERATETIME,OPERATETYPE,USERID) values ('402890aa5aefec0f015aefee46b40003','Chrome',4,to_date('21-3月 -17','DD-MON-RR'),1,'4028d881436d514601436d5215ac0043');
Insert into T_S_LOG (ID,BROSWER,LOGLEVEL,OPERATETIME,OPERATETYPE,USERID) values ('402890aa5aefec0f015aefeea59d0005','Chrome',3,to_date('21-3月 -17','DD-MON-RR'),1,'4028d881436d514601436d5215ac0043');
Insert into T_S_LOG (ID,BROSWER,LOGLEVEL,OPERATETIME,OPERATETYPE,USERID) values ('402890aa5aefec0f015aefefe35d0007','Chrome',3,to_date('21-3月 -17','DD-MON-RR'),1,'4028d881436d514601436d5215ac0043');
Insert into T_S_LOG (ID,BROSWER,LOGLEVEL,OPERATETIME,OPERATETYPE,USERID) values ('402890aa5aefec0f015aeff00c2a0008','Chrome',5,to_date('21-3月 -17','DD-MON-RR'),1,'4028d881436d514601436d5215ac0043');
Insert into T_S_LOG (ID,BROSWER,LOGLEVEL,OPERATETIME,OPERATETYPE,USERID) values ('402890aa5aefec0f015aeff0da28000a','Chrome',3,to_date('21-3月 -17','DD-MON-RR'),1,'4028d881436d514601436d5215ac0043');
Insert into T_S_LOG (ID,BROSWER,LOGLEVEL,OPERATETIME,OPERATETYPE,USERID) values ('402890aa5aefec0f015aeff21ebe000c','Chrome',3,to_date('21-3月 -17','DD-MON-RR'),1,'4028d881436d514601436d5215ac0043');
Insert into T_S_LOG (ID,BROSWER,LOGLEVEL,OPERATETIME,OPERATETYPE,USERID) values ('402890aa5aefec0f015aeff26597000d','Chrome',5,to_date('21-3月 -17','DD-MON-RR'),1,'4028d881436d514601436d5215ac0043');
Insert into T_S_LOG (ID,BROSWER,LOGLEVEL,OPERATETIME,OPERATETYPE,USERID) values ('402890aa5aefec0f015aeff2a458000e','Chrome',5,to_date('21-3月 -17','DD-MON-RR'),1,'4028d881436d514601436d5215ac0043');
Insert into T_S_LOG (ID,BROSWER,LOGLEVEL,OPERATETIME,OPERATETYPE,USERID) values ('402890aa5aefec0f015aeff2f619000f','Chrome',5,to_date('21-3月 -17','DD-MON-RR'),1,'4028d881436d514601436d5215ac0043');
Insert into T_S_LOG (ID,BROSWER,LOGLEVEL,OPERATETIME,OPERATETYPE,USERID) values ('4028b8815af3f73b015af3f7aae30000','Chrome',1,to_date('22-3月 -17','DD-MON-RR'),1,'4028d881436d514601436d5215ac0043');
Insert into T_S_LOG (ID,BROSWER,LOGLEVEL,OPERATETIME,OPERATETYPE,USERID) values ('4028948151dc6b1f0151dc72c03f0015','Chrome',2,to_date('26-12月-15','DD-MON-RR'),1,'4028d881436d514601436d5215ac0043');
Insert into T_S_LOG (ID,BROSWER,LOGLEVEL,OPERATETIME,OPERATETYPE,USERID) values ('4028948151dc6b1f0151dc72d98e0016','Chrome',1,to_date('26-12月-15','DD-MON-RR'),1,'4028d881436d514601436d5215ac0043');
Insert into T_S_LOG (ID,BROSWER,LOGLEVEL,OPERATETIME,OPERATETYPE,USERID) values ('4028948151dc6b1f0151dc7368030017','Chrome',5,to_date('26-12月-15','DD-MON-RR'),1,'4028d881436d514601436d5215ac0043');
Insert into T_S_LOG (ID,BROSWER,LOGLEVEL,OPERATETIME,OPERATETYPE,USERID) values ('4028948151dc6b1f0151dc7397430018','Chrome',2,to_date('26-12月-15','DD-MON-RR'),1,'4028d881436d514601436d5215ac0043');
Insert into T_S_LOG (ID,BROSWER,LOGLEVEL,OPERATETIME,OPERATETYPE,USERID) values ('4028948151dc6b1f0151dc73bbd90019','Chrome',1,to_date('26-12月-15','DD-MON-RR'),1,'4028d881436d514601436d5215ac0043');
Insert into T_S_LOG (ID,BROSWER,LOGLEVEL,OPERATETIME,OPERATETYPE,USERID) values ('4028948151dc770f0151dc7783fd0000','Chrome',1,to_date('26-12月-15','DD-MON-RR'),1,'4028d881436d514601436d5215ac0043');
Insert into T_S_LOG (ID,BROSWER,LOGLEVEL,OPERATETIME,OPERATETYPE,USERID) values ('4028948151dc770f0151dc7d6f5e0002','Chrome',3,to_date('26-12月-15','DD-MON-RR'),1,'4028d881436d514601436d5215ac0043');
Insert into T_S_LOG (ID,BROSWER,LOGLEVEL,OPERATETIME,OPERATETYPE,USERID) values ('4028948151dc770f0151dc7e8b5c0004','Chrome',3,to_date('26-12月-15','DD-MON-RR'),1,'4028d881436d514601436d5215ac0043');
Insert into T_S_LOG (ID,BROSWER,LOGLEVEL,OPERATETIME,OPERATETYPE,USERID) values ('4028948151dc770f0151dc817a4d000a','Chrome',4,to_date('26-12月-15','DD-MON-RR'),1,'4028d881436d514601436d5215ac0043');
Insert into T_S_LOG (ID,BROSWER,LOGLEVEL,OPERATETIME,OPERATETYPE,USERID) values ('4028948151dcf9c20151dcfb621a0000','Chrome',1,to_date('26-12月-15','DD-MON-RR'),1,'4028d881436d514601436d5215ac0043');
Insert into T_S_LOG (ID,BROSWER,LOGLEVEL,OPERATETIME,OPERATETYPE,USERID) values ('4028948151dd0a7f0151dd0c39c50000','Chrome',1,to_date('26-12月-15','DD-MON-RR'),1,'4028d881436d514601436d5215ac0043');
Insert into T_S_LOG (ID,BROSWER,LOGLEVEL,OPERATETIME,OPERATETYPE,USERID) values ('4028948151dd17b50151dd196a870000','Chrome',1,to_date('26-12月-15','DD-MON-RR'),1,'4028d881436d514601436d5215ac0043');
Insert into T_S_LOG (ID,BROSWER,LOGLEVEL,OPERATETIME,OPERATETYPE,USERID) values ('4028948151dd17b50151dd19b3be0001','Chrome',5,to_date('26-12月-15','DD-MON-RR'),1,'4028d881436d514601436d5215ac0043');
Insert into T_S_LOG (ID,BROSWER,LOGLEVEL,OPERATETIME,OPERATETYPE,USERID) values ('4028948151dd17b50151dd19d6f40002','Chrome',5,to_date('26-12月-15','DD-MON-RR'),1,'4028d881436d514601436d5215ac0043');
Insert into T_S_LOG (ID,BROSWER,LOGLEVEL,OPERATETIME,OPERATETYPE,USERID) values ('4028948151dd17b50151dd19f9f50003','Chrome',5,to_date('26-12月-15','DD-MON-RR'),1,'4028d881436d514601436d5215ac0043');
Insert into T_S_LOG (ID,BROSWER,LOGLEVEL,OPERATETIME,OPERATETYPE,USERID) values ('4028948151dd17b50151dd1a27ba0004','Chrome',5,to_date('26-12月-15','DD-MON-RR'),1,'4028d881436d514601436d5215ac0043');
Insert into T_S_LOG (ID,BROSWER,LOGLEVEL,OPERATETIME,OPERATETYPE,USERID) values ('4028948151dd17b50151dd1a42380005','Chrome',5,to_date('26-12月-15','DD-MON-RR'),1,'4028d881436d514601436d5215ac0043');
Insert into T_S_LOG (ID,BROSWER,LOGLEVEL,OPERATETIME,OPERATETYPE,USERID) values ('4028948151dd17b50151dd1bd8710006','Chrome',5,to_date('26-12月-15','DD-MON-RR'),1,'4028d881436d514601436d5215ac0043');
Insert into T_S_LOG (ID,BROSWER,LOGLEVEL,OPERATETIME,OPERATETYPE,USERID) values ('4028948151dd17b50151dd1de3660007','Chrome',5,to_date('26-12月-15','DD-MON-RR'),1,'4028d881436d514601436d5215ac0043');
Insert into T_S_LOG (ID,BROSWER,LOGLEVEL,OPERATETIME,OPERATETYPE,USERID) values ('4028948151dd1f1d0151dd1fa71a0000','Chrome',1,to_date('26-12月-15','DD-MON-RR'),1,'4028d881436d514601436d5215ac0043');
Insert into T_S_LOG (ID,BROSWER,LOGLEVEL,OPERATETIME,OPERATETYPE,USERID) values ('4028948151dd1f1d0151dd202d4d0001','Chrome',5,to_date('26-12月-15','DD-MON-RR'),1,'4028d881436d514601436d5215ac0043');
Insert into T_S_LOG (ID,BROSWER,LOGLEVEL,OPERATETIME,OPERATETYPE,USERID) values ('4028948151dd1f1d0151dd203c730002','Chrome',5,to_date('26-12月-15','DD-MON-RR'),1,'4028d881436d514601436d5215ac0043');
Insert into T_S_LOG (ID,BROSWER,LOGLEVEL,OPERATETIME,OPERATETYPE,USERID) values ('4028948151de698b0151de6a00f50000','Chrome',1,to_date('26-12月-15','DD-MON-RR'),1,'4028d881436d514601436d5215ac0043');
Insert into T_S_LOG (ID,BROSWER,LOGLEVEL,OPERATETIME,OPERATETYPE,USERID) values ('4028948151e769b20151e76a901c0000','Chrome',1,to_date('28-12月-15','DD-MON-RR'),1,'4028d881436d514601436d5215ac0043');
Insert into T_S_LOG (ID,BROSWER,LOGLEVEL,OPERATETIME,OPERATETYPE,USERID) values ('4028ef81537fd2f001537fd3ae850000','Chrome',1,to_date('16-3月 -16','DD-MON-RR'),1,'4028d881436d514601436d5215ac0043');
Insert into T_S_LOG (ID,BROSWER,LOGLEVEL,OPERATETIME,OPERATETYPE,USERID) values ('4028ef81537fd2f001537fd4297a0001','Chrome',5,to_date('16-3月 -16','DD-MON-RR'),1,'4028d881436d514601436d5215ac0043');
Insert into T_S_LOG (ID,BROSWER,LOGLEVEL,OPERATETIME,OPERATETYPE,USERID) values ('4028ef81537fd2f001537fd464820002','Chrome',4,to_date('16-3月 -16','DD-MON-RR'),1,'4028d881436d514601436d5215ac0043');
Insert into T_S_LOG (ID,BROSWER,LOGLEVEL,OPERATETIME,OPERATETYPE,USERID) values ('4028ef81537fd2f001537fd55e210005','Chrome',2,to_date('16-3月 -16','DD-MON-RR'),1,'4028d881436d514601436d5215ac0043');
Insert into T_S_LOG (ID,BROSWER,LOGLEVEL,OPERATETIME,OPERATETYPE,USERID) values ('4028ef81537fd2f001537fd57bb40006','Chrome',1,to_date('16-3月 -16','DD-MON-RR'),1,'4028d881436d514601436d5215ac0043');
Insert into T_S_LOG (ID,BROSWER,LOGLEVEL,OPERATETIME,OPERATETYPE,USERID) values ('4028ef81537fd2f001537fd9fd8e0007','Chrome',1,to_date('16-3月 -16','DD-MON-RR'),1,'4028d881436d514601436d5215ac0043');
Insert into T_S_LOG (ID,BROSWER,LOGLEVEL,OPERATETIME,OPERATETYPE,USERID) values ('4028ef8153a1f1400153a1f595040000','Chrome',1,to_date('23-3月 -16','DD-MON-RR'),1,'4028d881436d514601436d5215ac0043');
Insert into T_S_LOG (ID,BROSWER,LOGLEVEL,OPERATETIME,OPERATETYPE,USERID) values ('4028ef8153a207100153a21506370000','Chrome',1,to_date('23-3月 -16','DD-MON-RR'),1,'4028d881436d514601436d5215ac0043');
Insert into T_S_LOG (ID,BROSWER,LOGLEVEL,OPERATETIME,OPERATETYPE,USERID) values ('4028ef8156b0c68f0156b0d1a23b0043','Chrome',2,to_date('22-8月 -16','DD-MON-RR'),1,'4028d881436d514601436d5215ac0043');
Insert into T_S_LOG (ID,BROSWER,LOGLEVEL,OPERATETIME,OPERATETYPE,USERID) values ('4028ef8156b0c68f0156b0d1bda80044','Chrome',1,to_date('22-8月 -16','DD-MON-RR'),1,'4028d881436d514601436d5215ac0043');
Insert into T_S_LOG (ID,BROSWER,LOGLEVEL,OPERATETIME,OPERATETYPE,USERID) values ('4028ef8156b0c68f0156b0d4cf820046','Chrome',3,to_date('22-8月 -16','DD-MON-RR'),1,'4028d881436d514601436d5215ac0043');
Insert into T_S_LOG (ID,BROSWER,LOGLEVEL,OPERATETIME,OPERATETYPE,USERID) values ('4028ef8156b0c68f0156b0d4fe780047','Chrome',5,to_date('22-8月 -16','DD-MON-RR'),1,'4028d881436d514601436d5215ac0043');
Insert into T_S_LOG (ID,BROSWER,LOGLEVEL,OPERATETIME,OPERATETYPE,USERID) values ('4028ef8156b0c68f0156b0d5233a0048','Chrome',5,to_date('22-8月 -16','DD-MON-RR'),1,'4028d881436d514601436d5215ac0043');
Insert into T_S_LOG (ID,BROSWER,LOGLEVEL,OPERATETIME,OPERATETYPE,USERID) values ('4028ef8156b0c68f0156b0d53f380049','Chrome',5,to_date('22-8月 -16','DD-MON-RR'),1,'4028d881436d514601436d5215ac0043');
Insert into T_S_LOG (ID,BROSWER,LOGLEVEL,OPERATETIME,OPERATETYPE,USERID) values ('4028ef8156b0c68f0156b0d55de4004a','Chrome',5,to_date('22-8月 -16','DD-MON-RR'),1,'4028d881436d514601436d5215ac0043');
Insert into T_S_LOG (ID,BROSWER,LOGLEVEL,OPERATETIME,OPERATETYPE,USERID) values ('4028ef8156b0c68f0156b0d59765004b','Chrome',5,to_date('22-8月 -16','DD-MON-RR'),1,'4028d881436d514601436d5215ac0043');
Insert into T_S_LOG (ID,BROSWER,LOGLEVEL,OPERATETIME,OPERATETYPE,USERID) values ('4028ef8156b0c68f0156b0d5b8f5004c','Chrome',5,to_date('22-8月 -16','DD-MON-RR'),1,'4028d881436d514601436d5215ac0043');
Insert into T_S_LOG (ID,BROSWER,LOGLEVEL,OPERATETIME,OPERATETYPE,USERID) values ('4028ef8156b0c68f0156b0d5cf2c004d','Chrome',5,to_date('22-8月 -16','DD-MON-RR'),1,'4028d881436d514601436d5215ac0043');
Insert into T_S_LOG (ID,BROSWER,LOGLEVEL,OPERATETIME,OPERATETYPE,USERID) values ('4028ef8156b0c68f0156b0d5e57e004e','Chrome',5,to_date('22-8月 -16','DD-MON-RR'),1,'4028d881436d514601436d5215ac0043');
Insert into T_S_LOG (ID,BROSWER,LOGLEVEL,OPERATETIME,OPERATETYPE,USERID) values ('4028ef8156b0c68f0156b0d5fad8004f','Chrome',5,to_date('22-8月 -16','DD-MON-RR'),1,'4028d881436d514601436d5215ac0043');
Insert into T_S_LOG (ID,BROSWER,LOGLEVEL,OPERATETIME,OPERATETYPE,USERID) values ('4028ef8156b0c68f0156b0d627650052','Chrome',2,to_date('22-8月 -16','DD-MON-RR'),1,'4028d881436d514601436d5215ac0043');
Insert into T_S_LOG (ID,BROSWER,LOGLEVEL,OPERATETIME,OPERATETYPE,USERID) values ('4028ef8156b0c68f0156b0d650dc0053','Chrome',1,to_date('22-8月 -16','DD-MON-RR'),1,'4028d881436d514601436d5215ac0043');
Insert into T_S_LOG (ID,BROSWER,LOGLEVEL,OPERATETIME,OPERATETYPE,USERID) values ('4028ef8156b0c68f0156b0d6c2cf0054','Chrome',5,to_date('22-8月 -16','DD-MON-RR'),1,'4028d881436d514601436d5215ac0043');
Insert into T_S_LOG (ID,BROSWER,LOGLEVEL,OPERATETIME,OPERATETYPE,USERID) values ('4028ef8156b0c68f0156b0d6fde40055','Chrome',2,to_date('22-8月 -16','DD-MON-RR'),1,'4028d881436d514601436d5215ac0043');
Insert into T_S_LOG (ID,BROSWER,LOGLEVEL,OPERATETIME,OPERATETYPE,USERID) values ('4028ef8156b0c68f0156b0d728c20056','Chrome',1,to_date('22-8月 -16','DD-MON-RR'),1,'4028d881436d514601436d5215ac0043');
Insert into T_S_LOG (ID,BROSWER,LOGLEVEL,OPERATETIME,OPERATETYPE,USERID) values ('4028ef8156b0c68f0156b0d769e6006d','Chrome',2,to_date('22-8月 -16','DD-MON-RR'),1,'4028d881436d514601436d5215ac0043');
Insert into T_S_LOG (ID,BROSWER,LOGLEVEL,OPERATETIME,OPERATETYPE,USERID) values ('4028ef8156b0c68f0156b0d781b0006e','Chrome',1,to_date('22-8月 -16','DD-MON-RR'),1,'4028d881436d514601436d5215ac0043');
Insert into T_S_LOG (ID,BROSWER,LOGLEVEL,OPERATETIME,OPERATETYPE,USERID) values ('4028ef8156b0d8e00156b0d944ec0000','Chrome',1,to_date('22-8月 -16','DD-MON-RR'),1,'4028d881436d514601436d5215ac0043');
Insert into T_S_LOG (ID,BROSWER,LOGLEVEL,OPERATETIME,OPERATETYPE,USERID) values ('4028ef8156b0d8e00156b0d9d2740001','Chrome',5,to_date('22-8月 -16','DD-MON-RR'),1,'4028d881436d514601436d5215ac0043');
Insert into T_S_LOG (ID,BROSWER,LOGLEVEL,OPERATETIME,OPERATETYPE,USERID) values ('4028ef8156b0d8e00156b0d9f0d80002','Chrome',5,to_date('22-8月 -16','DD-MON-RR'),1,'4028d881436d514601436d5215ac0043');
Insert into T_S_LOG (ID,BROSWER,LOGLEVEL,OPERATETIME,OPERATETYPE,USERID) values ('4028ef8156b0d8e00156b0d9f9c20003','Chrome',2,to_date('22-8月 -16','DD-MON-RR'),1,'4028d881436d514601436d5215ac0043');
Insert into T_S_LOG (ID,BROSWER,LOGLEVEL,OPERATETIME,OPERATETYPE,USERID) values ('4028ef8156b0d8e00156b0da1ca70004','Chrome',1,to_date('22-8月 -16','DD-MON-RR'),1,'4028d881436d514601436d5215ac0043');
Insert into T_S_LOG (ID,BROSWER,LOGLEVEL,OPERATETIME,OPERATETYPE,USERID) values ('4028ef8156b0d8e00156b0da4fca0005','Chrome',5,to_date('22-8月 -16','DD-MON-RR'),1,'4028d881436d514601436d5215ac0043');
Insert into T_S_LOG (ID,BROSWER,LOGLEVEL,OPERATETIME,OPERATETYPE,USERID) values ('4028ef8156b0d8e00156b0da6f5b0006','Chrome',5,to_date('22-8月 -16','DD-MON-RR'),1,'4028d881436d514601436d5215ac0043');
Insert into T_S_LOG (ID,BROSWER,LOGLEVEL,OPERATETIME,OPERATETYPE,USERID) values ('4028ef8156b0d8e00156b0da83ba0007','Chrome',5,to_date('22-8月 -16','DD-MON-RR'),1,'4028d881436d514601436d5215ac0043');
Insert into T_S_LOG (ID,BROSWER,LOGLEVEL,OPERATETIME,OPERATETYPE,USERID) values ('4028ef8156b0d8e00156b0da97400008','Chrome',5,to_date('22-8月 -16','DD-MON-RR'),1,'4028d881436d514601436d5215ac0043');
Insert into T_S_LOG (ID,BROSWER,LOGLEVEL,OPERATETIME,OPERATETYPE,USERID) values ('4028ef8156b0d8e00156b0daaa6f0009','Chrome',5,to_date('22-8月 -16','DD-MON-RR'),1,'4028d881436d514601436d5215ac0043');
Insert into T_S_LOG (ID,BROSWER,LOGLEVEL,OPERATETIME,OPERATETYPE,USERID) values ('4028ef8156b0d8e00156b0dabdc3000a','Chrome',5,to_date('22-8月 -16','DD-MON-RR'),1,'4028d881436d514601436d5215ac0043');
Insert into T_S_LOG (ID,BROSWER,LOGLEVEL,OPERATETIME,OPERATETYPE,USERID) values ('4028ef8156b0d8e00156b0dad102000b','Chrome',5,to_date('22-8月 -16','DD-MON-RR'),1,'4028d881436d514601436d5215ac0043');
Insert into T_S_LOG (ID,BROSWER,LOGLEVEL,OPERATETIME,OPERATETYPE,USERID) values ('4028ef8156b0d8e00156b0dae386000c','Chrome',5,to_date('22-8月 -16','DD-MON-RR'),1,'4028d881436d514601436d5215ac0043');
Insert into T_S_LOG (ID,BROSWER,LOGLEVEL,OPERATETIME,OPERATETYPE,USERID) values ('4028ef8156b0d8e00156b0daf911000d','Chrome',5,to_date('22-8月 -16','DD-MON-RR'),1,'4028d881436d514601436d5215ac0043');
Insert into T_S_LOG (ID,BROSWER,LOGLEVEL,OPERATETIME,OPERATETYPE,USERID) values ('4028ef8156b0d8e00156b0db10cd000e','Chrome',5,to_date('22-8月 -16','DD-MON-RR'),1,'4028d881436d514601436d5215ac0043');
REM INSERTING into T_S_OPERATION
SET DEFINE OFF;
Insert into T_S_OPERATION (ID,OPERATIONCODE,OPERATIONICON,OPERATIONNAME,STATUS,FUNCTIONID,ICONID) values ('402881e44648134a0146482093940049','add',null,'新增',null,'4028d881436d514601436d52154d002d','4028d881436d514601436d5214650000');
Insert into T_S_OPERATION (ID,OPERATIONCODE,OPERATIONICON,OPERATIONNAME,STATUS,FUNCTIONID,ICONID) values ('402881e44648134a0146482152c2004b','edit',null,'编辑',null,'4028d881436d514601436d52154d002d','4028d881436d514601436d5214650000');
Insert into T_S_OPERATION (ID,OPERATIONCODE,OPERATIONICON,OPERATIONNAME,STATUS,FUNCTIONID,ICONID) values ('4028d881436d514601436d5216730069','add',null,'录入',null,'4028d881436d514601436d521549002c','4028d881436d514601436d5214650000');
Insert into T_S_OPERATION (ID,OPERATIONCODE,OPERATIONICON,OPERATIONNAME,STATUS,FUNCTIONID,ICONID) values ('4028d881436d514601436d521678006a','edit',null,'编辑',null,'4028d881436d514601436d521549002c','4028d881436d514601436d5214650000');
Insert into T_S_OPERATION (ID,OPERATIONCODE,OPERATIONICON,OPERATIONNAME,STATUS,FUNCTIONID,ICONID) values ('4028d881436d514601436d52167c006b','del',null,'删除',null,'4028d881436d514601436d521549002c','4028d881436d514601436d5214650000');
Insert into T_S_OPERATION (ID,OPERATIONCODE,OPERATIONICON,OPERATIONNAME,STATUS,FUNCTIONID,ICONID) values ('4028d881436d514601436d52167f006c','szqm',null,'审核',null,'4028d881436d514601436d521549002c','4028d881436d514601436d5214650000');
REM INSERTING into T_S_OPINTEMPLATE
SET DEFINE OFF;
REM INSERTING into T_S_ROLE
SET DEFINE OFF;
Insert into T_S_ROLE (ID,ROLECODE,ROLENAME) values ('402881e44648134a014648163a6d0001','ceshi','测试角色');
Insert into T_S_ROLE (ID,ROLECODE,ROLENAME) values ('4028d881436d514601436d52159c0041','admin','管理员');
Insert into T_S_ROLE (ID,ROLECODE,ROLENAME) values ('4028d881436d514601436d5215a00042','manager','普通用户');
REM INSERTING into T_S_ROLE_FUNCTION
SET DEFINE OFF;
Insert into T_S_ROLE_FUNCTION (ID,OPERATION,FUNCTIONID,ROLEID) values ('402880f259062342015906318a660021',null,'402880f2590623420159062ea59f0018','4028d881436d514601436d52159c0041');
Insert into T_S_ROLE_FUNCTION (ID,OPERATION,FUNCTIONID,ROLEID) values ('402880f259062342015906318a690022',null,'402880f25906234201590626c28e0008','4028d881436d514601436d52159c0041');
Insert into T_S_ROLE_FUNCTION (ID,OPERATION,FUNCTIONID,ROLEID) values ('402880f259062342015906318a690023',null,'402880f25906234201590626596e0004','4028d881436d514601436d52159c0041');
Insert into T_S_ROLE_FUNCTION (ID,OPERATION,FUNCTIONID,ROLEID) values ('402880f259062342015906318a690024',null,'402880f259062342015906312d27001f','4028d881436d514601436d52159c0041');
Insert into T_S_ROLE_FUNCTION (ID,OPERATION,FUNCTIONID,ROLEID) values ('402880f259062342015906318a690025',null,'402880f259062342015906288369000f','4028d881436d514601436d52159c0041');
Insert into T_S_ROLE_FUNCTION (ID,OPERATION,FUNCTIONID,ROLEID) values ('402880f259062342015906318a690026',null,'402880f2590623420159062f3b4a001a','4028d881436d514601436d52159c0041');
Insert into T_S_ROLE_FUNCTION (ID,OPERATION,FUNCTIONID,ROLEID) values ('402880f259062342015906318a690027',null,'402880f2590623420159062581630001','4028d881436d514601436d52159c0041');
Insert into T_S_ROLE_FUNCTION (ID,OPERATION,FUNCTIONID,ROLEID) values ('402880f259062342015906318a690028',null,'402880f25906234201590630a5cc001c','4028d881436d514601436d52159c0041');
Insert into T_S_ROLE_FUNCTION (ID,OPERATION,FUNCTIONID,ROLEID) values ('402880f259062342015906318a690029',null,'402880f25906234201590627ef06000c','4028d881436d514601436d52159c0041');
Insert into T_S_ROLE_FUNCTION (ID,OPERATION,FUNCTIONID,ROLEID) values ('402880f259062342015906318a69002a',null,'402880f25906234201590628d62c0011','4028d881436d514601436d52159c0041');
Insert into T_S_ROLE_FUNCTION (ID,OPERATION,FUNCTIONID,ROLEID) values ('402880f259062342015906318a6a002b',null,'402880f2590623420159062692fc0006','4028d881436d514601436d52159c0041');
Insert into T_S_ROLE_FUNCTION (ID,OPERATION,FUNCTIONID,ROLEID) values ('402880f259062342015906318a6a002c',null,'402880f2590623420159062783c4000a','4028d881436d514601436d52159c0041');
Insert into T_S_ROLE_FUNCTION (ID,OPERATION,FUNCTIONID,ROLEID) values ('402880f259062342015906318a6a002d',null,'402880f25906117601590614ca94000a','4028d881436d514601436d52159c0041');
Insert into T_S_ROLE_FUNCTION (ID,OPERATION,FUNCTIONID,ROLEID) values ('402880f259062342015906318a6a002e',null,'402880f2590623420159062d921c0013','4028d881436d514601436d52159c0041');
Insert into T_S_ROLE_FUNCTION (ID,OPERATION,FUNCTIONID,ROLEID) values ('402880f259062342015906318a6a002f',null,'402880f2590623420159062df7fe0016','4028d881436d514601436d52159c0041');
Insert into T_S_ROLE_FUNCTION (ID,OPERATION,FUNCTIONID,ROLEID) values ('40288186590896200159089cf152000a',null,'40288186590896200159089c30620004','4028d881436d514601436d52159c0041');
Insert into T_S_ROLE_FUNCTION (ID,OPERATION,FUNCTIONID,ROLEID) values ('40288186590896200159089cf155000b',null,'40288186590896200159089c8a360006','4028d881436d514601436d52159c0041');
Insert into T_S_ROLE_FUNCTION (ID,OPERATION,FUNCTIONID,ROLEID) values ('40288186590896200159089cf155000c',null,'40288186590896200159089bc6510002','4028d881436d514601436d52159c0041');
Insert into T_S_ROLE_FUNCTION (ID,OPERATION,FUNCTIONID,ROLEID) values ('40288186590896200159089ef47e0012',null,'40288186590896200159089ccf5b0008','4028d881436d514601436d52159c0041');
Insert into T_S_ROLE_FUNCTION (ID,OPERATION,FUNCTIONID,ROLEID) values ('402889ff4728a293014728b3fab70021',null,'4028d881436d514601436d52151f0020','4028d881436d514601436d52159c0041');
Insert into T_S_ROLE_FUNCTION (ID,OPERATION,FUNCTIONID,ROLEID) values ('4028d881436d514601436d521699006f',null,'4028d881436d514601436d52150a0019','4028d881436d514601436d52159c0041');
Insert into T_S_ROLE_FUNCTION (ID,OPERATION,FUNCTIONID,ROLEID) values ('4028d881436d514601436d52169e0070',null,'4028d881436d514601436d52150a0019','4028d881436d514601436d5215a00042');
Insert into T_S_ROLE_FUNCTION (ID,OPERATION,FUNCTIONID,ROLEID) values ('4028d881436d514601436d5216bb0077',null,'4028d881436d514601436d521513001d','4028d881436d514601436d52159c0041');
Insert into T_S_ROLE_FUNCTION (ID,OPERATION,FUNCTIONID,ROLEID) values ('4028d881436d514601436d5216bf0078',null,'4028d881436d514601436d521513001d','4028d881436d514601436d5215a00042');
Insert into T_S_ROLE_FUNCTION (ID,OPERATION,FUNCTIONID,ROLEID) values ('4028d881436d514601436d5216c30079',null,'4028d881436d514601436d521516001e','4028d881436d514601436d52159c0041');
Insert into T_S_ROLE_FUNCTION (ID,OPERATION,FUNCTIONID,ROLEID) values ('4028d881436d514601436d5216c7007a',null,'4028d881436d514601436d521516001e','4028d881436d514601436d5215a00042');
Insert into T_S_ROLE_FUNCTION (ID,OPERATION,FUNCTIONID,ROLEID) values ('4028d881436d514601436d5216ca007b',null,'4028d881436d514601436d52151a001f','4028d881436d514601436d52159c0041');
Insert into T_S_ROLE_FUNCTION (ID,OPERATION,FUNCTIONID,ROLEID) values ('4028d881436d514601436d5216cc007c',null,'4028d881436d514601436d52151a001f','4028d881436d514601436d5215a00042');
Insert into T_S_ROLE_FUNCTION (ID,OPERATION,FUNCTIONID,ROLEID) values ('4028d881436d514601436d5216d4007e',null,'4028d881436d514601436d52151f0020','4028d881436d514601436d5215a00042');
Insert into T_S_ROLE_FUNCTION (ID,OPERATION,FUNCTIONID,ROLEID) values ('4028d881436d514601436d5216d7007f',null,'4028d881436d514601436d5215220021','4028d881436d514601436d52159c0041');
Insert into T_S_ROLE_FUNCTION (ID,OPERATION,FUNCTIONID,ROLEID) values ('4028d881436d514601436d5216dc0080',null,'4028d881436d514601436d5215220021','4028d881436d514601436d5215a00042');
Insert into T_S_ROLE_FUNCTION (ID,OPERATION,FUNCTIONID,ROLEID) values ('4028d881436d514601436d5216eb0084',null,'4028d881436d514601436d5215260023','4028d881436d514601436d5215a00042');
Insert into T_S_ROLE_FUNCTION (ID,OPERATION,FUNCTIONID,ROLEID) values ('4028d881474489d7014744985904000c',null,'4028d881436d514601436d59984601a5','402881e44648134a014648163a6d0001');
Insert into T_S_ROLE_FUNCTION (ID,OPERATION,FUNCTIONID,ROLEID) values ('4028d881474489d7014744985904000d',null,'4028d881436d514601436d5884be019d','402881e44648134a014648163a6d0001');
Insert into T_S_ROLE_FUNCTION (ID,OPERATION,FUNCTIONID,ROLEID) values ('4028d881474489d7014744985904000e',null,'4028d881436d514601436d59d6d901a7','402881e44648134a014648163a6d0001');
Insert into T_S_ROLE_FUNCTION (ID,OPERATION,FUNCTIONID,ROLEID) values ('4028d881474489d70147449859040011',null,'402881e446677b700146677d7b600001','402881e44648134a014648163a6d0001');
Insert into T_S_ROLE_FUNCTION (ID,OPERATION,FUNCTIONID,ROLEID) values ('4028d881474489d70147449859040012',null,'297e7eb6469a4a8901469a54eff60006','402881e44648134a014648163a6d0001');
Insert into T_S_ROLE_FUNCTION (ID,OPERATION,FUNCTIONID,ROLEID) values ('4028d881474489d70147449859040013',null,'4028d881436d514601436d5618400191','402881e44648134a014648163a6d0001');
Insert into T_S_ROLE_FUNCTION (ID,OPERATION,FUNCTIONID,ROLEID) values ('4028d881474489d70147449859040014',null,'402881e545f5dd1a0145f5f32cf00005','402881e44648134a014648163a6d0001');
Insert into T_S_ROLE_FUNCTION (ID,OPERATION,FUNCTIONID,ROLEID) values ('4028d881474489d70147449859040015',null,'402881e545f5f4780145f61198810004','402881e44648134a014648163a6d0001');
Insert into T_S_ROLE_FUNCTION (ID,OPERATION,FUNCTIONID,ROLEID) values ('4028d881474489d70147449859040016',null,'4028d881436d514601436d5449330189','402881e44648134a014648163a6d0001');
Insert into T_S_ROLE_FUNCTION (ID,OPERATION,FUNCTIONID,ROLEID) values ('4028d881474489d70147449859040017',null,'402881e44695183a0146951ed79e0008','402881e44648134a014648163a6d0001');
Insert into T_S_ROLE_FUNCTION (ID,OPERATION,FUNCTIONID,ROLEID) values ('4028d881474489d70147449859040018',null,'402881e8460d7e5301460d81c7a60001','402881e44648134a014648163a6d0001');
Insert into T_S_ROLE_FUNCTION (ID,OPERATION,FUNCTIONID,ROLEID) values ('4028d881474489d7014744985904001b',null,'4028d881436d514601436d52c2fb0181','402881e44648134a014648163a6d0001');
Insert into T_S_ROLE_FUNCTION (ID,OPERATION,FUNCTIONID,ROLEID) values ('4028d881474489d7014744985904001c',null,'4028d881436d514601436d5af95501b1','402881e44648134a014648163a6d0001');
Insert into T_S_ROLE_FUNCTION (ID,OPERATION,FUNCTIONID,ROLEID) values ('4028d881474489d7014744985904001d',null,'402881e545f5dd1a0145f5de9bb60001','402881e44648134a014648163a6d0001');
Insert into T_S_ROLE_FUNCTION (ID,OPERATION,FUNCTIONID,ROLEID) values ('4028d881474489d7014744985904001f',null,'402881e44695183a0146951af2b70004','402881e44648134a014648163a6d0001');
Insert into T_S_ROLE_FUNCTION (ID,OPERATION,FUNCTIONID,ROLEID) values ('4028d881474489d70147449859140021',null,'402881e44695183a0146951b66050006','402881e44648134a014648163a6d0001');
Insert into T_S_ROLE_FUNCTION (ID,OPERATION,FUNCTIONID,ROLEID) values ('4028ef8156b0c68f0156b0c9ace8000b',null,'4028ef8156b0c68f0156b0c920440005','4028d881436d514601436d52159c0041');
Insert into T_S_ROLE_FUNCTION (ID,OPERATION,FUNCTIONID,ROLEID) values ('4028ef8156b0c68f0156b0c9acec000c',null,'4028ef8156b0c68f0156b0c88eb10001','4028d881436d514601436d52159c0041');
Insert into T_S_ROLE_FUNCTION (ID,OPERATION,FUNCTIONID,ROLEID) values ('4028ef8156b0c68f0156b0c9acec000d',null,'4028ef8156b0c68f0156b0c8c0c60003','4028d881436d514601436d52159c0041');
Insert into T_S_ROLE_FUNCTION (ID,OPERATION,FUNCTIONID,ROLEID) values ('4028ef8156b0c68f0156b0c9acec000e',null,'4028ef8156b0c68f0156b0c956120007','4028d881436d514601436d52159c0041');
Insert into T_S_ROLE_FUNCTION (ID,OPERATION,FUNCTIONID,ROLEID) values ('4028ef8156b0c68f0156b0ce03920028',null,'4028ef8156b0c68f0156b0ca47730011','4028d881436d514601436d52159c0041');
Insert into T_S_ROLE_FUNCTION (ID,OPERATION,FUNCTIONID,ROLEID) values ('4028ef8156b0c68f0156b0ce03940029',null,'4028ef8156b0c68f0156b0cc5c280021','4028d881436d514601436d52159c0041');
Insert into T_S_ROLE_FUNCTION (ID,OPERATION,FUNCTIONID,ROLEID) values ('4028ef8156b0c68f0156b0ce0394002a',null,'4028ef8156b0c68f0156b0cc0dc7001f','4028d881436d514601436d52159c0041');
Insert into T_S_ROLE_FUNCTION (ID,OPERATION,FUNCTIONID,ROLEID) values ('4028ef8156b0c68f0156b0ce0394002b',null,'4028ef8156b0c68f0156b0ca69760013','4028d881436d514601436d52159c0041');
Insert into T_S_ROLE_FUNCTION (ID,OPERATION,FUNCTIONID,ROLEID) values ('4028ef8156b0c68f0156b0ce0394002c',null,'4028ef8156b0c68f0156b0ccab2e0023','4028d881436d514601436d52159c0041');
Insert into T_S_ROLE_FUNCTION (ID,OPERATION,FUNCTIONID,ROLEID) values ('4028ef8156b0c68f0156b0ce0394002d',null,'4028ef8156b0c68f0156b0cbdb2f001d','4028d881436d514601436d52159c0041');
Insert into T_S_ROLE_FUNCTION (ID,OPERATION,FUNCTIONID,ROLEID) values ('4028ef8156b0c68f0156b0ce0394002e',null,'4028ef8156b0c68f0156b0ccefde0025','4028d881436d514601436d52159c0041');
Insert into T_S_ROLE_FUNCTION (ID,OPERATION,FUNCTIONID,ROLEID) values ('4028ef8156b0c68f0156b0ce0394002f',null,'4028ef8156b0c68f0156b0ca9d800015','4028d881436d514601436d52159c0041');
Insert into T_S_ROLE_FUNCTION (ID,OPERATION,FUNCTIONID,ROLEID) values ('4028ef8156b0c68f0156b0ce03950030',null,'4028ef8156b0c68f0156b0cb5675001b','4028d881436d514601436d52159c0041');
Insert into T_S_ROLE_FUNCTION (ID,OPERATION,FUNCTIONID,ROLEID) values ('4028ef8156b0c68f0156b0ce03950031',null,'4028ef8156b0c68f0156b0cb1d7c0019','4028d881436d514601436d52159c0041');
Insert into T_S_ROLE_FUNCTION (ID,OPERATION,FUNCTIONID,ROLEID) values ('4028ef8156b0c68f0156b0ce03950032',null,'4028ef8156b0c68f0156b0cadace0017','4028d881436d514601436d52159c0041');
Insert into T_S_ROLE_FUNCTION (ID,OPERATION,FUNCTIONID,ROLEID) values ('4028ef8156b0c68f0156b0d75fc90057',null,'4028948151dc6b1f0151dc6fdf05000c','4028d881436d514601436d52159c0041');
Insert into T_S_ROLE_FUNCTION (ID,OPERATION,FUNCTIONID,ROLEID) values ('4028ef8156b0c68f0156b0d75fcb0059',null,'4028d881436d514601436d5618400191','4028d881436d514601436d52159c0041');
Insert into T_S_ROLE_FUNCTION (ID,OPERATION,FUNCTIONID,ROLEID) values ('4028ef8156b0c68f0156b0d75fcb005a',null,'402881e545f5dd1a0145f5f32cf00005','4028d881436d514601436d52159c0041');
Insert into T_S_ROLE_FUNCTION (ID,OPERATION,FUNCTIONID,ROLEID) values ('4028ef8156b0c68f0156b0d75fcb005b',null,'402881e8460d7e5301460d81c7a60001','4028d881436d514601436d52159c0041');
Insert into T_S_ROLE_FUNCTION (ID,OPERATION,FUNCTIONID,ROLEID) values ('4028ef8156b0c68f0156b0d75fcb005c',null,'4028d881436d514601436d52c2fb0181','4028d881436d514601436d52159c0041');
Insert into T_S_ROLE_FUNCTION (ID,OPERATION,FUNCTIONID,ROLEID) values ('4028ef8156b0c68f0156b0d75fcc005d',null,'4028d881436d514601436d5af95501b1','4028d881436d514601436d52159c0041');
Insert into T_S_ROLE_FUNCTION (ID,OPERATION,FUNCTIONID,ROLEID) values ('4028ef8156b0c68f0156b0d75fcc005e',null,'4028ef8156b0c68f0156b0d4cf390045','4028d881436d514601436d52159c0041');
Insert into T_S_ROLE_FUNCTION (ID,OPERATION,FUNCTIONID,ROLEID) values ('4028ef8156b0c68f0156b0d75fcc005f',null,'402881e44695183a0146951b66050006','4028d881436d514601436d52159c0041');
Insert into T_S_ROLE_FUNCTION (ID,OPERATION,FUNCTIONID,ROLEID) values ('4028ef8156b0c68f0156b0d75fcc0060',null,'4028d881436d514601436d59984601a5','4028d881436d514601436d52159c0041');
Insert into T_S_ROLE_FUNCTION (ID,OPERATION,FUNCTIONID,ROLEID) values ('4028ef8156b0c68f0156b0d75fcc0061',null,'4028948151d756d80151d758c25e0001','4028d881436d514601436d52159c0041');
Insert into T_S_ROLE_FUNCTION (ID,OPERATION,FUNCTIONID,ROLEID) values ('4028ef8156b0c68f0156b0d75fcc0062',null,'4028d881436d514601436d5884be019d','4028d881436d514601436d52159c0041');
Insert into T_S_ROLE_FUNCTION (ID,OPERATION,FUNCTIONID,ROLEID) values ('4028ef8156b0c68f0156b0d75fcc0063',null,'4028d881436d514601436d59d6d901a7','4028d881436d514601436d52159c0041');
Insert into T_S_ROLE_FUNCTION (ID,OPERATION,FUNCTIONID,ROLEID) values ('4028ef8156b0c68f0156b0d75fcc0064',null,'402880e6478c6d8201478c71c5460001','4028d881436d514601436d52159c0041');
Insert into T_S_ROLE_FUNCTION (ID,OPERATION,FUNCTIONID,ROLEID) values ('4028ef8156b0c68f0156b0d75fcc0065',null,'402881e446677b700146677d7b600001','4028d881436d514601436d52159c0041');
Insert into T_S_ROLE_FUNCTION (ID,OPERATION,FUNCTIONID,ROLEID) values ('4028ef8156b0c68f0156b0d75fcc0066',null,'297e7eb6469a4a8901469a54eff60006','4028d881436d514601436d52159c0041');
Insert into T_S_ROLE_FUNCTION (ID,OPERATION,FUNCTIONID,ROLEID) values ('4028ef8156b0c68f0156b0d75fcc0067',null,'402889f64747048401474706d2a50001','4028d881436d514601436d52159c0041');
Insert into T_S_ROLE_FUNCTION (ID,OPERATION,FUNCTIONID,ROLEID) values ('4028ef8156b0c68f0156b0d75fcd0068',null,'402881e545f5f4780145f61198810004','4028d881436d514601436d52159c0041');
Insert into T_S_ROLE_FUNCTION (ID,OPERATION,FUNCTIONID,ROLEID) values ('4028ef8156b0c68f0156b0d75fcd0069',null,'4028d881436d514601436d5449330189','4028d881436d514601436d52159c0041');
Insert into T_S_ROLE_FUNCTION (ID,OPERATION,FUNCTIONID,ROLEID) values ('4028ef8156b0c68f0156b0d75fcd006a',null,'402881e44695183a0146951ed79e0008','4028d881436d514601436d52159c0041');
Insert into T_S_ROLE_FUNCTION (ID,OPERATION,FUNCTIONID,ROLEID) values ('4028ef8156b0c68f0156b0d75fcd006b',null,'402881e545f5dd1a0145f5de9bb60001','4028d881436d514601436d52159c0041');
Insert into T_S_ROLE_FUNCTION (ID,OPERATION,FUNCTIONID,ROLEID) values ('4028ef8156b0c68f0156b0d75fde006c',null,'402881e44695183a0146951af2b70004','4028d881436d514601436d52159c0041');
Insert into T_S_ROLE_FUNCTION (ID,OPERATION,FUNCTIONID,ROLEID) values ('4028ef8156b0d8e00156b0dcdd6e001a',null,'4028d881436d514601436d52153b0029','4028d881436d514601436d52159c0041');
Insert into T_S_ROLE_FUNCTION (ID,OPERATION,FUNCTIONID,ROLEID) values ('4028ef8156b0d8e00156b0dcdd71001b',null,'4028d881436d514601436d52150f001c','4028d881436d514601436d52159c0041');
Insert into T_S_ROLE_FUNCTION (ID,OPERATION,FUNCTIONID,ROLEID) values ('4028ef8156b0d8e00156b0dcdd71001c',null,'4028d881436d514601436d5215380028','4028d881436d514601436d52159c0041');
Insert into T_S_ROLE_FUNCTION (ID,OPERATION,FUNCTIONID,ROLEID) values ('4028ef8156b0d8e00156b0dcdd71001d',null,'4028d881436d514601436d521540002a','4028d881436d514601436d52159c0041');
Insert into T_S_ROLE_FUNCTION (ID,OPERATION,FUNCTIONID,ROLEID) values ('4028ef8156b0d8e00156b0dcdd71001e',null,'4028d881436d514601436d521593003f','4028d881436d514601436d52159c0041');
Insert into T_S_ROLE_FUNCTION (ID,OPERATION,FUNCTIONID,ROLEID) values ('4028ef8156b0d8e00156b0dcdd72001f',null,'4028d881436d514601436d52152c0025','4028d881436d514601436d52159c0041');
Insert into T_S_ROLE_FUNCTION (ID,OPERATION,FUNCTIONID,ROLEID) values ('4028ef8156b0d8e00156b0dcdd720020',null,'4028d881436d514601436d52150b001a','4028d881436d514601436d52159c0041');
REM INSERTING into T_S_ROLE_USER
SET DEFINE OFF;
Insert into T_S_ROLE_USER (ID,ROLEID,USERID) values ('40288186591caa1001591cc7c4920007','4028d881436d514601436d5215a00042','4028d881436d514601436d5215b20044');
Insert into T_S_ROLE_USER (ID,ROLEID,USERID) values ('402881e4461f9c6401461fa3956d0009','4028d881436d514601436d52159c0041','402881e4461f9c6401461fa2e6f50002');
Insert into T_S_ROLE_USER (ID,ROLEID,USERID) values ('402881e44648134a014648174ab3000d','402881e44648134a014648163a6d0001','402881e44648134a014648174a45000c');
Insert into T_S_ROLE_USER (ID,ROLEID,USERID) values ('4028d881436d514601436d5217aa00c2','4028d881436d514601436d52159c0041','4028d881436d514601436d5215b80045');
Insert into T_S_ROLE_USER (ID,ROLEID,USERID) values ('4028d881436d514601436d5217ad00c3','4028d881436d514601436d52159c0041','4028d881436d514601436d5215bc0046');
Insert into T_S_ROLE_USER (ID,ROLEID,USERID) values ('4028ef8153f4151f0153f423b228000b','4028d881436d514601436d52159c0041','4028d881436d514601436d5215ac0043');
Insert into T_S_ROLE_USER (ID,ROLEID,USERID) values ('4028b8815aeaccc6015aeace886a0002','4028d881436d514601436d52159c0041','4028b8815aeaccc6015aeace884c0001');
REM INSERTING into T_S_STUDENT
SET DEFINE OFF;
Insert into T_S_STUDENT (ID,CLASSNAME,NAME,SEX) values ('4028d881436d514601436d521ae80165','1班','张三','f');
Insert into T_S_STUDENT (ID,CLASSNAME,NAME,SEX) values ('4028d881436d514601436d521aea0166','1班','李四','f');
Insert into T_S_STUDENT (ID,CLASSNAME,NAME,SEX) values ('4028d881436d514601436d521aeb0167','1班','王五','m');
Insert into T_S_STUDENT (ID,CLASSNAME,NAME,SEX) values ('4028d881436d514601436d521aec0168','1班','赵六','f');
Insert into T_S_STUDENT (ID,CLASSNAME,NAME,SEX) values ('4028d881436d514601436d521aec0169','2班','张三','f');
Insert into T_S_STUDENT (ID,CLASSNAME,NAME,SEX) values ('4028d881436d514601436d521aee016a','2班','李四','f');
Insert into T_S_STUDENT (ID,CLASSNAME,NAME,SEX) values ('4028d881436d514601436d521af0016b','2班','王五','m');
Insert into T_S_STUDENT (ID,CLASSNAME,NAME,SEX) values ('4028d881436d514601436d521af1016c','2班','赵六','f');
Insert into T_S_STUDENT (ID,CLASSNAME,NAME,SEX) values ('4028d881436d514601436d521af3016d','3班','张三','f');
Insert into T_S_STUDENT (ID,CLASSNAME,NAME,SEX) values ('4028d881436d514601436d521af4016e','3班','李四','f');
Insert into T_S_STUDENT (ID,CLASSNAME,NAME,SEX) values ('4028d881436d514601436d521af7016f','3班','王五','m');
Insert into T_S_STUDENT (ID,CLASSNAME,NAME,SEX) values ('4028d881436d514601436d521afa0170','3班','李四','f');
Insert into T_S_STUDENT (ID,CLASSNAME,NAME,SEX) values ('4028d881436d514601436d521afe0171','3班','王五','m');
Insert into T_S_STUDENT (ID,CLASSNAME,NAME,SEX) values ('4028d881436d514601436d521aff0172','3班','赵六','f');
Insert into T_S_STUDENT (ID,CLASSNAME,NAME,SEX) values ('4028d881436d514601436d521b000173','4班','张三','f');
Insert into T_S_STUDENT (ID,CLASSNAME,NAME,SEX) values ('4028d881436d514601436d521b010174','4班','李四','f');
Insert into T_S_STUDENT (ID,CLASSNAME,NAME,SEX) values ('4028d881436d514601436d521b030175','4班','王五','m');
Insert into T_S_STUDENT (ID,CLASSNAME,NAME,SEX) values ('4028d881436d514601436d521b040176','4班','赵六','f');
Insert into T_S_STUDENT (ID,CLASSNAME,NAME,SEX) values ('4028d881436d514601436d521b040177','5班','张三','m');
Insert into T_S_STUDENT (ID,CLASSNAME,NAME,SEX) values ('4028d881436d514601436d521b050178','5班','李四','f');
Insert into T_S_STUDENT (ID,CLASSNAME,NAME,SEX) values ('4028d881436d514601436d521b060179','5班','王五','m');
Insert into T_S_STUDENT (ID,CLASSNAME,NAME,SEX) values ('4028d881436d514601436d521b07017a','5班','赵六','m');
Insert into T_S_STUDENT (ID,CLASSNAME,NAME,SEX) values ('4028d881436d514601436d521b08017b','5班','赵六','m');
Insert into T_S_STUDENT (ID,CLASSNAME,NAME,SEX) values ('4028d881436d514601436d521b09017c','5班','李四','f');
Insert into T_S_STUDENT (ID,CLASSNAME,NAME,SEX) values ('4028d881436d514601436d521b0a017d','5班','王五','m');
Insert into T_S_STUDENT (ID,CLASSNAME,NAME,SEX) values ('4028d881436d514601436d521b0b017e','5班','赵六','m');
Insert into T_S_STUDENT (ID,CLASSNAME,NAME,SEX) values ('4028d881436d514601436d521b0c017f','5班','赵六','m');
REM INSERTING into T_S_TERRITORY
SET DEFINE OFF;
Insert into T_S_TERRITORY (ID,TERRITORYCODE,TERRITORYLEVEL,TERRITORYNAME,TERRITORY_PINYIN,TERRITORYSORT,X_WGS84,Y_WGS84,TERRITORYPARENTID) values ('977','370704',4,'坊子区','FZQ','0',119.166485,36.654448,'94');
Insert into T_S_TERRITORY (ID,TERRITORYCODE,TERRITORYLEVEL,TERRITORYNAME,TERRITORY_PINYIN,TERRITORYSORT,X_WGS84,Y_WGS84,TERRITORYPARENTID) values ('978','370705',4,'奎文区','KWQ','0',119.132486,36.707676,'94');
Insert into T_S_TERRITORY (ID,TERRITORYCODE,TERRITORYLEVEL,TERRITORYNAME,TERRITORY_PINYIN,TERRITORYSORT,X_WGS84,Y_WGS84,TERRITORYPARENTID) values ('979','370724',4,'临朐县','LQX','0',118.542982,36.5125059,'94');
Insert into T_S_TERRITORY (ID,TERRITORYCODE,TERRITORYLEVEL,TERRITORYNAME,TERRITORY_PINYIN,TERRITORYSORT,X_WGS84,Y_WGS84,TERRITORYPARENTID) values ('980','370725',4,'昌乐县','CLX','0',118.829914,36.706945,'94');
Insert into T_S_TERRITORY (ID,TERRITORYCODE,TERRITORYLEVEL,TERRITORYNAME,TERRITORY_PINYIN,TERRITORYSORT,X_WGS84,Y_WGS84,TERRITORYPARENTID) values ('981','370781',4,'青州市','QZS','0',118.479622,36.684528,'94');
Insert into T_S_TERRITORY (ID,TERRITORYCODE,TERRITORYLEVEL,TERRITORYNAME,TERRITORY_PINYIN,TERRITORYSORT,X_WGS84,Y_WGS84,TERRITORYPARENTID) values ('982','370782',4,'诸城市','ZCS','0',119.410103,35.995654,'94');
Insert into T_S_TERRITORY (ID,TERRITORYCODE,TERRITORYLEVEL,TERRITORYNAME,TERRITORY_PINYIN,TERRITORYSORT,X_WGS84,Y_WGS84,TERRITORYPARENTID) values ('983','370783',4,'寿光市','SGS','0',118.790652,36.85548,'94');
Insert into T_S_TERRITORY (ID,TERRITORYCODE,TERRITORYLEVEL,TERRITORYNAME,TERRITORY_PINYIN,TERRITORYSORT,X_WGS84,Y_WGS84,TERRITORYPARENTID) values ('984','370784',4,'安丘市','AQS','0',119.218978,36.478494,'94');
Insert into T_S_TERRITORY (ID,TERRITORYCODE,TERRITORYLEVEL,TERRITORYNAME,TERRITORY_PINYIN,TERRITORYSORT,X_WGS84,Y_WGS84,TERRITORYPARENTID) values ('985','370785',4,'高密市','GMS','0',119.755597,36.3825949,'94');
Insert into T_S_TERRITORY (ID,TERRITORYCODE,TERRITORYLEVEL,TERRITORYNAME,TERRITORY_PINYIN,TERRITORYSORT,X_WGS84,Y_WGS84,TERRITORYPARENTID) values ('986','370786',4,'昌邑市','CYS','0',119.398525,36.85882,'94');
Insert into T_S_TERRITORY (ID,TERRITORYCODE,TERRITORYLEVEL,TERRITORYNAME,TERRITORY_PINYIN,TERRITORYSORT,X_WGS84,Y_WGS84,TERRITORYPARENTID) values ('987','370802',4,'市中区','SZQ','0',116.596614,35.40819,'95');
Insert into T_S_TERRITORY (ID,TERRITORYCODE,TERRITORYLEVEL,TERRITORYNAME,TERRITORY_PINYIN,TERRITORYSORT,X_WGS84,Y_WGS84,TERRITORYPARENTID) values ('988','370811',4,'任城区','RCQ','0',116.628562,35.433727,'95');
Insert into T_S_TERRITORY (ID,TERRITORYCODE,TERRITORYLEVEL,TERRITORYNAME,TERRITORY_PINYIN,TERRITORYSORT,X_WGS84,Y_WGS84,TERRITORYPARENTID) values ('989','370826',4,'微山县','WSX','0',117.128946,34.8071,'95');
Insert into T_S_TERRITORY (ID,TERRITORYCODE,TERRITORYLEVEL,TERRITORYNAME,TERRITORY_PINYIN,TERRITORYSORT,X_WGS84,Y_WGS84,TERRITORYPARENTID) values ('990','370827',4,'鱼台县','YTX','0',116.650608,35.012749,'95');
Insert into T_S_TERRITORY (ID,TERRITORYCODE,TERRITORYLEVEL,TERRITORYNAME,TERRITORY_PINYIN,TERRITORYSORT,X_WGS84,Y_WGS84,TERRITORYPARENTID) values ('991','370828',4,'金乡县','JXX','0',116.311532,35.06662,'95');
Insert into T_S_TERRITORY (ID,TERRITORYCODE,TERRITORYLEVEL,TERRITORYNAME,TERRITORY_PINYIN,TERRITORYSORT,X_WGS84,Y_WGS84,TERRITORYPARENTID) values ('992','370829',4,'嘉祥县','JXX','0',116.342442,35.407829,'95');
Insert into T_S_TERRITORY (ID,TERRITORYCODE,TERRITORYLEVEL,TERRITORYNAME,TERRITORY_PINYIN,TERRITORYSORT,X_WGS84,Y_WGS84,TERRITORYPARENTID) values ('993','370830',4,'汶上县','WSX','0',116.489043,35.732799,'95');
Insert into T_S_TERRITORY (ID,TERRITORYCODE,TERRITORYLEVEL,TERRITORYNAME,TERRITORY_PINYIN,TERRITORYSORT,X_WGS84,Y_WGS84,TERRITORYPARENTID) values ('994','370831',4,'泗水县','SSX','0',117.251195,35.664323,'95');
Insert into T_S_TERRITORY (ID,TERRITORYCODE,TERRITORYLEVEL,TERRITORYNAME,TERRITORY_PINYIN,TERRITORYSORT,X_WGS84,Y_WGS84,TERRITORYPARENTID) values ('995','370832',4,'梁山县','LSX','0',116.096044,35.802306,'95');
Insert into T_S_TERRITORY (ID,TERRITORYCODE,TERRITORYLEVEL,TERRITORYNAME,TERRITORY_PINYIN,TERRITORYSORT,X_WGS84,Y_WGS84,TERRITORYPARENTID) values ('996','370881',4,'曲阜市','QFS','0',116.986532,35.581137,'95');
Insert into T_S_TERRITORY (ID,TERRITORYCODE,TERRITORYLEVEL,TERRITORYNAME,TERRITORY_PINYIN,TERRITORYSORT,X_WGS84,Y_WGS84,TERRITORYPARENTID) values ('997','370882',4,'兖州市','YZS','0',116.783834,35.553144,'95');
Insert into T_S_TERRITORY (ID,TERRITORYCODE,TERRITORYLEVEL,TERRITORYNAME,TERRITORY_PINYIN,TERRITORYSORT,X_WGS84,Y_WGS84,TERRITORYPARENTID) values ('998','370883',4,'邹城市','ZCS','0',117.003743,35.405185,'95');
Insert into T_S_TERRITORY (ID,TERRITORYCODE,TERRITORYLEVEL,TERRITORYNAME,TERRITORY_PINYIN,TERRITORYSORT,X_WGS84,Y_WGS84,TERRITORYPARENTID) values ('999','370902',4,'泰山区','TSQ','0',117.135354,36.192084,'96');
Insert into T_S_TERRITORY (ID,TERRITORYCODE,TERRITORYLEVEL,TERRITORYNAME,TERRITORY_PINYIN,TERRITORYSORT,X_WGS84,Y_WGS84,TERRITORYPARENTID) values ('1','100',1,'全国','qg','0',106.258754,38.471318,'0');
Insert into T_S_TERRITORY (ID,TERRITORYCODE,TERRITORYLEVEL,TERRITORYNAME,TERRITORY_PINYIN,TERRITORYSORT,X_WGS84,Y_WGS84,TERRITORYPARENTID) values ('10','00000016',2,'河南省','HNS','0',113.687228,34.76819,'1');
Insert into T_S_TERRITORY (ID,TERRITORYCODE,TERRITORYLEVEL,TERRITORYNAME,TERRITORY_PINYIN,TERRITORYSORT,X_WGS84,Y_WGS84,TERRITORYPARENTID) values ('100','371300',3,'临沂市','LYS','0',118.356448,35.104672,'18');
Insert into T_S_TERRITORY (ID,TERRITORYCODE,TERRITORYLEVEL,TERRITORYNAME,TERRITORY_PINYIN,TERRITORYSORT,X_WGS84,Y_WGS84,TERRITORYPARENTID) values ('1000','370903',4,'岱岳区','DYQ','0',117.041582,36.18799,'96');
Insert into T_S_TERRITORY (ID,TERRITORYCODE,TERRITORYLEVEL,TERRITORYNAME,TERRITORY_PINYIN,TERRITORYSORT,X_WGS84,Y_WGS84,TERRITORYPARENTID) values ('1001','370921',4,'宁阳县','NYX','0',116.805797,35.758787,'96');
Insert into T_S_TERRITORY (ID,TERRITORYCODE,TERRITORYLEVEL,TERRITORYNAME,TERRITORY_PINYIN,TERRITORYSORT,X_WGS84,Y_WGS84,TERRITORYPARENTID) values ('1002','370923',4,'东平县','DPX','0',116.470304,35.937102,'96');
Insert into T_S_TERRITORY (ID,TERRITORYCODE,TERRITORYLEVEL,TERRITORYNAME,TERRITORY_PINYIN,TERRITORYSORT,X_WGS84,Y_WGS84,TERRITORYPARENTID) values ('1003','370982',4,'新泰市','XTS','0',117.767953,35.909032,'96');
Insert into T_S_TERRITORY (ID,TERRITORYCODE,TERRITORYLEVEL,TERRITORYNAME,TERRITORY_PINYIN,TERRITORYSORT,X_WGS84,Y_WGS84,TERRITORYPARENTID) values ('1004','370983',4,'肥城市','FCS','0',116.768358,36.182571,'96');
Insert into T_S_TERRITORY (ID,TERRITORYCODE,TERRITORYLEVEL,TERRITORYNAME,TERRITORY_PINYIN,TERRITORYSORT,X_WGS84,Y_WGS84,TERRITORYPARENTID) values ('1005','371002',4,'环翠区','HCQ','0',122.123444,37.501991,'97');
Insert into T_S_TERRITORY (ID,TERRITORYCODE,TERRITORYLEVEL,TERRITORYNAME,TERRITORY_PINYIN,TERRITORYSORT,X_WGS84,Y_WGS84,TERRITORYPARENTID) values ('1006','371081',4,'文登市','WDS','0',122.058128,37.1939129,'97');
Insert into T_S_TERRITORY (ID,TERRITORYCODE,TERRITORYLEVEL,TERRITORYNAME,TERRITORY_PINYIN,TERRITORYSORT,X_WGS84,Y_WGS84,TERRITORYPARENTID) values ('1007','371082',4,'荣成市','RCS','0',122.486676,37.165249,'97');
Insert into T_S_TERRITORY (ID,TERRITORYCODE,TERRITORYLEVEL,TERRITORYNAME,TERRITORY_PINYIN,TERRITORYSORT,X_WGS84,Y_WGS84,TERRITORYPARENTID) values ('1008','371083',4,'乳山市','RSS','0',121.539764,36.919816,'97');
Insert into T_S_TERRITORY (ID,TERRITORYCODE,TERRITORYLEVEL,TERRITORYNAME,TERRITORY_PINYIN,TERRITORYSORT,X_WGS84,Y_WGS84,TERRITORYPARENTID) values ('1009','371102',4,'东港区','DGQ','0',119.462228,35.425475,'98');
Insert into T_S_TERRITORY (ID,TERRITORYCODE,TERRITORYLEVEL,TERRITORYNAME,TERRITORY_PINYIN,TERRITORYSORT,X_WGS84,Y_WGS84,TERRITORYPARENTID) values ('101','371400',3,'德州市','DZS','0',116.357465,37.434093,'18');
Insert into T_S_TERRITORY (ID,TERRITORYCODE,TERRITORYLEVEL,TERRITORYNAME,TERRITORY_PINYIN,TERRITORYSORT,X_WGS84,Y_WGS84,TERRITORYPARENTID) values ('1010','371103',4,'岚山区','LSQ','0',119.318813,35.121816,'98');
Insert into T_S_TERRITORY (ID,TERRITORYCODE,TERRITORYLEVEL,TERRITORYNAME,TERRITORY_PINYIN,TERRITORYSORT,X_WGS84,Y_WGS84,TERRITORYPARENTID) values ('1011','371121',4,'五莲县','WLX','0',119.208744,35.750095,'98');
Insert into T_S_TERRITORY (ID,TERRITORYCODE,TERRITORYLEVEL,TERRITORYNAME,TERRITORY_PINYIN,TERRITORYSORT,X_WGS84,Y_WGS84,TERRITORYPARENTID) values ('1012','371122',4,'莒县','JX','0',118.837131,35.579868,'98');
Insert into T_S_TERRITORY (ID,TERRITORYCODE,TERRITORYLEVEL,TERRITORYNAME,TERRITORY_PINYIN,TERRITORYSORT,X_WGS84,Y_WGS84,TERRITORYPARENTID) values ('1013','371202',4,'莱城区','LCQ','0',117.659864,36.203208,'99');
Insert into T_S_TERRITORY (ID,TERRITORYCODE,TERRITORYLEVEL,TERRITORYNAME,TERRITORY_PINYIN,TERRITORYSORT,X_WGS84,Y_WGS84,TERRITORYPARENTID) values ('1014','371203',4,'钢城区','GCQ','0',117.811355,36.058572,'99');
Insert into T_S_TERRITORY (ID,TERRITORYCODE,TERRITORYLEVEL,TERRITORYNAME,TERRITORY_PINYIN,TERRITORYSORT,X_WGS84,Y_WGS84,TERRITORYPARENTID) values ('1015','371302',4,'兰山区','LSQ','0',118.347707,35.051729,'100');
Insert into T_S_TERRITORY (ID,TERRITORYCODE,TERRITORYLEVEL,TERRITORYNAME,TERRITORY_PINYIN,TERRITORYSORT,X_WGS84,Y_WGS84,TERRITORYPARENTID) values ('1016','371311',4,'罗庄区','LZQ','0',118.284786,34.996741,'100');
Insert into T_S_TERRITORY (ID,TERRITORYCODE,TERRITORYLEVEL,TERRITORYNAME,TERRITORY_PINYIN,TERRITORYSORT,X_WGS84,Y_WGS84,TERRITORYPARENTID) values ('1017','371312',4,'河东区','HDQ','0',118.402893,35.089917,'100');
Insert into T_S_TERRITORY (ID,TERRITORYCODE,TERRITORYLEVEL,TERRITORYNAME,TERRITORY_PINYIN,TERRITORYSORT,X_WGS84,Y_WGS84,TERRITORYPARENTID) values ('1018','371321',4,'沂南县','YNX','0',118.465213,35.549976,'100');
Insert into T_S_TERRITORY (ID,TERRITORYCODE,TERRITORYLEVEL,TERRITORYNAME,TERRITORY_PINYIN,TERRITORYSORT,X_WGS84,Y_WGS84,TERRITORYPARENTID) values ('1019','371322',4,'郯城县','TCX','0',118.367263,34.613557,'100');
Insert into T_S_TERRITORY (ID,TERRITORYCODE,TERRITORYLEVEL,TERRITORYNAME,TERRITORY_PINYIN,TERRITORYSORT,X_WGS84,Y_WGS84,TERRITORYPARENTID) values ('102','371500',3,'聊城市','LCS','0',115.985371,36.4567039,'18');
Insert into T_S_TERRITORY (ID,TERRITORYCODE,TERRITORYLEVEL,TERRITORYNAME,TERRITORY_PINYIN,TERRITORYSORT,X_WGS84,Y_WGS84,TERRITORYPARENTID) values ('1020','371323',4,'沂水县','YSX','0',118.627918,35.79045,'100');
Insert into T_S_TERRITORY (ID,TERRITORYCODE,TERRITORYLEVEL,TERRITORYNAME,TERRITORY_PINYIN,TERRITORYSORT,X_WGS84,Y_WGS84,TERRITORYPARENTID) values ('1021','371324',4,'苍山县','CSX','0',118.07065,34.857149,'100');
Insert into T_S_TERRITORY (ID,TERRITORYCODE,TERRITORYLEVEL,TERRITORYNAME,TERRITORY_PINYIN,TERRITORYSORT,X_WGS84,Y_WGS84,TERRITORYPARENTID) values ('1022','371325',4,'费县','FX','0',117.977868,35.26634,'100');
Insert into T_S_TERRITORY (ID,TERRITORYCODE,TERRITORYLEVEL,TERRITORYNAME,TERRITORY_PINYIN,TERRITORYSORT,X_WGS84,Y_WGS84,TERRITORYPARENTID) values ('1023','371326',4,'平邑县','PYX','0',117.640352,35.5059429,'100');
Insert into T_S_TERRITORY (ID,TERRITORYCODE,TERRITORYLEVEL,TERRITORYNAME,TERRITORY_PINYIN,TERRITORYSORT,X_WGS84,Y_WGS84,TERRITORYPARENTID) values ('1024','371327',4,'莒南县','JNX','0',118.835163,35.174846,'100');
Insert into T_S_TERRITORY (ID,TERRITORYCODE,TERRITORYLEVEL,TERRITORYNAME,TERRITORY_PINYIN,TERRITORYSORT,X_WGS84,Y_WGS84,TERRITORYPARENTID) values ('1025','371328',4,'蒙阴县','MYX','0',117.945085,35.710032,'100');
Insert into T_S_TERRITORY (ID,TERRITORYCODE,TERRITORYLEVEL,TERRITORYNAME,TERRITORY_PINYIN,TERRITORYSORT,X_WGS84,Y_WGS84,TERRITORYPARENTID) values ('1026','371329',4,'临沭县','LSX','0',118.650782,34.919852,'100');
Insert into T_S_TERRITORY (ID,TERRITORYCODE,TERRITORYLEVEL,TERRITORYNAME,TERRITORY_PINYIN,TERRITORYSORT,X_WGS84,Y_WGS84,TERRITORYPARENTID) values ('1027','371402',4,'德城区','DCQ','0',116.299434,37.451272,'101');
Insert into T_S_TERRITORY (ID,TERRITORYCODE,TERRITORYLEVEL,TERRITORYNAME,TERRITORY_PINYIN,TERRITORYSORT,X_WGS84,Y_WGS84,TERRITORYPARENTID) values ('1028','371421',4,'陵县','LX','0',116.576176,37.33579,'101');
Insert into T_S_TERRITORY (ID,TERRITORYCODE,TERRITORYLEVEL,TERRITORYNAME,TERRITORY_PINYIN,TERRITORYSORT,X_WGS84,Y_WGS84,TERRITORYPARENTID) values ('1029','371422',4,'宁津县','NJX','0',116.800324,37.652329,'101');
Insert into T_S_TERRITORY (ID,TERRITORYCODE,TERRITORYLEVEL,TERRITORYNAME,TERRITORY_PINYIN,TERRITORYSORT,X_WGS84,Y_WGS84,TERRITORYPARENTID) values ('103','371600',3,'滨州市','BZS','0',117.970703,37.38199,'18');
Insert into T_S_TERRITORY (ID,TERRITORYCODE,TERRITORYLEVEL,TERRITORYNAME,TERRITORY_PINYIN,TERRITORYSORT,X_WGS84,Y_WGS84,TERRITORYPARENTID) values ('1030','371423',4,'庆云县','QYX','0',117.385123,37.77539,'101');
Insert into T_S_TERRITORY (ID,TERRITORYCODE,TERRITORYLEVEL,TERRITORYNAME,TERRITORY_PINYIN,TERRITORYSORT,X_WGS84,Y_WGS84,TERRITORYPARENTID) values ('1031','371424',4,'临邑县','LYX','0',116.86665,37.189864,'101');
Insert into T_S_TERRITORY (ID,TERRITORYCODE,TERRITORYLEVEL,TERRITORYNAME,TERRITORY_PINYIN,TERRITORYSORT,X_WGS84,Y_WGS84,TERRITORYPARENTID) values ('1032','371425',4,'齐河县','QHX','0',116.758917,36.795011,'101');
Insert into T_S_TERRITORY (ID,TERRITORYCODE,TERRITORYLEVEL,TERRITORYNAME,TERRITORY_PINYIN,TERRITORYSORT,X_WGS84,Y_WGS84,TERRITORYPARENTID) values ('1033','371426',4,'平原县','PYX','0',116.434187,37.165419,'101');
Insert into T_S_TERRITORY (ID,TERRITORYCODE,TERRITORYLEVEL,TERRITORYNAME,TERRITORY_PINYIN,TERRITORYSORT,X_WGS84,Y_WGS84,TERRITORYPARENTID) values ('1034','371427',4,'夏津县','XJX','0',116.001726,36.948371,'101');
Insert into T_S_TERRITORY (ID,TERRITORYCODE,TERRITORYLEVEL,TERRITORYNAME,TERRITORY_PINYIN,TERRITORYSORT,X_WGS84,Y_WGS84,TERRITORYPARENTID) values ('1035','371428',4,'武城县','WCX','0',116.069302,37.213311,'101');
Insert into T_S_TERRITORY (ID,TERRITORYCODE,TERRITORYLEVEL,TERRITORYNAME,TERRITORY_PINYIN,TERRITORYSORT,X_WGS84,Y_WGS84,TERRITORYPARENTID) values ('1036','371481',4,'乐陵市','LLS','0',117.231935,37.729907,'101');
Insert into T_S_TERRITORY (ID,TERRITORYCODE,TERRITORYLEVEL,TERRITORYNAME,TERRITORY_PINYIN,TERRITORYSORT,X_WGS84,Y_WGS84,TERRITORYPARENTID) values ('1037','371482',4,'禹城市','YCS','0',116.638387,36.934259,'101');
Insert into T_S_TERRITORY (ID,TERRITORYCODE,TERRITORYLEVEL,TERRITORYNAME,TERRITORY_PINYIN,TERRITORYSORT,X_WGS84,Y_WGS84,TERRITORYPARENTID) values ('1038','371502',4,'东昌府区','DCFQ','0',115.988484,36.434697,'102');
Insert into T_S_TERRITORY (ID,TERRITORYCODE,TERRITORYLEVEL,TERRITORYNAME,TERRITORY_PINYIN,TERRITORYSORT,X_WGS84,Y_WGS84,TERRITORYPARENTID) values ('1039','371521',4,'阳谷县','YGX','0',115.79182,36.114392,'102');
Insert into T_S_TERRITORY (ID,TERRITORYCODE,TERRITORYLEVEL,TERRITORYNAME,TERRITORY_PINYIN,TERRITORYSORT,X_WGS84,Y_WGS84,TERRITORYPARENTID) values ('104','371700',3,'菏泽市','HZS','0',115.480656,35.23375,'18');
Insert into T_S_TERRITORY (ID,TERRITORYCODE,TERRITORYLEVEL,TERRITORYNAME,TERRITORY_PINYIN,TERRITORYSORT,X_WGS84,Y_WGS84,TERRITORYPARENTID) values ('1040','371522',4,'莘县','SX','0',115.671191,36.233599,'102');
Insert into T_S_TERRITORY (ID,TERRITORYCODE,TERRITORYLEVEL,TERRITORYNAME,TERRITORY_PINYIN,TERRITORYSORT,X_WGS84,Y_WGS84,TERRITORYPARENTID) values ('1041','371523',4,'茌平县','CPX','0',116.255282,36.5807639,'102');
Insert into T_S_TERRITORY (ID,TERRITORYCODE,TERRITORYLEVEL,TERRITORYNAME,TERRITORY_PINYIN,TERRITORYSORT,X_WGS84,Y_WGS84,TERRITORYPARENTID) values ('1042','371524',4,'东阿县','DAX','0',116.24758,36.334917,'102');
Insert into T_S_TERRITORY (ID,TERRITORYCODE,TERRITORYLEVEL,TERRITORYNAME,TERRITORY_PINYIN,TERRITORYSORT,X_WGS84,Y_WGS84,TERRITORYPARENTID) values ('1043','371525',4,'冠县','GX','0',115.44274,36.484009,'102');
Insert into T_S_TERRITORY (ID,TERRITORYCODE,TERRITORYLEVEL,TERRITORYNAME,TERRITORY_PINYIN,TERRITORYSORT,X_WGS84,Y_WGS84,TERRITORYPARENTID) values ('1044','371526',4,'高唐县','GTX','0',116.231478,36.866062,'102');
Insert into T_S_TERRITORY (ID,TERRITORYCODE,TERRITORYLEVEL,TERRITORYNAME,TERRITORY_PINYIN,TERRITORYSORT,X_WGS84,Y_WGS84,TERRITORYPARENTID) values ('1045','371581',4,'临清市','LQS','0',115.704881,36.838277,'102');
Insert into T_S_TERRITORY (ID,TERRITORYCODE,TERRITORYLEVEL,TERRITORYNAME,TERRITORY_PINYIN,TERRITORYSORT,X_WGS84,Y_WGS84,TERRITORYPARENTID) values ('1046','371602',4,'滨城区','BCQ','0',118.019146,37.43206,'103');
Insert into T_S_TERRITORY (ID,TERRITORYCODE,TERRITORYLEVEL,TERRITORYNAME,TERRITORY_PINYIN,TERRITORYSORT,X_WGS84,Y_WGS84,TERRITORYPARENTID) values ('1047','371621',4,'惠民县','HMX','0',117.510451,37.489769,'103');
Insert into T_S_TERRITORY (ID,TERRITORYCODE,TERRITORYLEVEL,TERRITORYNAME,TERRITORY_PINYIN,TERRITORYSORT,X_WGS84,Y_WGS84,TERRITORYPARENTID) values ('1048','371622',4,'阳信县','YXX','0',117.578262,37.641106,'103');
Insert into T_S_TERRITORY (ID,TERRITORYCODE,TERRITORYLEVEL,TERRITORYNAME,TERRITORY_PINYIN,TERRITORYSORT,X_WGS84,Y_WGS84,TERRITORYPARENTID) values ('1049','371623',4,'无棣县','WDX','0',117.625696,37.770261,'103');
Insert into T_S_TERRITORY (ID,TERRITORYCODE,TERRITORYLEVEL,TERRITORYNAME,TERRITORY_PINYIN,TERRITORYSORT,X_WGS84,Y_WGS84,TERRITORYPARENTID) values ('1050','371624',4,'沾化县','ZHX','0',118.132199,37.698281,'103');
Insert into T_S_TERRITORY (ID,TERRITORYCODE,TERRITORYLEVEL,TERRITORYNAME,TERRITORY_PINYIN,TERRITORYSORT,X_WGS84,Y_WGS84,TERRITORYPARENTID) values ('1051','371625',4,'博兴县','BXX','0',118.131815,37.150226,'103');
Insert into T_S_TERRITORY (ID,TERRITORYCODE,TERRITORYLEVEL,TERRITORYNAME,TERRITORY_PINYIN,TERRITORYSORT,X_WGS84,Y_WGS84,TERRITORYPARENTID) values ('1052','371626',4,'邹平县','ZPX','0',117.743109,36.862989,'103');
Insert into T_S_TERRITORY (ID,TERRITORYCODE,TERRITORYLEVEL,TERRITORYNAME,TERRITORY_PINYIN,TERRITORYSORT,X_WGS84,Y_WGS84,TERRITORYPARENTID) values ('1053','371702',4,'牡丹区','MDQ','0',115.417827,35.252512,'104');
Insert into T_S_TERRITORY (ID,TERRITORYCODE,TERRITORYLEVEL,TERRITORYNAME,TERRITORY_PINYIN,TERRITORYSORT,X_WGS84,Y_WGS84,TERRITORYPARENTID) values ('1054','371721',4,'曹县','CX','0',115.542328,34.825508,'104');
Insert into T_S_TERRITORY (ID,TERRITORYCODE,TERRITORYLEVEL,TERRITORYNAME,TERRITORY_PINYIN,TERRITORYSORT,X_WGS84,Y_WGS84,TERRITORYPARENTID) values ('1055','371722',4,'单县','DX','0',116.107428,34.778808,'104');
Insert into T_S_TERRITORY (ID,TERRITORYCODE,TERRITORYLEVEL,TERRITORYNAME,TERRITORY_PINYIN,TERRITORYSORT,X_WGS84,Y_WGS84,TERRITORYPARENTID) values ('1056','371723',4,'成武县','CWX','0',115.889765,34.952459,'104');
Insert into T_S_TERRITORY (ID,TERRITORYCODE,TERRITORYLEVEL,TERRITORYNAME,TERRITORY_PINYIN,TERRITORYSORT,X_WGS84,Y_WGS84,TERRITORYPARENTID) values ('1057','371724',4,'巨野县','JYX','0',116.094674,35.396261,'104');
Insert into T_S_TERRITORY (ID,TERRITORYCODE,TERRITORYLEVEL,TERRITORYNAME,TERRITORY_PINYIN,TERRITORYSORT,X_WGS84,Y_WGS84,TERRITORYPARENTID) values ('1058','371725',4,'郓城县','YCX','0',115.943613,35.599758,'104');
Insert into T_S_TERRITORY (ID,TERRITORYCODE,TERRITORYLEVEL,TERRITORYNAME,TERRITORY_PINYIN,TERRITORYSORT,X_WGS84,Y_WGS84,TERRITORYPARENTID) values ('1059','371726',4,'鄄城县','JCX','0',115.510193,35.563408,'104');
Insert into T_S_TERRITORY (ID,TERRITORYCODE,TERRITORYLEVEL,TERRITORYNAME,TERRITORY_PINYIN,TERRITORYSORT,X_WGS84,Y_WGS84,TERRITORYPARENTID) values ('1060','371727',4,'定陶县','DTX','0',115.573094,35.071,'104');
Insert into T_S_TERRITORY (ID,TERRITORYCODE,TERRITORYLEVEL,TERRITORYNAME,TERRITORY_PINYIN,TERRITORYSORT,X_WGS84,Y_WGS84,TERRITORYPARENTID) values ('1061','371728',4,'东明县','DMX','0',115.089905,35.289368,'104');
Insert into T_S_TERRITORY (ID,TERRITORYCODE,TERRITORYLEVEL,TERRITORYNAME,TERRITORY_PINYIN,TERRITORYSORT,X_WGS84,Y_WGS84,TERRITORYPARENTID) values ('11','00000008',2,'黑龙江省','HLJS','0',126.662507,45.7421699,'1');
Insert into T_S_TERRITORY (ID,TERRITORYCODE,TERRITORYLEVEL,TERRITORYNAME,TERRITORY_PINYIN,TERRITORYSORT,X_WGS84,Y_WGS84,TERRITORYPARENTID) values ('12','20000000',2,'上海市','SHS','0',121.473704,31.230393,'1');
Insert into T_S_TERRITORY (ID,TERRITORYCODE,TERRITORYLEVEL,TERRITORYNAME,TERRITORY_PINYIN,TERRITORYSORT,X_WGS84,Y_WGS84,TERRITORYPARENTID) values ('13','00000010',2,'江苏省','JSS','0',118.763232,32.061707,'1');
Insert into T_S_TERRITORY (ID,TERRITORYCODE,TERRITORYLEVEL,TERRITORYNAME,TERRITORY_PINYIN,TERRITORYSORT,X_WGS84,Y_WGS84,TERRITORYPARENTID) values ('14','00000011',2,'浙江省','ZJS','0',120.153676,30.26586,'1');
Insert into T_S_TERRITORY (ID,TERRITORYCODE,TERRITORYLEVEL,TERRITORYNAME,TERRITORY_PINYIN,TERRITORYSORT,X_WGS84,Y_WGS84,TERRITORYPARENTID) values ('15','00000012',2,'安徽省','AHS','0',117.284923,31.861184,'1');
Insert into T_S_TERRITORY (ID,TERRITORYCODE,TERRITORYLEVEL,TERRITORYNAME,TERRITORY_PINYIN,TERRITORYSORT,X_WGS84,Y_WGS84,TERRITORYPARENTID) values ('16','00000013',2,'福建省','FJS','0',119.296506,26.099933,'1');
Insert into T_S_TERRITORY (ID,TERRITORYCODE,TERRITORYLEVEL,TERRITORYNAME,TERRITORY_PINYIN,TERRITORYSORT,X_WGS84,Y_WGS84,TERRITORYPARENTID) values ('17','00000014',2,'江西省','JXS','0',115.909175,28.674424,'1');
Insert into T_S_TERRITORY (ID,TERRITORYCODE,TERRITORYLEVEL,TERRITORYNAME,TERRITORY_PINYIN,TERRITORYSORT,X_WGS84,Y_WGS84,TERRITORYPARENTID) values ('1739','360102',4,'东湖区','DHQ','0',115.89901,28.6849159,'184');
Insert into T_S_TERRITORY (ID,TERRITORYCODE,TERRITORYLEVEL,TERRITORYNAME,TERRITORY_PINYIN,TERRITORYSORT,X_WGS84,Y_WGS84,TERRITORYPARENTID) values ('1740','360103',4,'西湖区','XHQ','0',115.877287,28.656887,'184');
Insert into T_S_TERRITORY (ID,TERRITORYCODE,TERRITORYLEVEL,TERRITORYNAME,TERRITORY_PINYIN,TERRITORYSORT,X_WGS84,Y_WGS84,TERRITORYPARENTID) values ('1741','360104',4,'青云谱区','QYPQ','0',115.925749,28.621169,'184');
Insert into T_S_TERRITORY (ID,TERRITORYCODE,TERRITORYLEVEL,TERRITORYNAME,TERRITORY_PINYIN,TERRITORYSORT,X_WGS84,Y_WGS84,TERRITORYPARENTID) values ('1742','360105',4,'湾里区','WLQ','0',115.730994,28.714869,'184');
Insert into T_S_TERRITORY (ID,TERRITORYCODE,TERRITORYLEVEL,TERRITORYNAME,TERRITORY_PINYIN,TERRITORYSORT,X_WGS84,Y_WGS84,TERRITORYPARENTID) values ('1743','360111',4,'青山湖区','QSHQ','0',115.962144,28.682985,'184');
Insert into T_S_TERRITORY (ID,TERRITORYCODE,TERRITORYLEVEL,TERRITORYNAME,TERRITORY_PINYIN,TERRITORYSORT,X_WGS84,Y_WGS84,TERRITORYPARENTID) values ('1744','360121',4,'南昌县','NCX','0',115.944162,28.545459,'184');
Insert into T_S_TERRITORY (ID,TERRITORYCODE,TERRITORYLEVEL,TERRITORYNAME,TERRITORY_PINYIN,TERRITORYSORT,X_WGS84,Y_WGS84,TERRITORYPARENTID) values ('1745','360122',4,'新建县','XJX','0',115.815233,28.692437,'184');
Insert into T_S_TERRITORY (ID,TERRITORYCODE,TERRITORYLEVEL,TERRITORYNAME,TERRITORY_PINYIN,TERRITORYSORT,X_WGS84,Y_WGS84,TERRITORYPARENTID) values ('1746','360123',4,'安义县','AYX','0',115.549199,28.844429,'184');
Insert into T_S_TERRITORY (ID,TERRITORYCODE,TERRITORYLEVEL,TERRITORYNAME,TERRITORY_PINYIN,TERRITORYSORT,X_WGS84,Y_WGS84,TERRITORYPARENTID) values ('1747','360124',4,'进贤县','JXX','0',116.240924,28.376918,'184');
Insert into T_S_TERRITORY (ID,TERRITORYCODE,TERRITORYLEVEL,TERRITORYNAME,TERRITORY_PINYIN,TERRITORYSORT,X_WGS84,Y_WGS84,TERRITORYPARENTID) values ('1748','360202',4,'昌江区','CJQ','0',117.183688,29.27342,'185');
Insert into T_S_TERRITORY (ID,TERRITORYCODE,TERRITORYLEVEL,TERRITORYNAME,TERRITORY_PINYIN,TERRITORYSORT,X_WGS84,Y_WGS84,TERRITORYPARENTID) values ('1749','360203',4,'珠山区','ZSQ','0',117.202336,29.301272,'185');
Insert into T_S_TERRITORY (ID,TERRITORYCODE,TERRITORYLEVEL,TERRITORYNAME,TERRITORY_PINYIN,TERRITORYSORT,X_WGS84,Y_WGS84,TERRITORYPARENTID) values ('1750','360222',4,'浮梁县','FLX','0',117.215061,29.351739,'185');
Insert into T_S_TERRITORY (ID,TERRITORYCODE,TERRITORYLEVEL,TERRITORYNAME,TERRITORY_PINYIN,TERRITORYSORT,X_WGS84,Y_WGS84,TERRITORYPARENTID) values ('1751','360281',4,'乐平市','LPS','0',117.129169,28.961902,'185');
Insert into T_S_TERRITORY (ID,TERRITORYCODE,TERRITORYLEVEL,TERRITORYNAME,TERRITORY_PINYIN,TERRITORYSORT,X_WGS84,Y_WGS84,TERRITORYPARENTID) values ('1752','360302',4,'安源区','AYQ','0',113.87073,27.615202,'186');
Insert into T_S_TERRITORY (ID,TERRITORYCODE,TERRITORYLEVEL,TERRITORYNAME,TERRITORY_PINYIN,TERRITORYSORT,X_WGS84,Y_WGS84,TERRITORYPARENTID) values ('1753','360313',4,'湘东区','XDQ','0',113.733059,27.640075,'186');
Insert into T_S_TERRITORY (ID,TERRITORYCODE,TERRITORYLEVEL,TERRITORYNAME,TERRITORY_PINYIN,TERRITORYSORT,X_WGS84,Y_WGS84,TERRITORYPARENTID) values ('1754','360321',4,'莲花县','LHX','0',113.961465,27.127669,'186');
Insert into T_S_TERRITORY (ID,TERRITORYCODE,TERRITORYLEVEL,TERRITORYNAME,TERRITORY_PINYIN,TERRITORYSORT,X_WGS84,Y_WGS84,TERRITORYPARENTID) values ('1755','360322',4,'上栗县','SLX','0',113.795219,27.880567,'186');
Insert into T_S_TERRITORY (ID,TERRITORYCODE,TERRITORYLEVEL,TERRITORYNAME,TERRITORY_PINYIN,TERRITORYSORT,X_WGS84,Y_WGS84,TERRITORYPARENTID) values ('1756','360323',4,'芦溪县','LXX','0',114.029595,27.631145,'186');
Insert into T_S_TERRITORY (ID,TERRITORYCODE,TERRITORYLEVEL,TERRITORYNAME,TERRITORY_PINYIN,TERRITORYSORT,X_WGS84,Y_WGS84,TERRITORYPARENTID) values ('1757','360402',4,'庐山区','LSQ','0',115.989212,29.671775,'187');
Insert into T_S_TERRITORY (ID,TERRITORYCODE,TERRITORYLEVEL,TERRITORYNAME,TERRITORY_PINYIN,TERRITORYSORT,X_WGS84,Y_WGS84,TERRITORYPARENTID) values ('1758','360403',4,'浔阳区','XYQ','0',115.990399,29.72746,'187');
Insert into T_S_TERRITORY (ID,TERRITORYCODE,TERRITORYLEVEL,TERRITORYNAME,TERRITORY_PINYIN,TERRITORYSORT,X_WGS84,Y_WGS84,TERRITORYPARENTID) values ('1759','360421',4,'九江县','JJX','0',115.911314,29.608456,'187');
Insert into T_S_TERRITORY (ID,TERRITORYCODE,TERRITORYLEVEL,TERRITORYNAME,TERRITORY_PINYIN,TERRITORYSORT,X_WGS84,Y_WGS84,TERRITORYPARENTID) values ('1760','360423',4,'武宁县','WNX','0',115.100579,29.256323,'187');
Insert into T_S_TERRITORY (ID,TERRITORYCODE,TERRITORYLEVEL,TERRITORYNAME,TERRITORY_PINYIN,TERRITORYSORT,X_WGS84,Y_WGS84,TERRITORYPARENTID) values ('1761','360424',4,'修水县','XSX','0',114.547356,29.025707,'187');
Insert into T_S_TERRITORY (ID,TERRITORYCODE,TERRITORYLEVEL,TERRITORYNAME,TERRITORY_PINYIN,TERRITORYSORT,X_WGS84,Y_WGS84,TERRITORYPARENTID) values ('1762','360425',4,'永修县','YXX','0',115.809111,29.021824,'187');
Insert into T_S_TERRITORY (ID,TERRITORYCODE,TERRITORYLEVEL,TERRITORYNAME,TERRITORY_PINYIN,TERRITORYSORT,X_WGS84,Y_WGS84,TERRITORYPARENTID) values ('1763','360426',4,'德安县','DAX','0',115.756883,29.314348,'187');
Insert into T_S_TERRITORY (ID,TERRITORYCODE,TERRITORYLEVEL,TERRITORYNAME,TERRITORY_PINYIN,TERRITORYSORT,X_WGS84,Y_WGS84,TERRITORYPARENTID) values ('1764','360427',4,'星子县','XZX','0',116.044893,29.448037,'187');
Insert into T_S_TERRITORY (ID,TERRITORYCODE,TERRITORYLEVEL,TERRITORYNAME,TERRITORY_PINYIN,TERRITORYSORT,X_WGS84,Y_WGS84,TERRITORYPARENTID) values ('1765','360428',4,'都昌县','DCX','0',116.204099,29.273194,'187');
Insert into T_S_TERRITORY (ID,TERRITORYCODE,TERRITORYLEVEL,TERRITORYNAME,TERRITORY_PINYIN,TERRITORYSORT,X_WGS84,Y_WGS84,TERRITORYPARENTID) values ('1766','360429',4,'湖口县','HKX','0',116.220266,29.73944,'187');
Insert into T_S_TERRITORY (ID,TERRITORYCODE,TERRITORYLEVEL,TERRITORYNAME,TERRITORY_PINYIN,TERRITORYSORT,X_WGS84,Y_WGS84,TERRITORYPARENTID) values ('1767','360430',4,'彭泽县','PZX','0',116.549359,29.896061,'187');
Insert into T_S_TERRITORY (ID,TERRITORYCODE,TERRITORYLEVEL,TERRITORYNAME,TERRITORY_PINYIN,TERRITORYSORT,X_WGS84,Y_WGS84,TERRITORYPARENTID) values ('1768','360481',4,'瑞昌市','RCS','0',115.681504,29.673795,'187');
Insert into T_S_TERRITORY (ID,TERRITORYCODE,TERRITORYLEVEL,TERRITORYNAME,TERRITORY_PINYIN,TERRITORYSORT,X_WGS84,Y_WGS84,TERRITORYPARENTID) values ('1769','360499',4,'共青城','GQC','0',115.774,29.2417,'187');
Insert into T_S_TERRITORY (ID,TERRITORYCODE,TERRITORYLEVEL,TERRITORYNAME,TERRITORY_PINYIN,TERRITORYSORT,X_WGS84,Y_WGS84,TERRITORYPARENTID) values ('1770','360502',4,'渝水区','YSQ','0',114.944574,27.80038,'188');
Insert into T_S_TERRITORY (ID,TERRITORYCODE,TERRITORYLEVEL,TERRITORYNAME,TERRITORY_PINYIN,TERRITORYSORT,X_WGS84,Y_WGS84,TERRITORYPARENTID) values ('1771','360521',4,'分宜县','FYX','0',114.692039,27.814628,'188');
Insert into T_S_TERRITORY (ID,TERRITORYCODE,TERRITORYLEVEL,TERRITORYNAME,TERRITORY_PINYIN,TERRITORYSORT,X_WGS84,Y_WGS84,TERRITORYPARENTID) values ('1772','360602',4,'月湖区','YHQ','0',117.036676,28.238797,'189');
Insert into T_S_TERRITORY (ID,TERRITORYCODE,TERRITORYLEVEL,TERRITORYNAME,TERRITORY_PINYIN,TERRITORYSORT,X_WGS84,Y_WGS84,TERRITORYPARENTID) values ('1773','360622',4,'余江县','YJX','0',116.818871,28.204174,'189');
Insert into T_S_TERRITORY (ID,TERRITORYCODE,TERRITORYLEVEL,TERRITORYNAME,TERRITORY_PINYIN,TERRITORYSORT,X_WGS84,Y_WGS84,TERRITORYPARENTID) values ('1774','360681',4,'贵溪市','GXS','0',117.245497,28.292519,'189');
Insert into T_S_TERRITORY (ID,TERRITORYCODE,TERRITORYLEVEL,TERRITORYNAME,TERRITORY_PINYIN,TERRITORYSORT,X_WGS84,Y_WGS84,TERRITORYPARENTID) values ('1775','360702',4,'章贡区','ZGQ','0',114.941826,25.862827,'190');
Insert into T_S_TERRITORY (ID,TERRITORYCODE,TERRITORYLEVEL,TERRITORYNAME,TERRITORY_PINYIN,TERRITORYSORT,X_WGS84,Y_WGS84,TERRITORYPARENTID) values ('1776','360721',4,'赣县','GX','0',115.011561,25.860691,'190');
Insert into T_S_TERRITORY (ID,TERRITORYCODE,TERRITORYLEVEL,TERRITORYNAME,TERRITORY_PINYIN,TERRITORYSORT,X_WGS84,Y_WGS84,TERRITORYPARENTID) values ('1777','360722',4,'信丰县','XFX','0',114.922963,25.386278,'190');
Insert into T_S_TERRITORY (ID,TERRITORYCODE,TERRITORYLEVEL,TERRITORYNAME,TERRITORY_PINYIN,TERRITORYSORT,X_WGS84,Y_WGS84,TERRITORYPARENTID) values ('1778','360723',4,'大余县','DYX','0',114.362094,25.401283,'190');
Insert into T_S_TERRITORY (ID,TERRITORYCODE,TERRITORYLEVEL,TERRITORYNAME,TERRITORY_PINYIN,TERRITORYSORT,X_WGS84,Y_WGS84,TERRITORYPARENTID) values ('1779','360724',4,'上犹县','SYX','0',114.551371,25.784978,'190');
Insert into T_S_TERRITORY (ID,TERRITORYCODE,TERRITORYLEVEL,TERRITORYNAME,TERRITORY_PINYIN,TERRITORYSORT,X_WGS84,Y_WGS84,TERRITORYPARENTID) values ('1780','360725',4,'崇义县','CYX','0',114.308273,25.681879,'190');
Insert into T_S_TERRITORY (ID,TERRITORYCODE,TERRITORYLEVEL,TERRITORYNAME,TERRITORY_PINYIN,TERRITORYSORT,X_WGS84,Y_WGS84,TERRITORYPARENTID) values ('1781','360726',4,'安远县','AYX','0',115.393922,25.136925,'190');
Insert into T_S_TERRITORY (ID,TERRITORYCODE,TERRITORYLEVEL,TERRITORYNAME,TERRITORY_PINYIN,TERRITORYSORT,X_WGS84,Y_WGS84,TERRITORYPARENTID) values ('1782','360727',4,'龙南县','LNX','0',114.789811,24.911107,'190');
Insert into T_S_TERRITORY (ID,TERRITORYCODE,TERRITORYLEVEL,TERRITORYNAME,TERRITORY_PINYIN,TERRITORYSORT,X_WGS84,Y_WGS84,TERRITORYPARENTID) values ('1783','360728',4,'定南县','DNX','0',115.027845,24.78441,'190');
Insert into T_S_TERRITORY (ID,TERRITORYCODE,TERRITORYLEVEL,TERRITORYNAME,TERRITORY_PINYIN,TERRITORYSORT,X_WGS84,Y_WGS84,TERRITORYPARENTID) values ('1784','360729',4,'全南县','QNX','0',114.530125,24.742401,'190');
Insert into T_S_TERRITORY (ID,TERRITORYCODE,TERRITORYLEVEL,TERRITORYNAME,TERRITORY_PINYIN,TERRITORYSORT,X_WGS84,Y_WGS84,TERRITORYPARENTID) values ('1785','360730',4,'宁都县','NDX','0',116.009472,26.470116,'190');
Insert into T_S_TERRITORY (ID,TERRITORYCODE,TERRITORYLEVEL,TERRITORYNAME,TERRITORY_PINYIN,TERRITORYSORT,X_WGS84,Y_WGS84,TERRITORYPARENTID) values ('1786','360731',4,'于都县','YDX','0',115.41551,25.952066,'190');
Insert into T_S_TERRITORY (ID,TERRITORYCODE,TERRITORYLEVEL,TERRITORYNAME,TERRITORY_PINYIN,TERRITORYSORT,X_WGS84,Y_WGS84,TERRITORYPARENTID) values ('1787','360732',4,'兴国县','XGX','0',115.36319,26.337937,'190');
Insert into T_S_TERRITORY (ID,TERRITORYCODE,TERRITORYLEVEL,TERRITORYNAME,TERRITORY_PINYIN,TERRITORYSORT,X_WGS84,Y_WGS84,TERRITORYPARENTID) values ('1788','360733',4,'会昌县','HCX','0',115.786057,25.600272,'190');
Insert into T_S_TERRITORY (ID,TERRITORYCODE,TERRITORYLEVEL,TERRITORYNAME,TERRITORY_PINYIN,TERRITORYSORT,X_WGS84,Y_WGS84,TERRITORYPARENTID) values ('1789','360734',4,'寻乌县','YWX','0',115.646525,24.963322,'190');
Insert into T_S_TERRITORY (ID,TERRITORYCODE,TERRITORYLEVEL,TERRITORYNAME,TERRITORY_PINYIN,TERRITORYSORT,X_WGS84,Y_WGS84,TERRITORYPARENTID) values ('1790','360735',4,'石城县','SCX','0',116.354201,26.32686,'190');
Insert into T_S_TERRITORY (ID,TERRITORYCODE,TERRITORYLEVEL,TERRITORYNAME,TERRITORY_PINYIN,TERRITORYSORT,X_WGS84,Y_WGS84,TERRITORYPARENTID) values ('1791','360781',4,'瑞金市','RJS','0',116.02713,25.885561,'190');
Insert into T_S_TERRITORY (ID,TERRITORYCODE,TERRITORYLEVEL,TERRITORYNAME,TERRITORY_PINYIN,TERRITORYSORT,X_WGS84,Y_WGS84,TERRITORYPARENTID) values ('1792','360782',4,'南康市','NKS','0',114.765238,25.661356,'190');
Insert into T_S_TERRITORY (ID,TERRITORYCODE,TERRITORYLEVEL,TERRITORYNAME,TERRITORY_PINYIN,TERRITORYSORT,X_WGS84,Y_WGS84,TERRITORYPARENTID) values ('1793','360802',4,'吉州区','JZQ','0',114.994307,27.129975,'191');
Insert into T_S_TERRITORY (ID,TERRITORYCODE,TERRITORYLEVEL,TERRITORYNAME,TERRITORY_PINYIN,TERRITORYSORT,X_WGS84,Y_WGS84,TERRITORYPARENTID) values ('1794','360803',4,'青原区','QYQ','0',115.01424,27.081719,'191');
Insert into T_S_TERRITORY (ID,TERRITORYCODE,TERRITORYLEVEL,TERRITORYNAME,TERRITORY_PINYIN,TERRITORYSORT,X_WGS84,Y_WGS84,TERRITORYPARENTID) values ('1795','360821',4,'吉安县','JAX','0',114.907659,27.040142,'191');
Insert into T_S_TERRITORY (ID,TERRITORYCODE,TERRITORYLEVEL,TERRITORYNAME,TERRITORY_PINYIN,TERRITORYSORT,X_WGS84,Y_WGS84,TERRITORYPARENTID) values ('1796','360822',4,'吉水县','JSX','0',115.135507,27.229632,'191');
Insert into T_S_TERRITORY (ID,TERRITORYCODE,TERRITORYLEVEL,TERRITORYNAME,TERRITORY_PINYIN,TERRITORYSORT,X_WGS84,Y_WGS84,TERRITORYPARENTID) values ('1797','360823',4,'峡江县','XJX','0',115.316566,27.582901,'191');
Insert into T_S_TERRITORY (ID,TERRITORYCODE,TERRITORYLEVEL,TERRITORYNAME,TERRITORY_PINYIN,TERRITORYSORT,X_WGS84,Y_WGS84,TERRITORYPARENTID) values ('1798','360824',4,'新干县','XGX','0',115.393043,27.740809,'191');
Insert into T_S_TERRITORY (ID,TERRITORYCODE,TERRITORYLEVEL,TERRITORYNAME,TERRITORY_PINYIN,TERRITORYSORT,X_WGS84,Y_WGS84,TERRITORYPARENTID) values ('1799','360825',4,'永丰县','YFX','0',115.441477,27.317869,'191');
Insert into T_S_TERRITORY (ID,TERRITORYCODE,TERRITORYLEVEL,TERRITORYNAME,TERRITORY_PINYIN,TERRITORYSORT,X_WGS84,Y_WGS84,TERRITORYPARENTID) values ('18','00000015',2,'山东省','SDS','0',117.020411,36.668627,'1');
Insert into T_S_TERRITORY (ID,TERRITORYCODE,TERRITORYLEVEL,TERRITORYNAME,TERRITORY_PINYIN,TERRITORYSORT,X_WGS84,Y_WGS84,TERRITORYPARENTID) values ('1800','360826',4,'泰和县','THX','0',114.908861,26.790231,'191');
Insert into T_S_TERRITORY (ID,TERRITORYCODE,TERRITORYLEVEL,TERRITORYNAME,TERRITORY_PINYIN,TERRITORYSORT,X_WGS84,Y_WGS84,TERRITORYPARENTID) values ('1801','360827',4,'遂川县','SCX','0',114.52098,26.311894,'191');
Insert into T_S_TERRITORY (ID,TERRITORYCODE,TERRITORYLEVEL,TERRITORYNAME,TERRITORY_PINYIN,TERRITORYSORT,X_WGS84,Y_WGS84,TERRITORYPARENTID) values ('1802','360828',4,'万安县','WAX','0',114.786256,26.458257,'191');
Insert into T_S_TERRITORY (ID,TERRITORYCODE,TERRITORYLEVEL,TERRITORYNAME,TERRITORY_PINYIN,TERRITORYSORT,X_WGS84,Y_WGS84,TERRITORYPARENTID) values ('1803','360829',4,'安福县','AFX','0',114.619893,27.392874,'191');
Insert into T_S_TERRITORY (ID,TERRITORYCODE,TERRITORYLEVEL,TERRITORYNAME,TERRITORY_PINYIN,TERRITORYSORT,X_WGS84,Y_WGS84,TERRITORYPARENTID) values ('1804','360830',4,'永新县','YXX','0',114.242675,26.945233,'191');
Insert into T_S_TERRITORY (ID,TERRITORYCODE,TERRITORYLEVEL,TERRITORYNAME,TERRITORY_PINYIN,TERRITORYSORT,X_WGS84,Y_WGS84,TERRITORYPARENTID) values ('1805','360881',4,'井冈山市','JGSS','0',114.289182,26.748186,'191');
Insert into T_S_TERRITORY (ID,TERRITORYCODE,TERRITORYLEVEL,TERRITORYNAME,TERRITORY_PINYIN,TERRITORYSORT,X_WGS84,Y_WGS84,TERRITORYPARENTID) values ('1806','360902',4,'袁州区','YZQ','0',114.424657,27.798846,'192');
Insert into T_S_TERRITORY (ID,TERRITORYCODE,TERRITORYLEVEL,TERRITORYNAME,TERRITORY_PINYIN,TERRITORYSORT,X_WGS84,Y_WGS84,TERRITORYPARENTID) values ('1807','360921',4,'奉新县','FXX','0',115.384904,28.700806,'192');
Insert into T_S_TERRITORY (ID,TERRITORYCODE,TERRITORYLEVEL,TERRITORYNAME,TERRITORY_PINYIN,TERRITORYSORT,X_WGS84,Y_WGS84,TERRITORYPARENTID) values ('1808','360922',4,'万载县','WZX','0',114.447551,28.10455,'192');
Insert into T_S_TERRITORY (ID,TERRITORYCODE,TERRITORYLEVEL,TERRITORYNAME,TERRITORY_PINYIN,TERRITORYSORT,X_WGS84,Y_WGS84,TERRITORYPARENTID) values ('1809','360923',4,'上高县','SGX','0',114.924494,28.232827,'192');
Insert into T_S_TERRITORY (ID,TERRITORYCODE,TERRITORYLEVEL,TERRITORYNAME,TERRITORY_PINYIN,TERRITORYSORT,X_WGS84,Y_WGS84,TERRITORYPARENTID) values ('1810','360924',4,'宜丰县','YFX','0',114.803542,28.393613,'192');
Insert into T_S_TERRITORY (ID,TERRITORYCODE,TERRITORYLEVEL,TERRITORYNAME,TERRITORY_PINYIN,TERRITORYSORT,X_WGS84,Y_WGS84,TERRITORYPARENTID) values ('1811','360925',4,'靖安县','JAX','0',115.362629,28.861475,'192');
Insert into T_S_TERRITORY (ID,TERRITORYCODE,TERRITORYLEVEL,TERRITORYNAME,TERRITORY_PINYIN,TERRITORYSORT,X_WGS84,Y_WGS84,TERRITORYPARENTID) values ('1812','360926',4,'铜鼓县','TGX','0',114.37098,28.520747,'192');
Insert into T_S_TERRITORY (ID,TERRITORYCODE,TERRITORYLEVEL,TERRITORYNAME,TERRITORY_PINYIN,TERRITORYSORT,X_WGS84,Y_WGS84,TERRITORYPARENTID) values ('1813','360981',4,'丰城市','FCS','0',115.771195,28.159325,'192');
Insert into T_S_TERRITORY (ID,TERRITORYCODE,TERRITORYLEVEL,TERRITORYNAME,TERRITORY_PINYIN,TERRITORYSORT,X_WGS84,Y_WGS84,TERRITORYPARENTID) values ('1814','360982',4,'樟树市','ZSS','0',115.546063,28.055796,'192');
Insert into T_S_TERRITORY (ID,TERRITORYCODE,TERRITORYLEVEL,TERRITORYNAME,TERRITORY_PINYIN,TERRITORYSORT,X_WGS84,Y_WGS84,TERRITORYPARENTID) values ('1815','360983',4,'高安市','GAS','0',115.375618,28.417261,'192');
Insert into T_S_TERRITORY (ID,TERRITORYCODE,TERRITORYLEVEL,TERRITORYNAME,TERRITORY_PINYIN,TERRITORYSORT,X_WGS84,Y_WGS84,TERRITORYPARENTID) values ('1816','361002',4,'临川区','LCQ','0',116.31136,27.934529,'193');
Insert into T_S_TERRITORY (ID,TERRITORYCODE,TERRITORYLEVEL,TERRITORYNAME,TERRITORY_PINYIN,TERRITORYSORT,X_WGS84,Y_WGS84,TERRITORYPARENTID) values ('1817','361021',4,'南城县','NCX','0',116.644658,27.552748,'193');
Insert into T_S_TERRITORY (ID,TERRITORYCODE,TERRITORYLEVEL,TERRITORYNAME,TERRITORY_PINYIN,TERRITORYSORT,X_WGS84,Y_WGS84,TERRITORYPARENTID) values ('1818','361022',4,'黎川县','LCX','0',116.907508,27.282382,'193');
Insert into T_S_TERRITORY (ID,TERRITORYCODE,TERRITORYLEVEL,TERRITORYNAME,TERRITORY_PINYIN,TERRITORYSORT,X_WGS84,Y_WGS84,TERRITORYPARENTID) values ('1819','361023',4,'南丰县','NFX','0',116.525725,27.218445,'193');
Insert into T_S_TERRITORY (ID,TERRITORYCODE,TERRITORYLEVEL,TERRITORYNAME,TERRITORY_PINYIN,TERRITORYSORT,X_WGS84,Y_WGS84,TERRITORYPARENTID) values ('1820','361024',4,'崇仁县','CRX','0',116.061164,27.764681,'193');
Insert into T_S_TERRITORY (ID,TERRITORYCODE,TERRITORYLEVEL,TERRITORYNAME,TERRITORY_PINYIN,TERRITORYSORT,X_WGS84,Y_WGS84,TERRITORYPARENTID) values ('1821','361025',4,'乐安县','LAX','0',115.837895,27.420441,'193');
Insert into T_S_TERRITORY (ID,TERRITORYCODE,TERRITORYLEVEL,TERRITORYNAME,TERRITORY_PINYIN,TERRITORYSORT,X_WGS84,Y_WGS84,TERRITORYPARENTID) values ('1822','361026',4,'宜黄县','YHX','0',116.222128,27.546146,'193');
Insert into T_S_TERRITORY (ID,TERRITORYCODE,TERRITORYLEVEL,TERRITORYNAME,TERRITORY_PINYIN,TERRITORYSORT,X_WGS84,Y_WGS84,TERRITORYPARENTID) values ('1823','361027',4,'金溪县','JXX','0',116.775435,27.908337,'193');
Insert into T_S_TERRITORY (ID,TERRITORYCODE,TERRITORYLEVEL,TERRITORYNAME,TERRITORY_PINYIN,TERRITORYSORT,X_WGS84,Y_WGS84,TERRITORYPARENTID) values ('1824','361028',4,'资溪县','ZXX','0',117.060264,27.706102,'193');
Insert into T_S_TERRITORY (ID,TERRITORYCODE,TERRITORYLEVEL,TERRITORYNAME,TERRITORY_PINYIN,TERRITORYSORT,X_WGS84,Y_WGS84,TERRITORYPARENTID) values ('1825','361029',4,'东乡县','DXX','0',116.590465,28.236118,'193');
Insert into T_S_TERRITORY (ID,TERRITORYCODE,TERRITORYLEVEL,TERRITORYNAME,TERRITORY_PINYIN,TERRITORYSORT,X_WGS84,Y_WGS84,TERRITORYPARENTID) values ('1826','361030',4,'广昌县','GCX','0',116.325757,26.837267,'193');
Insert into T_S_TERRITORY (ID,TERRITORYCODE,TERRITORYLEVEL,TERRITORYNAME,TERRITORY_PINYIN,TERRITORYSORT,X_WGS84,Y_WGS84,TERRITORYPARENTID) values ('1827','361102',4,'信州区','XZQ','0',117.966823,28.43121,'194');
Insert into T_S_TERRITORY (ID,TERRITORYCODE,TERRITORYLEVEL,TERRITORYNAME,TERRITORY_PINYIN,TERRITORYSORT,X_WGS84,Y_WGS84,TERRITORYPARENTID) values ('1828','361121',4,'上饶县','SRX','0',117.90785,28.448983,'194');
Insert into T_S_TERRITORY (ID,TERRITORYCODE,TERRITORYLEVEL,TERRITORYNAME,TERRITORY_PINYIN,TERRITORYSORT,X_WGS84,Y_WGS84,TERRITORYPARENTID) values ('1829','361122',4,'广丰县','GFX','0',118.19124,28.436286,'194');
Insert into T_S_TERRITORY (ID,TERRITORYCODE,TERRITORYLEVEL,TERRITORYNAME,TERRITORY_PINYIN,TERRITORYSORT,X_WGS84,Y_WGS84,TERRITORYPARENTID) values ('1830','361123',4,'玉山县','YSX','0',118.245124,28.682055,'194');
Insert into T_S_TERRITORY (ID,TERRITORYCODE,TERRITORYLEVEL,TERRITORYNAME,TERRITORY_PINYIN,TERRITORYSORT,X_WGS84,Y_WGS84,TERRITORYPARENTID) values ('1831','361124',4,'铅山县','QSX','0',117.709451,28.315217,'194');
Insert into T_S_TERRITORY (ID,TERRITORYCODE,TERRITORYLEVEL,TERRITORYNAME,TERRITORY_PINYIN,TERRITORYSORT,X_WGS84,Y_WGS84,TERRITORYPARENTID) values ('1832','361125',4,'横峰县','HFX','0',117.596452,28.407118,'194');
Insert into T_S_TERRITORY (ID,TERRITORYCODE,TERRITORYLEVEL,TERRITORYNAME,TERRITORY_PINYIN,TERRITORYSORT,X_WGS84,Y_WGS84,TERRITORYPARENTID) values ('1833','361126',4,'弋阳县','YYX','0',117.449588,28.378044,'194');
Insert into T_S_TERRITORY (ID,TERRITORYCODE,TERRITORYLEVEL,TERRITORYNAME,TERRITORY_PINYIN,TERRITORYSORT,X_WGS84,Y_WGS84,TERRITORYPARENTID) values ('1834','361127',4,'余干县','YGX','0',116.695647,28.702302,'194');
Insert into T_S_TERRITORY (ID,TERRITORYCODE,TERRITORYLEVEL,TERRITORYNAME,TERRITORY_PINYIN,TERRITORYSORT,X_WGS84,Y_WGS84,TERRITORYPARENTID) values ('1835','361128',4,'鄱阳县','PYX','0',116.699746,29.011699,'194');
Insert into T_S_TERRITORY (ID,TERRITORYCODE,TERRITORYLEVEL,TERRITORYNAME,TERRITORY_PINYIN,TERRITORYSORT,X_WGS84,Y_WGS84,TERRITORYPARENTID) values ('1836','361129',4,'万年县','WNX','0',117.058445,28.694582,'194');
Insert into T_S_TERRITORY (ID,TERRITORYCODE,TERRITORYLEVEL,TERRITORYNAME,TERRITORY_PINYIN,TERRITORYSORT,X_WGS84,Y_WGS84,TERRITORYPARENTID) values ('1837','361130',4,'婺源县','WYX','0',117.861911,29.2480249,'194');
Insert into T_S_TERRITORY (ID,TERRITORYCODE,TERRITORYLEVEL,TERRITORYNAME,TERRITORY_PINYIN,TERRITORYSORT,X_WGS84,Y_WGS84,TERRITORYPARENTID) values ('1838','361181',4,'德兴市','DXS','0',117.578713,28.946464,'194');
Insert into T_S_TERRITORY (ID,TERRITORYCODE,TERRITORYLEVEL,TERRITORYNAME,TERRITORY_PINYIN,TERRITORYSORT,X_WGS84,Y_WGS84,TERRITORYPARENTID) values ('1839','370102',4,'历下区','LXQ','0',117.07653,36.666344,'195');
Insert into T_S_TERRITORY (ID,TERRITORYCODE,TERRITORYLEVEL,TERRITORYNAME,TERRITORY_PINYIN,TERRITORYSORT,X_WGS84,Y_WGS84,TERRITORYPARENTID) values ('184','360100',3,'南昌市','NCS','0',115.858089,28.68316,'17');
Insert into T_S_TERRITORY (ID,TERRITORYCODE,TERRITORYLEVEL,TERRITORYNAME,TERRITORY_PINYIN,TERRITORYSORT,X_WGS84,Y_WGS84,TERRITORYPARENTID) values ('1840','370103',4,'市中区','SZQ','0',116.997475,36.6511749,'195');
Insert into T_S_TERRITORY (ID,TERRITORYCODE,TERRITORYLEVEL,TERRITORYNAME,TERRITORY_PINYIN,TERRITORYSORT,X_WGS84,Y_WGS84,TERRITORYPARENTID) values ('1841','370104',4,'槐荫区','HYQ','0',116.90113,36.651301,'195');
Insert into T_S_TERRITORY (ID,TERRITORYCODE,TERRITORYLEVEL,TERRITORYNAME,TERRITORY_PINYIN,TERRITORYSORT,X_WGS84,Y_WGS84,TERRITORYPARENTID) values ('1842','370105',4,'天桥区','TQQ','0',116.987492,36.678016,'195');
Insert into T_S_TERRITORY (ID,TERRITORYCODE,TERRITORYLEVEL,TERRITORYNAME,TERRITORY_PINYIN,TERRITORYSORT,X_WGS84,Y_WGS84,TERRITORYPARENTID) values ('1843','370112',4,'历城区','LCQ','0',117.065222,36.680171,'195');
Insert into T_S_TERRITORY (ID,TERRITORYCODE,TERRITORYLEVEL,TERRITORYNAME,TERRITORY_PINYIN,TERRITORYSORT,X_WGS84,Y_WGS84,TERRITORYPARENTID) values ('185','360200',3,'景德镇市','JDZS','0',117.17842,29.268836,'17');
Insert into T_S_TERRITORY (ID,TERRITORYCODE,TERRITORYLEVEL,TERRITORYNAME,TERRITORY_PINYIN,TERRITORYSORT,X_WGS84,Y_WGS84,TERRITORYPARENTID) values ('186','360300',3,'萍乡市','PXS','0',113.854676,27.622865,'17');
Insert into T_S_TERRITORY (ID,TERRITORYCODE,TERRITORYLEVEL,TERRITORYNAME,TERRITORY_PINYIN,TERRITORYSORT,X_WGS84,Y_WGS84,TERRITORYPARENTID) values ('187','360400',3,'九江市','JJS','0',116.001951,29.705103,'17');
Insert into T_S_TERRITORY (ID,TERRITORYCODE,TERRITORYLEVEL,TERRITORYNAME,TERRITORY_PINYIN,TERRITORYSORT,X_WGS84,Y_WGS84,TERRITORYPARENTID) values ('188','360500',3,'新余市','XYS','0',114.91741,27.817819,'17');
Insert into T_S_TERRITORY (ID,TERRITORYCODE,TERRITORYLEVEL,TERRITORYNAME,TERRITORY_PINYIN,TERRITORYSORT,X_WGS84,Y_WGS84,TERRITORYPARENTID) values ('189','360600',3,'鹰潭市','YTS','0',117.069202,28.260189,'17');
Insert into T_S_TERRITORY (ID,TERRITORYCODE,TERRITORYLEVEL,TERRITORYNAME,TERRITORY_PINYIN,TERRITORYSORT,X_WGS84,Y_WGS84,TERRITORYPARENTID) values ('19','00000017',2,'湖北省','HBS','0',114.341921,30.545861,'1');
Insert into T_S_TERRITORY (ID,TERRITORYCODE,TERRITORYLEVEL,TERRITORYNAME,TERRITORY_PINYIN,TERRITORYSORT,X_WGS84,Y_WGS84,TERRITORYPARENTID) values ('190','360700',3,'赣州市','GZS','0',114.935025,25.831925,'17');
Insert into T_S_TERRITORY (ID,TERRITORYCODE,TERRITORYLEVEL,TERRITORYNAME,TERRITORY_PINYIN,TERRITORYSORT,X_WGS84,Y_WGS84,TERRITORYPARENTID) values ('191','360800',3,'吉安市','JAS','0',114.992912,27.113039,'17');
Insert into T_S_TERRITORY (ID,TERRITORYCODE,TERRITORYLEVEL,TERRITORYNAME,TERRITORY_PINYIN,TERRITORYSORT,X_WGS84,Y_WGS84,TERRITORYPARENTID) values ('192','360900',3,'宜春市','YCS','0',114.416778,27.815619,'17');
Insert into T_S_TERRITORY (ID,TERRITORYCODE,TERRITORYLEVEL,TERRITORYNAME,TERRITORY_PINYIN,TERRITORYSORT,X_WGS84,Y_WGS84,TERRITORYPARENTID) values ('193','361000',3,'抚州市','FZS','0',116.358176,27.9492,'17');
Insert into T_S_TERRITORY (ID,TERRITORYCODE,TERRITORYLEVEL,TERRITORYNAME,TERRITORY_PINYIN,TERRITORYSORT,X_WGS84,Y_WGS84,TERRITORYPARENTID) values ('194','361100',3,'上饶市','SRS','0',117.943433,28.454863,'17');
Insert into T_S_TERRITORY (ID,TERRITORYCODE,TERRITORYLEVEL,TERRITORYNAME,TERRITORY_PINYIN,TERRITORYSORT,X_WGS84,Y_WGS84,TERRITORYPARENTID) values ('195','370100',3,'济南市','JNS','0',116.994917,36.665282,'18');
Insert into T_S_TERRITORY (ID,TERRITORYCODE,TERRITORYLEVEL,TERRITORYNAME,TERRITORY_PINYIN,TERRITORYSORT,X_WGS84,Y_WGS84,TERRITORYPARENTID) values ('20','00000018',2,'湖南省','HNS','0',112.98381,28.112444,'1');
Insert into T_S_TERRITORY (ID,TERRITORYCODE,TERRITORYLEVEL,TERRITORYNAME,TERRITORY_PINYIN,TERRITORYSORT,X_WGS84,Y_WGS84,TERRITORYPARENTID) values ('21','40000000',2,'重庆市','ZQS','0',106.551557,29.56301,'1');
Insert into T_S_TERRITORY (ID,TERRITORYCODE,TERRITORYLEVEL,TERRITORYNAME,TERRITORY_PINYIN,TERRITORYSORT,X_WGS84,Y_WGS84,TERRITORYPARENTID) values ('22','00000022',2,'四川省','SCS','0',104.075931,30.651652,'1');
Insert into T_S_TERRITORY (ID,TERRITORYCODE,TERRITORYLEVEL,TERRITORYNAME,TERRITORY_PINYIN,TERRITORYSORT,X_WGS84,Y_WGS84,TERRITORYPARENTID) values ('23','00000019',2,'广东省','GDS','0',113.266531,23.132191,'1');
Insert into T_S_TERRITORY (ID,TERRITORYCODE,TERRITORYLEVEL,TERRITORYNAME,TERRITORY_PINYIN,TERRITORYSORT,X_WGS84,Y_WGS84,TERRITORYPARENTID) values ('24','00000020',2,'广西壮族自治区','GXZZZZQ','0',108.327546,22.815478,'1');
Insert into T_S_TERRITORY (ID,TERRITORYCODE,TERRITORYLEVEL,TERRITORYNAME,TERRITORY_PINYIN,TERRITORYSORT,X_WGS84,Y_WGS84,TERRITORYPARENTID) values ('25','00000021',2,'海南省','HNS','0',110.349229,20.017378,'1');
Insert into T_S_TERRITORY (ID,TERRITORYCODE,TERRITORYLEVEL,TERRITORYNAME,TERRITORY_PINYIN,TERRITORYSORT,X_WGS84,Y_WGS84,TERRITORYPARENTID) values ('26','810000',2,'香港特别行政区','XGTBXZQ','0',114.109497,22.396428,'1');
Insert into T_S_TERRITORY (ID,TERRITORYCODE,TERRITORYLEVEL,TERRITORYNAME,TERRITORY_PINYIN,TERRITORYSORT,X_WGS84,Y_WGS84,TERRITORYPARENTID) values ('27','820000',2,'澳门特别行政区','AMTBXZQ','0',113.543873,22.198745,'1');
Insert into T_S_TERRITORY (ID,TERRITORYCODE,TERRITORYLEVEL,TERRITORYNAME,TERRITORY_PINYIN,TERRITORYSORT,X_WGS84,Y_WGS84,TERRITORYPARENTID) values ('28','00000023',2,'贵州省','GZS','0',106.707116,26.598026,'1');
Insert into T_S_TERRITORY (ID,TERRITORYCODE,TERRITORYLEVEL,TERRITORYNAME,TERRITORY_PINYIN,TERRITORYSORT,X_WGS84,Y_WGS84,TERRITORYPARENTID) values ('29','00000024',2,'云南省','YNS','0',102.709812,25.045359,'1');
Insert into T_S_TERRITORY (ID,TERRITORYCODE,TERRITORYLEVEL,TERRITORYNAME,TERRITORY_PINYIN,TERRITORYSORT,X_WGS84,Y_WGS84,TERRITORYPARENTID) values ('3','00000006',2,'辽宁省','LNS','0',123.42944,41.835441,'1');
Insert into T_S_TERRITORY (ID,TERRITORYCODE,TERRITORYLEVEL,TERRITORYNAME,TERRITORY_PINYIN,TERRITORYSORT,X_WGS84,Y_WGS84,TERRITORYPARENTID) values ('30','00000025',2,'西藏自治区','XCZZQ','0',91.1170059,29.647951,'1');
Insert into T_S_TERRITORY (ID,TERRITORYCODE,TERRITORYLEVEL,TERRITORYNAME,TERRITORY_PINYIN,TERRITORYSORT,X_WGS84,Y_WGS84,TERRITORYPARENTID) values ('31','00000026',2,'陕西省','SXS','0',108.954239,34.265472,'1');
Insert into T_S_TERRITORY (ID,TERRITORYCODE,TERRITORYLEVEL,TERRITORYNAME,TERRITORY_PINYIN,TERRITORYSORT,X_WGS84,Y_WGS84,TERRITORYPARENTID) values ('32','00000027',2,'甘肃省','GSS','0',103.826308,36.059421,'1');
Insert into T_S_TERRITORY (ID,TERRITORYCODE,TERRITORYLEVEL,TERRITORYNAME,TERRITORY_PINYIN,TERRITORYSORT,X_WGS84,Y_WGS84,TERRITORYPARENTID) values ('33','00000028',2,'青海省','QHS','0',101.780199,36.620901,'1');
Insert into T_S_TERRITORY (ID,TERRITORYCODE,TERRITORYLEVEL,TERRITORYNAME,TERRITORY_PINYIN,TERRITORYSORT,X_WGS84,Y_WGS84,TERRITORYPARENTID) values ('34','00000029',2,'宁夏回族自治区','NXHZZZQ','0',106.258754,38.471318,'1');
Insert into T_S_TERRITORY (ID,TERRITORYCODE,TERRITORYLEVEL,TERRITORYNAME,TERRITORY_PINYIN,TERRITORYSORT,X_WGS84,Y_WGS84,TERRITORYPARENTID) values ('35','00000030',2,'新疆维吾尔自治区','XJWWEZZQ','0',87.6278119,43.793028,'1');
Insert into T_S_TERRITORY (ID,TERRITORYCODE,TERRITORYLEVEL,TERRITORYNAME,TERRITORY_PINYIN,TERRITORYSORT,X_WGS84,Y_WGS84,TERRITORYPARENTID) values ('4','00000007',2,'吉林省','JLS','0',125.326065,43.896082,'1');
Insert into T_S_TERRITORY (ID,TERRITORYCODE,TERRITORYLEVEL,TERRITORYNAME,TERRITORY_PINYIN,TERRITORYSORT,X_WGS84,Y_WGS84,TERRITORYPARENTID) values ('5','10000000',2,'北京市','BJS','0',116.407413,39.904214,'1');
Insert into T_S_TERRITORY (ID,TERRITORYCODE,TERRITORYLEVEL,TERRITORYNAME,TERRITORY_PINYIN,TERRITORYSORT,X_WGS84,Y_WGS84,TERRITORYPARENTID) values ('6','30000000',2,'天津市','TJS','0',117.200983,39.084158,'1');
Insert into T_S_TERRITORY (ID,TERRITORYCODE,TERRITORYLEVEL,TERRITORYNAME,TERRITORY_PINYIN,TERRITORYSORT,X_WGS84,Y_WGS84,TERRITORYPARENTID) values ('7','00000003',2,'河北省','HBS','0',114.468665,38.037057,'1');
Insert into T_S_TERRITORY (ID,TERRITORYCODE,TERRITORYLEVEL,TERRITORYNAME,TERRITORY_PINYIN,TERRITORYSORT,X_WGS84,Y_WGS84,TERRITORYPARENTID) values ('8','00000004',2,'山西省','SXS','0',112.562569,37.873376,'1');
Insert into T_S_TERRITORY (ID,TERRITORYCODE,TERRITORYLEVEL,TERRITORYNAME,TERRITORY_PINYIN,TERRITORYSORT,X_WGS84,Y_WGS84,TERRITORYPARENTID) values ('89','370200',3,'青岛市','QDS','0',120.382504,36.06722,'18');
Insert into T_S_TERRITORY (ID,TERRITORYCODE,TERRITORYLEVEL,TERRITORYNAME,TERRITORY_PINYIN,TERRITORYSORT,X_WGS84,Y_WGS84,TERRITORYPARENTID) values ('9','00000005',2,'内蒙古自治区','NMGZZQ','0',111.765618,40.817498,'1');
Insert into T_S_TERRITORY (ID,TERRITORYCODE,TERRITORYLEVEL,TERRITORYNAME,TERRITORY_PINYIN,TERRITORYSORT,X_WGS84,Y_WGS84,TERRITORYPARENTID) values ('90','370300',3,'淄博市','ZBS','0',118.055007,36.813497,'18');
Insert into T_S_TERRITORY (ID,TERRITORYCODE,TERRITORYLEVEL,TERRITORYNAME,TERRITORY_PINYIN,TERRITORYSORT,X_WGS84,Y_WGS84,TERRITORYPARENTID) values ('91','370400',3,'枣庄市','ZZS','0',117.323725,34.810488,'18');
Insert into T_S_TERRITORY (ID,TERRITORYCODE,TERRITORYLEVEL,TERRITORYNAME,TERRITORY_PINYIN,TERRITORYSORT,X_WGS84,Y_WGS84,TERRITORYPARENTID) values ('92','370500',3,'东营市','DYS','0',118.674767,37.434751,'18');
Insert into T_S_TERRITORY (ID,TERRITORYCODE,TERRITORYLEVEL,TERRITORYNAME,TERRITORY_PINYIN,TERRITORYSORT,X_WGS84,Y_WGS84,TERRITORYPARENTID) values ('926','370113',4,'长清区','CQQ','0',116.751959,36.553691,'195');
Insert into T_S_TERRITORY (ID,TERRITORYCODE,TERRITORYLEVEL,TERRITORYNAME,TERRITORY_PINYIN,TERRITORYSORT,X_WGS84,Y_WGS84,TERRITORYPARENTID) values ('927','370124',4,'平阴县','PYX','0',116.456187,36.289265,'195');
Insert into T_S_TERRITORY (ID,TERRITORYCODE,TERRITORYLEVEL,TERRITORYNAME,TERRITORY_PINYIN,TERRITORYSORT,X_WGS84,Y_WGS84,TERRITORYPARENTID) values ('928','370125',4,'济阳县','JYX','0',117.173529,36.978547,'195');
Insert into T_S_TERRITORY (ID,TERRITORYCODE,TERRITORYLEVEL,TERRITORYNAME,TERRITORY_PINYIN,TERRITORYSORT,X_WGS84,Y_WGS84,TERRITORYPARENTID) values ('929','370126',4,'商河县','SHX','0',117.157183,37.309045,'195');
Insert into T_S_TERRITORY (ID,TERRITORYCODE,TERRITORYLEVEL,TERRITORYNAME,TERRITORY_PINYIN,TERRITORYSORT,X_WGS84,Y_WGS84,TERRITORYPARENTID) values ('93','370600',3,'烟台市','YTS','0',121.447926,37.463819,'18');
Insert into T_S_TERRITORY (ID,TERRITORYCODE,TERRITORYLEVEL,TERRITORYNAME,TERRITORY_PINYIN,TERRITORYSORT,X_WGS84,Y_WGS84,TERRITORYPARENTID) values ('930','370181',4,'章丘市','ZQS','0',117.534326,36.714015,'195');
Insert into T_S_TERRITORY (ID,TERRITORYCODE,TERRITORYLEVEL,TERRITORYNAME,TERRITORY_PINYIN,TERRITORYSORT,X_WGS84,Y_WGS84,TERRITORYPARENTID) values ('931','370202',4,'市南区','SNQ','0',120.412392,36.075651,'89');
Insert into T_S_TERRITORY (ID,TERRITORYCODE,TERRITORYLEVEL,TERRITORYNAME,TERRITORY_PINYIN,TERRITORYSORT,X_WGS84,Y_WGS84,TERRITORYPARENTID) values ('932','370203',4,'市北区','SBQ','0',120.374801,36.087661,'89');
Insert into T_S_TERRITORY (ID,TERRITORYCODE,TERRITORYLEVEL,TERRITORYNAME,TERRITORY_PINYIN,TERRITORYSORT,X_WGS84,Y_WGS84,TERRITORYPARENTID) values ('933','370205',4,'四方区','SFQ','0',120.366454,36.103993,'89');
Insert into T_S_TERRITORY (ID,TERRITORYCODE,TERRITORYLEVEL,TERRITORYNAME,TERRITORY_PINYIN,TERRITORYSORT,X_WGS84,Y_WGS84,TERRITORYPARENTID) values ('934','370211',4,'黄岛区','HDQ','0',120.198054,35.960935,'89');
Insert into T_S_TERRITORY (ID,TERRITORYCODE,TERRITORYLEVEL,TERRITORYNAME,TERRITORY_PINYIN,TERRITORYSORT,X_WGS84,Y_WGS84,TERRITORYPARENTID) values ('935','370212',4,'崂山区','LSQ','0',120.468956,36.107538,'89');
Insert into T_S_TERRITORY (ID,TERRITORYCODE,TERRITORYLEVEL,TERRITORYNAME,TERRITORY_PINYIN,TERRITORYSORT,X_WGS84,Y_WGS84,TERRITORYPARENTID) values ('936','370213',4,'李沧区','LCQ','0',120.432864,36.145476,'89');
Insert into T_S_TERRITORY (ID,TERRITORYCODE,TERRITORYLEVEL,TERRITORYNAME,TERRITORY_PINYIN,TERRITORYSORT,X_WGS84,Y_WGS84,TERRITORYPARENTID) values ('937','370214',4,'城阳区','CYQ','0',120.396529,36.307061,'89');
Insert into T_S_TERRITORY (ID,TERRITORYCODE,TERRITORYLEVEL,TERRITORYNAME,TERRITORY_PINYIN,TERRITORYSORT,X_WGS84,Y_WGS84,TERRITORYPARENTID) values ('938','370281',4,'胶州市','JZS','0',120.033345,36.264664,'89');
Insert into T_S_TERRITORY (ID,TERRITORYCODE,TERRITORYLEVEL,TERRITORYNAME,TERRITORY_PINYIN,TERRITORYSORT,X_WGS84,Y_WGS84,TERRITORYPARENTID) values ('939','370282',4,'即墨市','JMS','0',120.447162,36.389401,'89');
Insert into T_S_TERRITORY (ID,TERRITORYCODE,TERRITORYLEVEL,TERRITORYNAME,TERRITORY_PINYIN,TERRITORYSORT,X_WGS84,Y_WGS84,TERRITORYPARENTID) values ('94','370700',3,'潍坊市','WFS','0',119.16193,36.706691,'18');
Insert into T_S_TERRITORY (ID,TERRITORYCODE,TERRITORYLEVEL,TERRITORYNAME,TERRITORY_PINYIN,TERRITORYSORT,X_WGS84,Y_WGS84,TERRITORYPARENTID) values ('940','370283',4,'平度市','PDS','0',119.960014,36.7867,'89');
Insert into T_S_TERRITORY (ID,TERRITORYCODE,TERRITORYLEVEL,TERRITORYNAME,TERRITORY_PINYIN,TERRITORYSORT,X_WGS84,Y_WGS84,TERRITORYPARENTID) values ('941','370284',4,'胶南市','JNS','0',120.04643,35.8725,'89');
Insert into T_S_TERRITORY (ID,TERRITORYCODE,TERRITORYLEVEL,TERRITORYNAME,TERRITORY_PINYIN,TERRITORYSORT,X_WGS84,Y_WGS84,TERRITORYPARENTID) values ('942','370285',4,'莱西市','LXS','0',120.51769,36.889084,'89');
Insert into T_S_TERRITORY (ID,TERRITORYCODE,TERRITORYLEVEL,TERRITORYNAME,TERRITORY_PINYIN,TERRITORYSORT,X_WGS84,Y_WGS84,TERRITORYPARENTID) values ('943','370302',4,'淄川区','ZCQ','0',117.966842,36.643449,'90');
Insert into T_S_TERRITORY (ID,TERRITORYCODE,TERRITORYLEVEL,TERRITORYNAME,TERRITORY_PINYIN,TERRITORYSORT,X_WGS84,Y_WGS84,TERRITORYPARENTID) values ('944','370303',4,'张店区','ZDQ','0',118.017656,36.806773,'90');
Insert into T_S_TERRITORY (ID,TERRITORYCODE,TERRITORYLEVEL,TERRITORYNAME,TERRITORY_PINYIN,TERRITORYSORT,X_WGS84,Y_WGS84,TERRITORYPARENTID) values ('945','370304',4,'博山区','BSQ','0',117.861698,36.494752,'90');
Insert into T_S_TERRITORY (ID,TERRITORYCODE,TERRITORYLEVEL,TERRITORYNAME,TERRITORY_PINYIN,TERRITORYSORT,X_WGS84,Y_WGS84,TERRITORYPARENTID) values ('946','370305',4,'临淄区','LZQ','0',118.308977,36.827343,'90');
Insert into T_S_TERRITORY (ID,TERRITORYCODE,TERRITORYLEVEL,TERRITORYNAME,TERRITORY_PINYIN,TERRITORYSORT,X_WGS84,Y_WGS84,TERRITORYPARENTID) values ('947','370306',4,'周村区','ZCQ','0',117.869877,36.803109,'90');
Insert into T_S_TERRITORY (ID,TERRITORYCODE,TERRITORYLEVEL,TERRITORYNAME,TERRITORY_PINYIN,TERRITORYSORT,X_WGS84,Y_WGS84,TERRITORYPARENTID) values ('948','370321',4,'桓台县','HTX','0',118.097955,36.959623,'90');
Insert into T_S_TERRITORY (ID,TERRITORYCODE,TERRITORYLEVEL,TERRITORYNAME,TERRITORY_PINYIN,TERRITORYSORT,X_WGS84,Y_WGS84,TERRITORYPARENTID) values ('949','370322',4,'高青县','GQX','0',117.826916,37.171063,'90');
Insert into T_S_TERRITORY (ID,TERRITORYCODE,TERRITORYLEVEL,TERRITORYNAME,TERRITORY_PINYIN,TERRITORYSORT,X_WGS84,Y_WGS84,TERRITORYPARENTID) values ('95','370800',3,'济宁市','JNS','0',116.587099,35.414921,'18');
Insert into T_S_TERRITORY (ID,TERRITORYCODE,TERRITORYLEVEL,TERRITORYNAME,TERRITORY_PINYIN,TERRITORYSORT,X_WGS84,Y_WGS84,TERRITORYPARENTID) values ('950','370323',4,'沂源县','YYX','0',118.170979,36.184827,'90');
Insert into T_S_TERRITORY (ID,TERRITORYCODE,TERRITORYLEVEL,TERRITORYNAME,TERRITORY_PINYIN,TERRITORYSORT,X_WGS84,Y_WGS84,TERRITORYPARENTID) values ('951','370402',4,'市中区','SZQ','0',117.556124,34.864114,'91');
Insert into T_S_TERRITORY (ID,TERRITORYCODE,TERRITORYLEVEL,TERRITORYNAME,TERRITORY_PINYIN,TERRITORYSORT,X_WGS84,Y_WGS84,TERRITORYPARENTID) values ('952','370403',4,'薛城区','YCQ','0',117.263157,34.795206,'91');
Insert into T_S_TERRITORY (ID,TERRITORYCODE,TERRITORYLEVEL,TERRITORYNAME,TERRITORY_PINYIN,TERRITORYSORT,X_WGS84,Y_WGS84,TERRITORYPARENTID) values ('953','370404',4,'峄城区','YCQ','0',117.590819,34.772236,'91');
Insert into T_S_TERRITORY (ID,TERRITORYCODE,TERRITORYLEVEL,TERRITORYNAME,TERRITORY_PINYIN,TERRITORYSORT,X_WGS84,Y_WGS84,TERRITORYPARENTID) values ('954','370405',4,'台儿庄区','TEZQ','0',117.733832,34.562528,'91');
Insert into T_S_TERRITORY (ID,TERRITORYCODE,TERRITORYLEVEL,TERRITORYNAME,TERRITORY_PINYIN,TERRITORYSORT,X_WGS84,Y_WGS84,TERRITORYPARENTID) values ('955','370406',4,'山亭区','STQ','0',117.461343,35.099549,'91');
Insert into T_S_TERRITORY (ID,TERRITORYCODE,TERRITORYLEVEL,TERRITORYNAME,TERRITORY_PINYIN,TERRITORYSORT,X_WGS84,Y_WGS84,TERRITORYPARENTID) values ('956','370481',4,'滕州市','TZS','0',117.164388,35.084021,'91');
Insert into T_S_TERRITORY (ID,TERRITORYCODE,TERRITORYLEVEL,TERRITORYNAME,TERRITORY_PINYIN,TERRITORYSORT,X_WGS84,Y_WGS84,TERRITORYPARENTID) values ('957','370502',4,'东营区','DYQ','0',118.582184,37.448964,'92');
Insert into T_S_TERRITORY (ID,TERRITORYCODE,TERRITORYLEVEL,TERRITORYNAME,TERRITORY_PINYIN,TERRITORYSORT,X_WGS84,Y_WGS84,TERRITORYPARENTID) values ('958','370503',4,'河口区','HKQ','0',118.525579,37.886138,'92');
Insert into T_S_TERRITORY (ID,TERRITORYCODE,TERRITORYLEVEL,TERRITORYNAME,TERRITORY_PINYIN,TERRITORYSORT,X_WGS84,Y_WGS84,TERRITORYPARENTID) values ('959','370521',4,'垦利县','KLX','0',118.547627,37.58754,'92');
Insert into T_S_TERRITORY (ID,TERRITORYCODE,TERRITORYLEVEL,TERRITORYNAME,TERRITORY_PINYIN,TERRITORYSORT,X_WGS84,Y_WGS84,TERRITORYPARENTID) values ('960','370522',4,'利津县','LJX','0',118.255273,37.49026,'92');
Insert into T_S_TERRITORY (ID,TERRITORYCODE,TERRITORYLEVEL,TERRITORYNAME,TERRITORY_PINYIN,TERRITORYSORT,X_WGS84,Y_WGS84,TERRITORYPARENTID) values ('961','370523',4,'广饶县','GRX','0',118.407045,37.0537,'92');
Insert into T_S_TERRITORY (ID,TERRITORYCODE,TERRITORYLEVEL,TERRITORYNAME,TERRITORY_PINYIN,TERRITORYSORT,X_WGS84,Y_WGS84,TERRITORYPARENTID) values ('962','370602',4,'芝罘区','ZFQ','0',121.400031,37.540687,'93');
Insert into T_S_TERRITORY (ID,TERRITORYCODE,TERRITORYLEVEL,TERRITORYNAME,TERRITORY_PINYIN,TERRITORYSORT,X_WGS84,Y_WGS84,TERRITORYPARENTID) values ('963','370611',4,'福山区','FSQ','0',121.267697,37.498051,'93');
Insert into T_S_TERRITORY (ID,TERRITORYCODE,TERRITORYLEVEL,TERRITORYNAME,TERRITORY_PINYIN,TERRITORYSORT,X_WGS84,Y_WGS84,TERRITORYPARENTID) values ('964','370612',4,'牟平区','MPQ','0',121.600512,37.386901,'93');
Insert into T_S_TERRITORY (ID,TERRITORYCODE,TERRITORYLEVEL,TERRITORYNAME,TERRITORY_PINYIN,TERRITORYSORT,X_WGS84,Y_WGS84,TERRITORYPARENTID) values ('965','370613',4,'莱山区','LSQ','0',121.445304,37.511305,'93');
Insert into T_S_TERRITORY (ID,TERRITORYCODE,TERRITORYLEVEL,TERRITORYNAME,TERRITORY_PINYIN,TERRITORYSORT,X_WGS84,Y_WGS84,TERRITORYPARENTID) values ('966','370614',4,'开发区','KFQ','0',121.251001,37.554683,'93');
Insert into T_S_TERRITORY (ID,TERRITORYCODE,TERRITORYLEVEL,TERRITORYNAME,TERRITORY_PINYIN,TERRITORYSORT,X_WGS84,Y_WGS84,TERRITORYPARENTID) values ('967','370634',4,'长岛县','CDX','0',120.736584,37.921417,'93');
Insert into T_S_TERRITORY (ID,TERRITORYCODE,TERRITORYLEVEL,TERRITORYNAME,TERRITORY_PINYIN,TERRITORYSORT,X_WGS84,Y_WGS84,TERRITORYPARENTID) values ('968','370681',4,'龙口市','LKS','0',120.477836,37.646064,'93');
Insert into T_S_TERRITORY (ID,TERRITORYCODE,TERRITORYLEVEL,TERRITORYNAME,TERRITORY_PINYIN,TERRITORYSORT,X_WGS84,Y_WGS84,TERRITORYPARENTID) values ('969','370682',4,'莱阳市','LYS','0',120.711607,36.97891,'93');
Insert into T_S_TERRITORY (ID,TERRITORYCODE,TERRITORYLEVEL,TERRITORYNAME,TERRITORY_PINYIN,TERRITORYSORT,X_WGS84,Y_WGS84,TERRITORYPARENTID) values ('970','370683',4,'莱州市','LZS','0',119.942327,37.177017,'93');
Insert into T_S_TERRITORY (ID,TERRITORYCODE,TERRITORYLEVEL,TERRITORYNAME,TERRITORY_PINYIN,TERRITORYSORT,X_WGS84,Y_WGS84,TERRITORYPARENTID) values ('971','370684',4,'蓬莱市','PLS','0',120.758848,37.810661,'93');
Insert into T_S_TERRITORY (ID,TERRITORYCODE,TERRITORYLEVEL,TERRITORYNAME,TERRITORY_PINYIN,TERRITORYSORT,X_WGS84,Y_WGS84,TERRITORYPARENTID) values ('972','370685',4,'招远市','ZYS','0',120.434072,37.355469,'93');
Insert into T_S_TERRITORY (ID,TERRITORYCODE,TERRITORYLEVEL,TERRITORYNAME,TERRITORY_PINYIN,TERRITORYSORT,X_WGS84,Y_WGS84,TERRITORYPARENTID) values ('973','370686',4,'栖霞市','QXS','0',120.849675,37.335123,'93');
Insert into T_S_TERRITORY (ID,TERRITORYCODE,TERRITORYLEVEL,TERRITORYNAME,TERRITORY_PINYIN,TERRITORYSORT,X_WGS84,Y_WGS84,TERRITORYPARENTID) values ('974','370687',4,'海阳市','HYS','0',121.158477,36.776425,'93');
Insert into T_S_TERRITORY (ID,TERRITORYCODE,TERRITORYLEVEL,TERRITORYNAME,TERRITORY_PINYIN,TERRITORYSORT,X_WGS84,Y_WGS84,TERRITORYPARENTID) values ('975','370702',4,'潍城区','WCQ','0',119.024836,36.7281,'94');
Insert into T_S_TERRITORY (ID,TERRITORYCODE,TERRITORYLEVEL,TERRITORYNAME,TERRITORY_PINYIN,TERRITORYSORT,X_WGS84,Y_WGS84,TERRITORYPARENTID) values ('976','370703',4,'寒亭区','HTQ','0',119.219734,36.775491,'94');
REM INSERTING into T_S_TIMETASK
SET DEFINE OFF;
Insert into T_S_TIMETASK (ID,CREATE_BY,CREATE_DATE,CREATE_NAME,CRON_EXPRESSION,IS_EFFECT,IS_START,TASK_DESCRIBE,TASK_ID,UPDATE_BY,UPDATE_DATE,UPDATE_NAME) values ('4028ef8156b0d8e00156b1002aea0026','4028d881436d514601436d5215ac0043',to_date('22-8月 -16','DD-MON-RR'),'admin','0 0/6 * * * ?','1','0','重置微信超过2小时失效Token','autoResetWeixinTokenCronTrigger','4028d881436d514601436d5215ac0043',to_date('22-8月 -16','DD-MON-RR'),'admin');
REM INSERTING into T_S_TYPE
SET DEFINE OFF;
Insert into T_S_TYPE (ID,TYPECODE,TYPENAME,TYPEPID,TYPEGROUPID) values ('402889f8476650de01476666acbf0005','01','多文章',null,'402889f8476650de01476665dfe70002');
Insert into T_S_TYPE (ID,TYPECODE,TYPENAME,TYPEPID,TYPEGROUPID) values ('402889f8476650de01476666d5c30007','02','单文章',null,'402889f8476650de01476665dfe70002');
Insert into T_S_TYPE (ID,TYPECODE,TYPENAME,TYPEPID,TYPEGROUPID) values ('402889ff4728f2370147290a0f82001d','1','服务号',null,'402889ff4728f2370147290995f80018');
Insert into T_S_TYPE (ID,TYPECODE,TYPENAME,TYPEPID,TYPEGROUPID) values ('402889ff4728f2370147290a2d63001f','2','订阅号',null,'402889ff4728f2370147290995f80018');
Insert into T_S_TYPE (ID,TYPECODE,TYPENAME,TYPEPID,TYPEGROUPID) values ('4028d881436d514601436d5216130051','2','菜单图标',null,'4028d881436d514601436d5215c30047');
Insert into T_S_TYPE (ID,TYPECODE,TYPENAME,TYPEPID,TYPEGROUPID) values ('4028d881436d514601436d5216160052','1','系统图标',null,'4028d881436d514601436d5215c30047');
Insert into T_S_TYPE (ID,TYPECODE,TYPENAME,TYPEPID,TYPEGROUPID) values ('4028d881436d514601436d5216190053','files','附件',null,'4028d881436d514601436d5215e4004f');
Insert into T_S_TYPE (ID,TYPECODE,TYPENAME,TYPEPID,TYPEGROUPID) values ('4028d881436d514601436d52161c0054','1','优质订单',null,'4028d881436d514601436d5215c90048');
Insert into T_S_TYPE (ID,TYPECODE,TYPENAME,TYPEPID,TYPEGROUPID) values ('4028d881436d514601436d52161f0055','2','普通订单',null,'4028d881436d514601436d5215c90048');
Insert into T_S_TYPE (ID,TYPECODE,TYPENAME,TYPEPID,TYPEGROUPID) values ('4028d881436d514601436d5216220056','1','签约客户',null,'4028d881436d514601436d5215cc0049');
Insert into T_S_TYPE (ID,TYPECODE,TYPENAME,TYPEPID,TYPEGROUPID) values ('4028d881436d514601436d5216250057','2','普通客户',null,'4028d881436d514601436d5215cc0049');
Insert into T_S_TYPE (ID,TYPECODE,TYPENAME,TYPEPID,TYPEGROUPID) values ('4028d881436d514601436d5216290058','1','特殊服务',null,'4028d881436d514601436d5215cf004a');
Insert into T_S_TYPE (ID,TYPECODE,TYPENAME,TYPEPID,TYPEGROUPID) values ('4028d881436d514601436d52162e0059','2','普通服务',null,'4028d881436d514601436d5215cf004a');
Insert into T_S_TYPE (ID,TYPECODE,TYPENAME,TYPEPID,TYPEGROUPID) values ('4028d881436d514601436d521633005a','single','单条件查询',null,'4028d881436d514601436d5215d4004b');
Insert into T_S_TYPE (ID,TYPECODE,TYPENAME,TYPEPID,TYPEGROUPID) values ('4028d881436d514601436d521638005b','group','范围查询',null,'4028d881436d514601436d5215d4004b');
Insert into T_S_TYPE (ID,TYPECODE,TYPENAME,TYPEPID,TYPEGROUPID) values ('4028d881436d514601436d52163d005c','Y','是',null,'4028d881436d514601436d5215d7004c');
Insert into T_S_TYPE (ID,TYPECODE,TYPENAME,TYPEPID,TYPEGROUPID) values ('4028d881436d514601436d521640005d','N','否',null,'4028d881436d514601436d5215d7004c');
Insert into T_S_TYPE (ID,TYPECODE,TYPENAME,TYPEPID,TYPEGROUPID) values ('4028d881436d514601436d521643005e','Integer','Integer',null,'4028d881436d514601436d5215db004d');
Insert into T_S_TYPE (ID,TYPECODE,TYPENAME,TYPEPID,TYPEGROUPID) values ('4028d881436d514601436d521646005f','Date','Date',null,'4028d881436d514601436d5215db004d');
Insert into T_S_TYPE (ID,TYPECODE,TYPENAME,TYPEPID,TYPEGROUPID) values ('4028d881436d514601436d52164b0060','String','String',null,'4028d881436d514601436d5215db004d');
Insert into T_S_TYPE (ID,TYPECODE,TYPENAME,TYPEPID,TYPEGROUPID) values ('4028d881436d514601436d52164f0061','Long','Long',null,'4028d881436d514601436d5215db004d');
Insert into T_S_TYPE (ID,TYPECODE,TYPENAME,TYPEPID,TYPEGROUPID) values ('4028d881436d514601436d5216530062','act','工作流引擎表',null,'4028d881436d514601436d5215df004e');
Insert into T_S_TYPE (ID,TYPECODE,TYPENAME,TYPEPID,TYPEGROUPID) values ('4028d881436d514601436d5216570063','t_s','系统基础表',null,'4028d881436d514601436d5215df004e');
Insert into T_S_TYPE (ID,TYPECODE,TYPENAME,TYPEPID,TYPEGROUPID) values ('4028d881436d514601436d52165c0064','t_b','业务表',null,'4028d881436d514601436d5215df004e');
Insert into T_S_TYPE (ID,TYPECODE,TYPENAME,TYPEPID,TYPEGROUPID) values ('4028d881436d514601436d5216600065','t_p','自定义引擎表',null,'4028d881436d514601436d5215df004e');
Insert into T_S_TYPE (ID,TYPECODE,TYPENAME,TYPEPID,TYPEGROUPID) values ('4028d881436d514601436d5216640066','news','新闻',null,'4028d881436d514601436d5215e4004f');
Insert into T_S_TYPE (ID,TYPECODE,TYPENAME,TYPEPID,TYPEGROUPID) values ('4028d881436d514601436d5216670067','0','男性',null,'4028d881436d514601436d5215e90050');
Insert into T_S_TYPE (ID,TYPECODE,TYPENAME,TYPEPID,TYPEGROUPID) values ('4028d881436d514601436d52166a0068','1','女性',null,'4028d881436d514601436d5215e90050');
REM INSERTING into T_S_TYPEGROUP
SET DEFINE OFF;
Insert into T_S_TYPEGROUP (ID,TYPEGROUPCODE,TYPEGROUPNAME) values ('402889f8476650de01476665dfe70002','cms_menu','CMS菜单类型');
Insert into T_S_TYPEGROUP (ID,TYPEGROUPCODE,TYPEGROUPNAME) values ('402889ff4728f2370147290995f80018','weixintype','微信公众账号类型');
Insert into T_S_TYPEGROUP (ID,TYPEGROUPCODE,TYPEGROUPNAME) values ('4028d881436d514601436d5215c30047','icontype','图标类型');
Insert into T_S_TYPEGROUP (ID,TYPEGROUPCODE,TYPEGROUPNAME) values ('4028d881436d514601436d5215c90048','order','订单类型');
Insert into T_S_TYPEGROUP (ID,TYPEGROUPCODE,TYPEGROUPNAME) values ('4028d881436d514601436d5215cc0049','custom','客户类型');
Insert into T_S_TYPEGROUP (ID,TYPEGROUPCODE,TYPEGROUPNAME) values ('4028d881436d514601436d5215cf004a','service','服务项目类型');
Insert into T_S_TYPEGROUP (ID,TYPEGROUPCODE,TYPEGROUPNAME) values ('4028d881436d514601436d5215d4004b','searchmode','查询模式');
Insert into T_S_TYPEGROUP (ID,TYPEGROUPCODE,TYPEGROUPNAME) values ('4028d881436d514601436d5215d7004c','yesorno','逻辑条件');
Insert into T_S_TYPEGROUP (ID,TYPEGROUPCODE,TYPEGROUPNAME) values ('4028d881436d514601436d5215db004d','fieldtype','字段类型');
Insert into T_S_TYPEGROUP (ID,TYPEGROUPCODE,TYPEGROUPNAME) values ('4028d881436d514601436d5215df004e','database','数据表');
Insert into T_S_TYPEGROUP (ID,TYPEGROUPCODE,TYPEGROUPNAME) values ('4028d881436d514601436d5215e4004f','fieltype','文档分类');
Insert into T_S_TYPEGROUP (ID,TYPEGROUPCODE,TYPEGROUPNAME) values ('4028d881436d514601436d5215e90050','sex','性别类');
REM INSERTING into T_S_USER
SET DEFINE OFF;
Insert into T_S_USER (EMAIL,MOBILEPHONE,OFFICEPHONE,SIGNATUREFILE,ID,ACCOUNTID,TYPE) values (' ',' ',' ',null,'402881e4461f9c6401461fa2e6f50002',' ',null);
Insert into T_S_USER (EMAIL,MOBILEPHONE,OFFICEPHONE,SIGNATUREFILE,ID,ACCOUNTID,TYPE) values (' ',' ',' ',null,'402881e44648134a014648174a45000c',' ',null);
Insert into T_S_USER (EMAIL,MOBILEPHONE,OFFICEPHONE,SIGNATUREFILE,ID,ACCOUNTID,TYPE) values (' ',' ',' ','images/renfang/qm/licf.gif','4028d881436d514601436d5215ac0043',' ',null);
Insert into T_S_USER (EMAIL,MOBILEPHONE,OFFICEPHONE,SIGNATUREFILE,ID,ACCOUNTID,TYPE) values ('zhangdaiscott@163.com',' ',' ',null,'4028d881436d514601436d5215b20044',' ',null);
Insert into T_S_USER (EMAIL,MOBILEPHONE,OFFICEPHONE,SIGNATUREFILE,ID,ACCOUNTID,TYPE) values (null,null,null,null,'4028d881436d514601436d5215b80045',' ',null);
Insert into T_S_USER (EMAIL,MOBILEPHONE,OFFICEPHONE,SIGNATUREFILE,ID,ACCOUNTID,TYPE) values (null,null,null,null,'4028d881436d514601436d5215bc0046',' ',null);
Insert into T_S_USER (EMAIL,MOBILEPHONE,OFFICEPHONE,SIGNATUREFILE,ID,ACCOUNTID,TYPE) values (null,null,null,null,'4028b8815aeaccc6015aeace884c0001',null,null);
REM INSERTING into T_S_VERSION
SET DEFINE OFF;
REM INSERTING into WEIXIN_ACCESSTOKEN
SET DEFINE OFF;
REM INSERTING into WEIXIN_ACCOUNT
SET DEFINE OFF;
Insert into WEIXIN_ACCOUNT (ID,ACCOUNTNAME,ACCOUNTTOKEN,ACCOUNTNUMBER,ACCOUNTTYPE,ACCOUNTEMAIL,ACCOUNTDESC,ACCOUNTACCESSTOKEN,ACCOUNTAPPID,ACCOUNTAPPSECRET,ADDTOEKNTIME,USERNAME,WEIXIN_ACCOUNTID,APITICKET,APITICKETTTIME,JSAPITICKET,JSAPITICKETTIME) values ('402881e8461795c201461795c2e90000','Jeewx演示账号','jeewx','guojusoft','1','jeecg@sina.com','无','UudfmlPWU-fSHa5vl1KBt1hMnhQLQL53UxTjcZj_6h0zK3Ar_8QMArQAnypjMq-OMelg69XwZ1RPpCY3la6aM_q3s9w25LjsVq2R3Nj9rPO12TqrNtfYkpv0YhjjITkfIBWfCGAXQL','wxc60a4d9cbac8092d','?',to_date('20-12月-16','DD-MON-RR'),'admin','?','IpK_1T69hDhZkLQTlwsAXyjkZaTEYbX_kE6IkQ8b5Waw7uX8zbeFp34lurpnPaSKLMQZZ1RsvceEiMn6_ft3cA',to_date('22-8月 -16','DD-MON-RR'),'kgt8ON7yVITDhtdwci0qeeC2RWfOAQ1Sc_HMdjrzSlpbgBEpB7t7JQlTHnS-4WyK2Jnp3m5UbeKswqZoKKNDBw',to_date('20-12月-16','DD-MON-RR'));
Insert into WEIXIN_ACCOUNT (ID,ACCOUNTNAME,ACCOUNTTOKEN,ACCOUNTNUMBER,ACCOUNTTYPE,ACCOUNTEMAIL,ACCOUNTDESC,ACCOUNTACCESSTOKEN,ACCOUNTAPPID,ACCOUNTAPPSECRET,ADDTOEKNTIME,USERNAME,WEIXIN_ACCOUNTID,APITICKET,APITICKETTTIME,JSAPITICKET,JSAPITICKETTIME) values ('4028b8815aeaccc6015aeadcc8f70009','wangk测试','qianlong','gh_16ed608b6426','1',null,null,'yENIY3XRGRcTvyEM8XbOj49kBib-QgePQKDyDygGEWoFm7FS5hjXZFsOLu3zDiajeDnLQilGd2MZQ2ZKr-QtcaCdS28aXG6vCMvE3FffWFXFF3ghkV7hAAMQlBpr__2CUWZdAAAJLO','wx5d31a5be817a1b47','32be6a017915bd351104e214e28e184c',to_date('20-3月 -17','DD-MON-RR'),'wangk','gh_16ed608b6426',null,null,null,null);
REM INSERTING into WEIXIN_AUTORESPONSE
SET DEFINE OFF;
Insert into WEIXIN_AUTORESPONSE (ID,ADDTIME,KEYWORD,MSGTYPE,RESCONTENT,TEMPLATENAME,ACCOUNTID) values ('402889ff4728a293014728b0c7da001b','2014-07-12 11:49:39','01','text','f7a8a3a946e55a940146e5a3e498004d','微译使用指南','402881e8461795c201461795c2e90000');
Insert into WEIXIN_AUTORESPONSE (ID,ADDTIME,KEYWORD,MSGTYPE,RESCONTENT,TEMPLATENAME,ACCOUNTID) values ('402889ff4728a293014728b155c8001c','2014-07-12 11:50:16','你好','text','4028d8814734ee0d0147356b4c730010','你好','402881e8461795c201461795c2e90000');
Insert into WEIXIN_AUTORESPONSE (ID,ADDTIME,KEYWORD,MSGTYPE,RESCONTENT,TEMPLATENAME,ACCOUNTID) values ('f7a8a3a946e249c20146e26a10ca0019','2014-06-28 20:19:00','?','text','f7a8a3a946e249c20146e25c4dc7000c','欢迎关注语','402881e8461795c201461795c2e90000');
Insert into WEIXIN_AUTORESPONSE (ID,ADDTIME,KEYWORD,MSGTYPE,RESCONTENT,TEMPLATENAME,ACCOUNTID) values ('f7a8a3a946e55a940146e5a47b890050','2014-06-29 11:21:40','02','text','f7a8a3a946e55a940146e5a429cf004e','天气使用指南','402881e8461795c201461795c2e90000');
Insert into WEIXIN_AUTORESPONSE (ID,ADDTIME,KEYWORD,MSGTYPE,RESCONTENT,TEMPLATENAME,ACCOUNTID) values ('f7a8a3a946e55a940146e5a632220054','2014-06-29 11:23:32','03','text','f7a8a3a946e55a940146e5a53e6b0051','大转盘指南','402881e8461795c201461795c2e90000');
Insert into WEIXIN_AUTORESPONSE (ID,ADDTIME,KEYWORD,MSGTYPE,RESCONTENT,TEMPLATENAME,ACCOUNTID) values ('f7a8a3a946e55a940146e5a656150055','2014-06-29 11:23:41','04','text','f7a8a3a946e55a940146e5a584da0052','刮刮乐指南','402881e8461795c201461795c2e90000');
REM INSERTING into WEIXIN_CMS_AD
SET DEFINE OFF;
Insert into WEIXIN_CMS_AD (ID,ACCOUNTID,CREATE_BY,CREATE_DATE,CREATE_NAME,IMAGE_HREF,IMAGE_NAME,TITLE) values ('402881e44695183a014695214a510013','402881e8461795c201461795c2e90000','admin',to_date('13-6月 -14','DD-MON-RR'),'管理员','upload/files/20140627233502FEzyc38j.jpg','19300001024098134717639977056.jpg','IPHONE7');
Insert into WEIXIN_CMS_AD (ID,ACCOUNTID,CREATE_BY,CREATE_DATE,CREATE_NAME,IMAGE_HREF,IMAGE_NAME,TITLE) values ('402881e44695183a014695219fe70016','402881e8461795c201461795c2e90000','admin',to_date('13-6月 -14','DD-MON-RR'),'管理员','upload/files/20140627232736z3SvfVEj.jpg','634490825089531250.jpg','IPHONE');
Insert into WEIXIN_CMS_AD (ID,ACCOUNTID,CREATE_BY,CREATE_DATE,CREATE_NAME,IMAGE_HREF,IMAGE_NAME,TITLE) values ('402881e946ddea480146de053265000b','402881e8461795c201461795c2e90000','4028d881436d514601436d5215ac0043',to_date('27-6月 -14','DD-MON-RR'),'admin','upload/files/20140627235534VJM1pkx3.jpg','Img305735292.jpg','黑莓');
Insert into WEIXIN_CMS_AD (ID,ACCOUNTID,CREATE_BY,CREATE_DATE,CREATE_NAME,IMAGE_HREF,IMAGE_NAME,TITLE) values ('402881e946ddea480146de0f3a810011','402881e8461795c201461795c2e90000','4028d881436d514601436d5215ac0043',to_date('28-6月 -14','DD-MON-RR'),'admin','upload/files/20140628000116OF07rm7E.jpg','30_1i$1JxIOB.jpg','Lumia930 王者归来');
REM INSERTING into WEIXIN_CMS_ARTICLE
SET DEFINE OFF;
Insert into WEIXIN_CMS_ARTICLE (ID,TITLE,IMAGE_NAME,IMAGE_HREF,SUMMARY,COLUMN_ID,ACCOUNTID,CREATE_NAME,CREATE_BY,CREATE_DATE) values ('297e7eb6469a4a8901469a5e58c0000e','测试一个小黄人的图片','19343396_845725.jpg','upload/files/20140613235146eEgyESpy.jpg','你看看这个小黄人美不美？','402881e44695183a01469522f7d20019','402881e8461795c201461795c2e90000','管理员','admin',to_date('14-6月 -14','DD-MON-RR'));
Insert into WEIXIN_CMS_ARTICLE (ID,TITLE,IMAGE_NAME,IMAGE_HREF,SUMMARY,COLUMN_ID,ACCOUNTID,CREATE_NAME,CREATE_BY,CREATE_DATE) values ('297e7eb6469a4a8901469a5ef95c0011','这个杀手帅不帅？','1384480985636.jpg','upload/files/20140613235146eEgyESpy.jpg','这个杀手帅不帅？','402881e44695183a01469522f7d20019','402881e8461795c201461795c2e90000','管理员','admin',to_date('14-6月 -14','DD-MON-RR'));
REM INSERTING into WEIXIN_CMS_MENU
SET DEFINE OFF;
Insert into WEIXIN_CMS_MENU (ID,ACCOUNTID,CREATE_BY,CREATE_DATE,CREATE_NAME,IMAGE_HREF,IMAGE_NAME,NAME,TYPE) values ('402881e44695183a01469522f7d20019','402881e8461795c201461795c2e90000','admin',to_date('13-6月 -14','DD-MON-RR'),'管理员','upload/files/201406132357343zuaHgX4.jpg','537f1f63dd1c9.jpg','关于JEECG','01');
Insert into WEIXIN_CMS_MENU (ID,ACCOUNTID,CREATE_BY,CREATE_DATE,CREATE_NAME,IMAGE_HREF,IMAGE_NAME,NAME,TYPE) values ('402881e44695183a014695234880001c','402881e8461795c201461795c2e90000','admin',to_date('13-6月 -14','DD-MON-RR'),'管理员','upload/files/20140613235754hLRC87rF.jpg','537f1f86602b3.jpg','渠道代理','01');
Insert into WEIXIN_CMS_MENU (ID,ACCOUNTID,CREATE_BY,CREATE_DATE,CREATE_NAME,IMAGE_HREF,IMAGE_NAME,NAME,TYPE) values ('402881e44695183a01469523f03a001f','402881e8461795c201461795c2e90000','admin',to_date('13-6月 -14','DD-MON-RR'),'管理员','upload/files/201406132358039IpFSyet.jpg','537f1f74d031c.jpg','功能说明','01');
Insert into WEIXIN_CMS_MENU (ID,ACCOUNTID,CREATE_BY,CREATE_DATE,CREATE_NAME,IMAGE_HREF,IMAGE_NAME,NAME,TYPE) values ('402881e44695183a0146952426ce0022','402881e8461795c201461795c2e90000','admin',to_date('13-6月 -14','DD-MON-RR'),'管理员','upload/files/20140613235830M96wj4Lr.jpg','537f1f98d6f42.jpg','企业文化','01');
Insert into WEIXIN_CMS_MENU (ID,ACCOUNTID,CREATE_BY,CREATE_DATE,CREATE_NAME,IMAGE_HREF,IMAGE_NAME,NAME,TYPE) values ('402881e446955c7c014695a72a610029','402881e8461795c201461795c2e90000','admin',to_date('13-6月 -14','DD-MON-RR'),'管理员','upload/files/20140613235852gBTueAWO.jpg','537f1faf595dd.jpg','案例分享','01');
Insert into WEIXIN_CMS_MENU (ID,ACCOUNTID,CREATE_BY,CREATE_DATE,CREATE_NAME,IMAGE_HREF,IMAGE_NAME,NAME,TYPE) values ('402881e446955c7c014695a774f9002c','402881e8461795c201461795c2e90000','admin',to_date('13-6月 -14','DD-MON-RR'),'管理员','upload/files/20140613235911chsAs0Md.jpg','537f1ca3cd562.jpg','联系我们','01');
Insert into WEIXIN_CMS_MENU (ID,ACCOUNTID,CREATE_BY,CREATE_DATE,CREATE_NAME,IMAGE_HREF,IMAGE_NAME,NAME,TYPE) values ('402881e446955c7c014695a7bc45002f','402881e8461795c201461795c2e90000','admin',to_date('13-6月 -14','DD-MON-RR'),'管理员','upload/files/20140613235918OA8vt546.jpg','537f1cb75c597.jpg','轻松一刻','01');
Insert into WEIXIN_CMS_MENU (ID,ACCOUNTID,CREATE_BY,CREATE_DATE,CREATE_NAME,IMAGE_HREF,IMAGE_NAME,NAME,TYPE) values ('402881e446955c7c014695a7f08b0032','402881e8461795c201461795c2e90000','admin',to_date('13-6月 -14','DD-MON-RR'),'管理员','upload/files/20140613235932htqZFtCs.jpg','537f1fc8d750b.jpg','互动推广','01');
REM INSERTING into WEIXIN_CMS_SITE
SET DEFINE OFF;
REM INSERTING into WEIXIN_CMS_STYLE
SET DEFINE OFF;
REM INSERTING into WEIXIN_EXPANDCONFIG
SET DEFINE OFF;
Insert into WEIXIN_EXPANDCONFIG (ID,ACCOUNTID,CLASSNAME,KEYWORD,NAME) values ('402881e44667912a0146679390450001','402881e8461795c201461795c2e90000','weixin.idea.extend.function.impl.FanYiKeyService','翻译','翻译');
Insert into WEIXIN_EXPANDCONFIG (ID,ACCOUNTID,CLASSNAME,KEYWORD,NAME) values ('402881e44667912a014667947a3a0003','402881e8461795c201461795c2e90000','weixin.idea.extend.function.impl.TianQiKeyService','天气','天气预报');
Insert into WEIXIN_EXPANDCONFIG (ID,ACCOUNTID,CLASSNAME,KEYWORD,NAME) values ('402881e446950f86014695120f810001','402881e8461795c201461795c2e90000','weixin.idea.extend.function.impl.DaZhuanPanService','大转盘','大转盘');
Insert into WEIXIN_EXPANDCONFIG (ID,ACCOUNTID,CLASSNAME,KEYWORD,NAME) values ('402881e446950f8601469513ec670003','402881e8461795c201461795c2e90000','weixin.idea.extend.function.impl.CmsService','cms','CMS,cms');
Insert into WEIXIN_EXPANDCONFIG (ID,ACCOUNTID,CLASSNAME,KEYWORD,NAME) values ('402881e4469ffe7a0146a000090d0001','402881e8461795c201461795c2e90000','weixin.idea.extend.function.impl.GuagualeService','刮刮乐','刮刮乐');
Insert into WEIXIN_EXPANDCONFIG (ID,ACCOUNTID,CLASSNAME,KEYWORD,NAME) values ('402881e747baf1ea0147bb79d2330007','402881e8461795c201461795c2e90000','weixin.idea.extend.function.impl.WeixinPhotoService','微相册,相册','微相册');
REM INSERTING into WEIXIN_HDRECORD
SET DEFINE OFF;
Insert into WEIXIN_HDRECORD (ID,ADDTIME,HDID,NICKNAME,OPENDID,TOTAL,ACCOUNTID) values ('402881865907db7401590826e3d00030',to_date('16-12月-16','DD-MON-RR'),'402881e6469a13b901469a1e9e420001',' ','o94BGv4wkjYm7GV6tnh1IHC_F0Z4',3,'402881e8461795c201461795c2e90000');
Insert into WEIXIN_HDRECORD (ID,ADDTIME,HDID,NICKNAME,OPENDID,TOTAL,ACCOUNTID) values ('402881865907db7401590828ca6b0031',to_date('16-12月-16','DD-MON-RR'),'402881e6469a13b901469a1e9e420001',' ','o94BGv4wkjYm7GV6tnh1IHC_F0Z4',1,null);
Insert into WEIXIN_HDRECORD (ID,ADDTIME,HDID,NICKNAME,OPENDID,TOTAL,ACCOUNTID) values ('402881865907db74015908295ef70032',to_date('16-12月-16','DD-MON-RR'),'402881e6469a13b901469a1e9e420001',' ','o94BGv4wkjYm7GV6tnh1IHC_F0Z4',1,null);
REM INSERTING into WEIXIN_HUODONG
SET DEFINE OFF;
Insert into WEIXIN_HUODONG (ID,TITLE,PRICEONE,ONETOTAL,PRICETWO,TWOTOTAL,PRICETHREE,THREETOTAL,STARTTIME,ENDTIME,TYPE,GL,COUNT,ACCOUNTID) values ('402880a9468a0bef01468a0e72840001','国庆乐欢天','联想Thinkpad',1,'苹果6',1,'捷安特自行车',5,to_date('10-6月 -14','DD-MON-RR'),to_date('28-7月 -18','DD-MON-RR'),'1','90/100','5','402881e8461795c201461795c2e90000');
Insert into WEIXIN_HUODONG (ID,TITLE,PRICEONE,ONETOTAL,PRICETWO,TWOTOTAL,PRICETHREE,THREETOTAL,STARTTIME,ENDTIME,TYPE,GL,COUNT,ACCOUNTID) values ('402881e6469a13b901469a1e9e420001','微信大转盘摇奖','500万',1,'200万',2,'300万',3,to_date('14-6月 -14','DD-MON-RR'),to_date('12-7月 -18','DD-MON-RR'),'2','90/100','3','402881e8461795c201461795c2e90000');
REM INSERTING into WEIXIN_LINKSUCAI
SET DEFINE OFF;
Insert into WEIXIN_LINKSUCAI (ID,CREATE_NAME,CREATE_DATE,UPDATE_NAME,UPDATE_DATE,NAME,TRANSFER_SIGN,ACCOUNTID,POST_CODE,SHARE_STATUS,IS_ENCRYPT) values ('4028948151d769f20151d76c11e10002','admin',to_date('25-12月-15','DD-MON-RR'),'admin',to_date('16-12月-16','DD-MON-RR'),'九宫格',null,'402881e8461795c201461795c2e90000',null,null,null);
REM INSERTING into WEIXIN_MENUENTITY
SET DEFINE OFF;
Insert into WEIXIN_MENUENTITY (ID,MENUKEY,MSGTYPE,NAME,ORDERS,TEMPLATEID,TYPE,URL,FATHERID,ACCOUNTID) values ('4028b8815aeaf985015aeb21c3dd0006','mHelp','text','帮助','3',null,'click',null,null,'4028b8815aeaccc6015aeadcc8f70009');
Insert into WEIXIN_MENUENTITY (ID,MENUKEY,MSGTYPE,NAME,ORDERS,TEMPLATEID,TYPE,URL,FATHERID,ACCOUNTID) values ('4028b8815aeaf985015aeb2be1520009','mGive','text','乐善好施','0',null,'click',null,null,'4028b8815aeaccc6015aeadcc8f70009');
Insert into WEIXIN_MENUENTITY (ID,MENUKEY,MSGTYPE,NAME,ORDERS,TEMPLATEID,TYPE,URL,FATHERID,ACCOUNTID) values ('402880f2590749060159074eb9ab0009','c05','expand','微相册','5','402881e747baf1ea0147bb79d2330007','click',' ','402881e4464d026901464d05ab600001','402881e8461795c201461795c2e90000');
Insert into WEIXIN_MENUENTITY (ID,MENUKEY,MSGTYPE,NAME,ORDERS,TEMPLATEID,TYPE,URL,FATHERID,ACCOUNTID) values ('402880f25907490601590757810f0019','d01','news','触发图文','1','4028d881472f356e01472f36461b0001','click',' ','402889ff4728a293014728bc62250036','402881e8461795c201461795c2e90000');
Insert into WEIXIN_MENUENTITY (ID,MENUKEY,MSGTYPE,NAME,ORDERS,TEMPLATEID,TYPE,URL,FATHERID,ACCOUNTID) values ('402880f259074906015907593688001e','a01','text','联系我们','4','f7a8a3a946e55a940146e5c317f6005f','click',' ','402889ff4728f237014728f2d39f0001','402881e8461795c201461795c2e90000');
Insert into WEIXIN_MENUENTITY (ID,MENUKEY,MSGTYPE,NAME,ORDERS,TEMPLATEID,TYPE,URL,FATHERID,ACCOUNTID) values ('402881e4464d026901464d05ab600001','c02','text','微活动','2','f7a8a3a946e249c20146e25c4dc7000c','click',null,null,'402881e8461795c201461795c2e90000');
Insert into WEIXIN_MENUENTITY (ID,MENUKEY,MSGTYPE,NAME,ORDERS,TEMPLATEID,TYPE,URL,FATHERID,ACCOUNTID) values ('402881e4464df45f01464df707760004','c0202','expand','大转盘','0','402881e446950f86014695120f810001','click','http://123.165.130.173/jeecg-weixin-steward/webpage/weixin/guanjia/other/dazhuanpan/index.html','402881e4464d026901464d05ab600001','402881e8461795c201461795c2e90000');
Insert into WEIXIN_MENUENTITY (ID,MENUKEY,MSGTYPE,NAME,ORDERS,TEMPLATEID,TYPE,URL,FATHERID,ACCOUNTID) values ('402881e446a4f9400146a50183620008','c0203','expand','微网站','1','402881e446950f8601469513ec670003','click',null,'402881e4464d026901464d05ab600001','402881e8461795c201461795c2e90000');
Insert into WEIXIN_MENUENTITY (ID,MENUKEY,MSGTYPE,NAME,ORDERS,TEMPLATEID,TYPE,URL,FATHERID,ACCOUNTID) values ('402889ff4728a293014728bc62250036','c03','text','触发功能','3','f7a8a3a946e55a940146e5c317f6005f','click',' ',null,'402881e8461795c201461795c2e90000');
Insert into WEIXIN_MENUENTITY (ID,MENUKEY,MSGTYPE,NAME,ORDERS,TEMPLATEID,TYPE,URL,FATHERID,ACCOUNTID) values ('402889ff4728a293014728bcb3020038','c0302','text','访问链接','1','f7a8a3a946e55a940146e5c317f6005f','view','http://www.jeewx.com','402889ff4728a293014728bc62250036','402881e8461795c201461795c2e90000');
Insert into WEIXIN_MENUENTITY (ID,MENUKEY,MSGTYPE,NAME,ORDERS,TEMPLATEID,TYPE,URL,FATHERID,ACCOUNTID) values ('402889ff4728f237014728f2d39f0001','c01',null,'开源项目','1',null,'click',' ',null,'402881e8461795c201461795c2e90000');
Insert into WEIXIN_MENUENTITY (ID,MENUKEY,MSGTYPE,NAME,ORDERS,TEMPLATEID,TYPE,URL,FATHERID,ACCOUNTID) values ('402889ff4728f237014728f52c0b0008','c0102',null,'Jeecg快速开发平台','2',null,'view','http://mp.weixin.qq.com/s?__biz=MjM5NjA2OTkxMg==&mid=200275454&idx=2&sn=a4a4bd237aff404b8044e59105b74c69#rd','402889ff4728f237014728f2d39f0001','402881e8461795c201461795c2e90000');
Insert into WEIXIN_MENUENTITY (ID,MENUKEY,MSGTYPE,NAME,ORDERS,TEMPLATEID,TYPE,URL,FATHERID,ACCOUNTID) values ('402889ff4728f237014728f60f0f000b','c0301','text','触发文本','1','f7a8a3a946e55a940146e5cfa5660070','click','http://mp.weixin.qq.com/s?__biz=MjM5NjA2OTkxMg==&mid=200211928&idx=1&sn=18baf4ad4076f2f42c7db938c1277b08#rd','402889ff4728a293014728bc62250036','402881e8461795c201461795c2e90000');
Insert into WEIXIN_MENUENTITY (ID,MENUKEY,MSGTYPE,NAME,ORDERS,TEMPLATEID,TYPE,URL,FATHERID,ACCOUNTID) values ('402889ff4728f237014729029d940010','c0204','expand','刮刮乐','1','402881e4469ffe7a0146a000090d0001','click',null,'402881e4464d026901464d05ab600001','402881e8461795c201461795c2e90000');
Insert into WEIXIN_MENUENTITY (ID,MENUKEY,MSGTYPE,NAME,ORDERS,TEMPLATEID,TYPE,URL,FATHERID,ACCOUNTID) values ('402889ff4728f237014729039c7c0014','c0201','text','营销工具',' ','f7a8a3a946e55a940146e5cfa5660070','click',null,'402881e4464d026901464d05ab600001','402881e8461795c201461795c2e90000');
Insert into WEIXIN_MENUENTITY (ID,MENUKEY,MSGTYPE,NAME,ORDERS,TEMPLATEID,TYPE,URL,FATHERID,ACCOUNTID) values ('40289481515d5e1201515d6009020005','jeewx',null,'Jeewx微信管家','1',null,'view','http://mp.weixin.qq.com/s?__biz=MjM5NjA2OTkxMg==&mid=201250688&idx=4&sn=6aa38b2e0a3cd1bc770e6fca732cf04f#rd','402889ff4728f237014728f2d39f0001','402881e8461795c201461795c2e90000');
REM INSERTING into WEIXIN_MESSAGE_TEMPLATE
SET DEFINE OFF;
REM INSERTING into WEIXIN_NEWSITEM
SET DEFINE OFF;
Insert into WEIXIN_NEWSITEM (ID,NEW_TYPE,AUTHOR,DESCRIPTION,IMAGEPATH,ORDERS,TITLE,TEMPLATEID,URL,CREATE_DATE,ACCOUNTID) values ('402881865907db7401590806c526000d',null,'33','33','upload/files/20161216222607YvbDnX3S.jpg','1','333','4028d881472f356e01472f36461b0001',' ',to_date('16-12月-16','DD-MON-RR'),'402881e8461795c201461795c2e90000');
Insert into WEIXIN_NEWSITEM (ID,NEW_TYPE,AUTHOR,DESCRIPTION,IMAGEPATH,ORDERS,TITLE,TEMPLATEID,URL,CREATE_DATE,ACCOUNTID) values ('40289481515cf0fe01515cfb24c5001b',null,'jeecg','Jeewx商业版本介绍','upload/files/20151201175834RttNvMaW.jpg','2','Jeewx商业版本介绍','4028d881472f356e01472f36461b0001','http://mp.weixin.qq.com/s?__biz=MjM5NjA2OTkxMg==&mid=201250688&idx=4&sn=6aa38b2e0a3cd1bc770e6fca732cf04f#rd',to_date('01-12月-15','DD-MON-RR'),'402881e8461795c201461795c2e90000');
Insert into WEIXIN_NEWSITEM (ID,NEW_TYPE,AUTHOR,DESCRIPTION,IMAGEPATH,ORDERS,TITLE,TEMPLATEID,URL,CREATE_DATE,ACCOUNTID) values ('4028d881472f356e01472f36d0a00003',null,'Jeecg','Jeewx管家介绍','upload/files/20151201175716Q7tIXj7S.jpg','1','Jeewx管家介绍','4028d881472f356e01472f36461b0001',' ',to_date('13-7月 -14','DD-MON-RR'),'402881e8461795c201461795c2e90000');
REM INSERTING into WEIXIN_NEWSTEMPLATE
SET DEFINE OFF;
Insert into WEIXIN_NEWSTEMPLATE (ID,ADDTIME,TEMPATENAME,TYPE,ACCOUNTID) values ('4028d881472f356e01472f36461b0001','2014-07-13 18:13:11','jeecg图文','common','402881e8461795c201461795c2e90000');
REM INSERTING into WEIXIN_OPEN_ACCOUNT
SET DEFINE OFF;
REM INSERTING into WEIXIN_PHOTO
SET DEFINE OFF;
Insert into WEIXIN_PHOTO (ID,PHOTO_ALBUM_ID,CONTENT,CREATE_BY,CREATE_DATE,NAME,UPDATE_BY,UPDATE_DATE) values ('402880f2590749060159075431330013','402880f25907490601590753f98c000f',null,'4028d881436d514601436d5215ac0043',to_date('16-12月-16','DD-MON-RR'),'未命名','4028d881436d514601436d5215ac0043',to_date('16-12月-16','DD-MON-RR'));
Insert into WEIXIN_PHOTO (ID,PHOTO_ALBUM_ID,CONTENT,CREATE_BY,CREATE_DATE,NAME,UPDATE_BY,UPDATE_DATE) values ('402880f25907490601590754343a0014','402880f25907490601590753f98c000f',null,'4028d881436d514601436d5215ac0043',to_date('16-12月-16','DD-MON-RR'),'未命名','4028d881436d514601436d5215ac0043',to_date('16-12月-16','DD-MON-RR'));
Insert into WEIXIN_PHOTO (ID,PHOTO_ALBUM_ID,CONTENT,CREATE_BY,CREATE_DATE,NAME,UPDATE_BY,UPDATE_DATE) values ('402880f2590749060159075436400015','402880f25907490601590753f98c000f',null,'4028d881436d514601436d5215ac0043',to_date('16-12月-16','DD-MON-RR'),'未命名','4028d881436d514601436d5215ac0043',to_date('16-12月-16','DD-MON-RR'));
Insert into WEIXIN_PHOTO (ID,PHOTO_ALBUM_ID,CONTENT,CREATE_BY,CREATE_DATE,NAME,UPDATE_BY,UPDATE_DATE) values ('402880f2590749060159075438570016','402880f25907490601590753f98c000f',null,'4028d881436d514601436d5215ac0043',to_date('16-12月-16','DD-MON-RR'),'未命名','4028d881436d514601436d5215ac0043',to_date('16-12月-16','DD-MON-RR'));
Insert into WEIXIN_PHOTO (ID,PHOTO_ALBUM_ID,CONTENT,CREATE_BY,CREATE_DATE,NAME,UPDATE_BY,UPDATE_DATE) values ('4028948151dc770f0151dc7e8c5a0005','4028948151dc770f0151dc7d6f0f0001',null,'4028d881436d514601436d5215ac0043',to_date('26-12月-15','DD-MON-RR'),'未命名','4028d881436d514601436d5215ac0043',to_date('26-12月-15','DD-MON-RR'));
Insert into WEIXIN_PHOTO (ID,PHOTO_ALBUM_ID,CONTENT,CREATE_BY,CREATE_DATE,NAME,UPDATE_BY,UPDATE_DATE) values ('4028948151dc770f0151dc7e8d050006','4028948151dc770f0151dc7d6f0f0001',null,'4028d881436d514601436d5215ac0043',to_date('26-12月-15','DD-MON-RR'),'未命名','4028d881436d514601436d5215ac0043',to_date('26-12月-15','DD-MON-RR'));
Insert into WEIXIN_PHOTO (ID,PHOTO_ALBUM_ID,CONTENT,CREATE_BY,CREATE_DATE,NAME,UPDATE_BY,UPDATE_DATE) values ('4028948151dc770f0151dc7e8d7e0007','4028948151dc770f0151dc7d6f0f0001',null,'4028d881436d514601436d5215ac0043',to_date('26-12月-15','DD-MON-RR'),'未命名','4028d881436d514601436d5215ac0043',to_date('26-12月-15','DD-MON-RR'));
Insert into WEIXIN_PHOTO (ID,PHOTO_ALBUM_ID,CONTENT,CREATE_BY,CREATE_DATE,NAME,UPDATE_BY,UPDATE_DATE) values ('4028948151dc770f0151dc7e8e020008','4028948151dc770f0151dc7d6f0f0001',null,'4028d881436d514601436d5215ac0043',to_date('26-12月-15','DD-MON-RR'),'未命名','4028d881436d514601436d5215ac0043',to_date('26-12月-15','DD-MON-RR'));
Insert into WEIXIN_PHOTO (ID,PHOTO_ALBUM_ID,CONTENT,CREATE_BY,CREATE_DATE,NAME,UPDATE_BY,UPDATE_DATE) values ('4028948151dc770f0151dc7e8e8b0009','4028948151dc770f0151dc7d6f0f0001',null,'4028d881436d514601436d5215ac0043',to_date('26-12月-15','DD-MON-RR'),'未命名','4028d881436d514601436d5215ac0043',to_date('26-12月-15','DD-MON-RR'));
REM INSERTING into WEIXIN_PHOTO_ALBUM
SET DEFINE OFF;
Insert into WEIXIN_PHOTO_ALBUM (ID,NAME,CONTENT,ACCOUNTID,CREATE_DATE,CREATE_BY,UPDATE_DATE,UPDATE_BY,PHOTO_ID) values ('402880f25907490601590753f98c000f','相册2','相册2','402881e8461795c201461795c2e90000',to_date('16-12月-16','DD-MON-RR'),'4028d881436d514601436d5215ac0043',to_date('16-12月-16','DD-MON-RR'),'4028d881436d514601436d5215ac0043','402880f2590749060159075438570016');
Insert into WEIXIN_PHOTO_ALBUM (ID,NAME,CONTENT,ACCOUNTID,CREATE_DATE,CREATE_BY,UPDATE_DATE,UPDATE_BY,PHOTO_ID) values ('4028948151dc770f0151dc7d6f0f0001','相册one','相册one','402881e8461795c201461795c2e90000',to_date('26-12月-15','DD-MON-RR'),'4028d881436d514601436d5215ac0043',to_date('16-12月-16','DD-MON-RR'),'4028d881436d514601436d5215ac0043','4028948151dc770f0151dc7e8e020008');
REM INSERTING into WEIXIN_PRIZERECORD
SET DEFINE OFF;
Insert into WEIXIN_PRIZERECORD (ID,ADDTIME,HDID,MOBILE,OPENID,PRIZE,ACCOUNTID) values ('402881865907db740159082a0e690033',to_date('16-12月-16','DD-MON-RR'),'402881e6469a13b901469a1e9e420001','18677877878','o94BGv4wkjYm7GV6tnh1IHC_F0Z4','2','402881e8461795c201461795c2e90000');
REM INSERTING into WEIXIN_RECEIVETEXT
SET DEFINE OFF;
Insert into WEIXIN_RECEIVETEXT (ID,CONTENT,CREATETIME,FROMUSERNAME,MSGID,MSGTYPE,RESCONTENT,RESPONSE,TOUSERNAME,ACCOUNTID,NICKNAME) values ('4028b8815aeaf985015aeb1c7e2f0002','?',to_date('20-3月 -17','DD-MON-RR'),'oWBFhv51PdHFZMKe_09KtgzMRSL0','6399514998168010091','text',null,'0','gh_16ed608b6426','gh_16ed608b6426',null);
Insert into WEIXIN_RECEIVETEXT (ID,CONTENT,CREATETIME,FROMUSERNAME,MSGID,MSGTYPE,RESCONTENT,RESPONSE,TOUSERNAME,ACCOUNTID,NICKNAME) values ('4028b8815aeaf985015aeb1cb6f60003','？',to_date('20-3月 -17','DD-MON-RR'),'oWBFhv51PdHFZMKe_09KtgzMRSL0','6399515062592519534','text',null,'0','gh_16ed608b6426','gh_16ed608b6426',null);
Insert into WEIXIN_RECEIVETEXT (ID,CONTENT,CREATETIME,FROMUSERNAME,MSGID,MSGTYPE,RESCONTENT,RESPONSE,TOUSERNAME,ACCOUNTID,NICKNAME) values ('4028b8815aeaf985015aeb1d09750004','?',to_date('20-3月 -17','DD-MON-RR'),'oWBFhv51PdHFZMKe_09KtgzMRSL0','6399515152786832760','text',null,'0','gh_16ed608b6426','gh_16ed608b6426',null);
Insert into WEIXIN_RECEIVETEXT (ID,CONTENT,CREATETIME,FROMUSERNAME,MSGID,MSGTYPE,RESCONTENT,RESPONSE,TOUSERNAME,ACCOUNTID,NICKNAME) values ('4028b8815aeaf985015aeb1ee4250005','？',to_date('20-3月 -17','DD-MON-RR'),'oWBFhv51PdHFZMKe_09KtgzMRSL0','6399515599463431601','text',null,'0','gh_16ed608b6426','gh_16ed608b6426',null);
Insert into WEIXIN_RECEIVETEXT (ID,CONTENT,CREATETIME,FROMUSERNAME,MSGID,MSGTYPE,RESCONTENT,RESPONSE,TOUSERNAME,ACCOUNTID,NICKNAME) values ('4028b8815af3fc60015af4c726ea0004','拜拜',to_date('22-3月 -17','DD-MON-RR'),'oWBFhv51PdHFZMKe_09KtgzMRSL0','6400211530194309627','text',null,'0','gh_16ed608b6426','gh_16ed608b6426',null);
Insert into WEIXIN_RECEIVETEXT (ID,CONTENT,CREATETIME,FROMUSERNAME,MSGID,MSGTYPE,RESCONTENT,RESPONSE,TOUSERNAME,ACCOUNTID,NICKNAME) values ('4028b8815af3fc60015af4c76bba0005','拜拜',to_date('22-3月 -17','DD-MON-RR'),'oWBFhv51PdHFZMKe_09KtgzMRSL0','6400211620388622849','text',null,'0','gh_16ed608b6426','gh_16ed608b6426',null);
Insert into WEIXIN_RECEIVETEXT (ID,CONTENT,CREATETIME,FROMUSERNAME,MSGID,MSGTYPE,RESCONTENT,RESPONSE,TOUSERNAME,ACCOUNTID,NICKNAME) values ('402880f2590749060159074b49580004','01',to_date('16-12月-16','DD-MON-RR'),'o94BGv4wkjYm7GV6tnh1IHC_F0Z4','6364652314832334913','text',null,'0','gh_20419b74f848','gh_20419b74f848',null);
Insert into WEIXIN_RECEIVETEXT (ID,CONTENT,CREATETIME,FROMUSERNAME,MSGID,MSGTYPE,RESCONTENT,RESPONSE,TOUSERNAME,ACCOUNTID,NICKNAME) values ('402880f2590749060159074be5b40006','你好',to_date('16-12月-16','DD-MON-RR'),'o94BGv4wkjYm7GV6tnh1IHC_F0Z4','6364652486631026762','text',null,'0','gh_20419b74f848','gh_20419b74f848',null);
Insert into WEIXIN_RECEIVETEXT (ID,CONTENT,CREATETIME,FROMUSERNAME,MSGID,MSGTYPE,RESCONTENT,RESPONSE,TOUSERNAME,ACCOUNTID,NICKNAME) values ('402880f2590749060159074d69490007','大转盘',to_date('16-12月-16','DD-MON-RR'),'o94BGv4wkjYm7GV6tnh1IHC_F0Z4','6364652911832789078','text',null,'0','gh_20419b74f848','gh_20419b74f848',null);
Insert into WEIXIN_RECEIVETEXT (ID,CONTENT,CREATETIME,FROMUSERNAME,MSGID,MSGTYPE,RESCONTENT,RESPONSE,TOUSERNAME,ACCOUNTID,NICKNAME) values ('402880f3591b2a3001591b32e7c50001','你好',to_date('20-12月-16','DD-MON-RR'),'o94BGv4wkjYm7GV6tnh1IHC_F0Z4','6366086537556470254','text',null,'0','gh_20419b74f848','gh_20419b74f848',null);
Insert into WEIXIN_RECEIVETEXT (ID,CONTENT,CREATETIME,FROMUSERNAME,MSGID,MSGTYPE,RESCONTENT,RESPONSE,TOUSERNAME,ACCOUNTID,NICKNAME) values ('402880f3591bc49901591bc76e220001','你好',to_date('20-12月-16','DD-MON-RR'),'o94BGv4wkjYm7GV6tnh1IHC_F0Z4','6366128383422835970','text',null,'0','gh_20419b74f848','gh_20419b74f848',null);
REM INSERTING into WEIXIN_SEND_TEMPLATE_MESSAGE
SET DEFINE OFF;
REM INSERTING into WEIXIN_SUBSCRIBE
SET DEFINE OFF;
Insert into WEIXIN_SUBSCRIBE (ID,ACCOUNTID,ADDTIME,MSGTYPE,TEMPLATEID,TEMPLATENAME) values ('402889ff472978290147297b54350004','402881e8461795c201461795c2e90000','2014-07-12 15:30:54','text','f7a8a3a946e249c20146e25c4dc7000c','欢迎关注语');
REM INSERTING into WEIXIN_TAG
SET DEFINE OFF;
REM INSERTING into WEIXIN_TEXTTEMPLATE
SET DEFINE OFF;
Insert into WEIXIN_TEXTTEMPLATE (ID,ADDTIME,CONTENT,TEMPLATENAME,ACCOUNTID) values ('4028d8814734ee0d0147356b4c730010','2014-07-14 23:08:50','你好，我是Jeewx捷微管家系统，如果想了解更多功能，请关注公众号“jeecg”','你好','402881e8461795c201461795c2e90000');
Insert into WEIXIN_TEXTTEMPLATE (ID,ADDTIME,CONTENT,TEMPLATENAME,ACCOUNTID) values ('f7a8a3a946e249c20146e25c4dc7000c','2014-06-28 20:03:58',' 欢迎您关注JEEWX管家，捷微是一款基于JAVA语言的，多触点管理系统，支持微信公众号、微信企业号、支付服务窗，同时代码完全开源，方便二次开发。程序自身提供部分行业解决方案及丰富的营销功能。更多演示功能请查看下方菜单。
官网：www.jeewx.com
QQ群：289709451
论坛：www.jeecg.org','欢迎关注语','402881e8461795c201461795c2e90000');
Insert into WEIXIN_TEXTTEMPLATE (ID,ADDTIME,CONTENT,TEMPLATENAME,ACCOUNTID) values ('f7a8a3a946e55a940146e5a3e498004d','2014-06-29 11:21:01','微译使用指南

微译为用户提供专业的多语言翻译服务，目前支持以下翻译方向：
    中 -> 英
    英 -> 中
    日 -> 中

使用示例：
    翻译我是中国人
    翻译dream
    翻译さようなら

回复“?”显示主菜单','微译使用指南','402881e8461795c201461795c2e90000');
Insert into WEIXIN_TEXTTEMPLATE (ID,ADDTIME,CONTENT,TEMPLATENAME,ACCOUNTID) values ('f7a8a3a946e55a940146e5a429cf004e','2014-06-29 11:21:19','发送天气+城市，例如''天气广州''
','天气使用指南','402881e8461795c201461795c2e90000');
Insert into WEIXIN_TEXTTEMPLATE (ID,ADDTIME,CONTENT,TEMPLATENAME,ACCOUNTID) values ('f7a8a3a946e55a940146e5a53e6b0051','2014-06-29 11:22:30','请输入"大转盘"，参与抽奖活动','大转盘指南','402881e8461795c201461795c2e90000');
Insert into WEIXIN_TEXTTEMPLATE (ID,ADDTIME,CONTENT,TEMPLATENAME,ACCOUNTID) values ('f7a8a3a946e55a940146e5a584da0052','2014-06-29 11:22:48','请输入"刮刮乐"，参与抽奖活动','刮刮乐指南','402881e8461795c201461795c2e90000');
Insert into WEIXIN_TEXTTEMPLATE (ID,ADDTIME,CONTENT,TEMPLATENAME,ACCOUNTID) values ('f7a8a3a946e55a940146e5c317f6005f','2014-06-29 11:55:06','官方网站：www.jeewx.com
商务购买联系QQ: 418799587','联系我们','402881e8461795c201461795c2e90000');
Insert into WEIXIN_TEXTTEMPLATE (ID,ADDTIME,CONTENT,TEMPLATENAME,ACCOUNTID) values ('f7a8a3a946e55a940146e5cfa5660070','2014-06-29 12:08:49','01  翻译
02  天气
03  大转盘
04  刮刮乐','营销工具','402881e8461795c201461795c2e90000');
REM INSERTING into WEIXIN_USER
SET DEFINE OFF;
REM INSERTING into WEIXIN_USER_BLACKLIST
SET DEFINE OFF;
REM INSERTING into WEIXIN_USER_TAG
SET DEFINE OFF;
--------------------------------------------------------
--  DDL for Index FK_9DWW3P4W8JWVLRGWHPITSBFIF
--------------------------------------------------------

  CREATE INDEX "FK_9DWW3P4W8JWVLRGWHPITSBFIF" ON "T_S_ROLE_FUNCTION" ("ROLEID")
--------------------------------------------------------
--  DDL for Index PRIMARY_21
--------------------------------------------------------

  CREATE UNIQUE INDEX "PRIMARY_21" ON "DOC" ("ID")
--------------------------------------------------------
--  DDL for Index FK_OE64K4852UYLHYC5A00RFWTAY
--------------------------------------------------------

  CREATE INDEX "FK_OE64K4852UYLHYC5A00RFWTAY" ON "T_S_LOG" ("USERID")
--------------------------------------------------------
--  DDL for Index PRIMARY_42
--------------------------------------------------------

  CREATE UNIQUE INDEX "PRIMARY_42" ON "QYWX_AUTORESPONSE_DEFAULT" ("ID")
--------------------------------------------------------
--  DDL for Index PRIMARY_82
--------------------------------------------------------

  CREATE UNIQUE INDEX "PRIMARY_82" ON "WEIXIN_CMS_MENU" ("ID")
--------------------------------------------------------
--  DDL for Index FK_3Q40MR4EBTD0CVX79MATL39X1
--------------------------------------------------------

  CREATE INDEX "FK_3Q40MR4EBTD0CVX79MATL39X1" ON "T_S_TYPE" ("TYPEGROUPID")
--------------------------------------------------------
--  DDL for Index PRIMARY_9
--------------------------------------------------------

  CREATE UNIQUE INDEX "PRIMARY_9" ON "ALIPAY_RECEIVETEXT" ("ID")
--------------------------------------------------------
--  DDL for Index PRIMARY_63
--------------------------------------------------------

  CREATE UNIQUE INDEX "PRIMARY_63" ON "T_S_ICON" ("ID")
--------------------------------------------------------
--  DDL for Index PRIMARY_15
--------------------------------------------------------

  CREATE UNIQUE INDEX "PRIMARY_15" ON "CGFORM_FIELD" ("ID")
--------------------------------------------------------
--  DDL for Index PRIMARY_73
--------------------------------------------------------

  CREATE UNIQUE INDEX "PRIMARY_73" ON "T_S_TYPE" ("ID")
--------------------------------------------------------
--  DDL for Index FK_GBDACAOJU6D5U53RP4JO4RBS9
--------------------------------------------------------

  CREATE INDEX "FK_GBDACAOJU6D5U53RP4JO4RBS9" ON "T_S_FUNCTION" ("DESK_ICONID")
--------------------------------------------------------
--  DDL for Index PK_WX_SD_TEM_MSG
--------------------------------------------------------

  CREATE UNIQUE INDEX "PK_WX_SD_TEM_MSG" ON "WEIXIN_SEND_TEMPLATE_MESSAGE" ("ID")
--------------------------------------------------------
--  DDL for Index FK_IJ2P74FEYPWCDA4N0N96PYD10
--------------------------------------------------------

  CREATE INDEX "FK_IJ2P74FEYPWCDA4N0N96PYD10" ON "T_FINANCE_FILES" ("FINANCEID")
--------------------------------------------------------
--  DDL for Index PRIMARY_10
--------------------------------------------------------

  CREATE UNIQUE INDEX "PRIMARY_10" ON "ALIPAY_RECEIVETEXT_CONTENT" ("ID")
--------------------------------------------------------
--  DDL for Index PRIMARY_85
--------------------------------------------------------

  CREATE UNIQUE INDEX "PRIMARY_85" ON "WEIXIN_EXPANDCONFIG" ("ID")
--------------------------------------------------------
--  DDL for Index FK_M8QS8UFEQKK5CX17BUDTO66R0
--------------------------------------------------------

  CREATE INDEX "FK_M8QS8UFEQKK5CX17BUDTO66R0" ON "WEIXIN_NEWSITEM" ("TEMPLATEID")
--------------------------------------------------------
--  DDL for Index PRIMARY_7
--------------------------------------------------------

  CREATE UNIQUE INDEX "PRIMARY_7" ON "ALIPAY_NEWSITEM" ("ID")
--------------------------------------------------------
--  DDL for Index PRIMARY_55
--------------------------------------------------------

  CREATE UNIQUE INDEX "PRIMARY_55" ON "T_S_ATTACHMENT" ("ID")
--------------------------------------------------------
--  DDL for Index FK_QR3QLMGKFLJ35M5CI1XV0VVG3
--------------------------------------------------------

  CREATE INDEX "FK_QR3QLMGKFLJ35M5CI1XV0VVG3" ON "T_S_DOCUMENT" ("TYPEID")
--------------------------------------------------------
--  DDL for Index PRIMARY_1
--------------------------------------------------------

  CREATE UNIQUE INDEX "PRIMARY_1" ON "ALIPAY_AUTORESPONSE" ("ID")
--------------------------------------------------------
--  DDL for Index PRIMARY_25
--------------------------------------------------------

  CREATE UNIQUE INDEX "PRIMARY_25" ON "JEECG_DEMO_TEACHER" ("ID")
--------------------------------------------------------
--  DDL for Index PRIMARY_79
--------------------------------------------------------

  CREATE UNIQUE INDEX "PRIMARY_79" ON "WEIXIN_AUTORESPONSE" ("ID")
--------------------------------------------------------
--  DDL for Index PRIMARY_41
--------------------------------------------------------

  CREATE UNIQUE INDEX "PRIMARY_41" ON "QYWX_AUTORESPONSE" ("ID")
--------------------------------------------------------
--  DDL for Index PRIMARY_51
--------------------------------------------------------

  CREATE UNIQUE INDEX "PRIMARY_51" ON "QYWX_RECEIVETEXT" ("ID")
--------------------------------------------------------
--  DDL for Index PRIMARY_8
--------------------------------------------------------

  CREATE UNIQUE INDEX "PRIMARY_8" ON "ALIPAY_NEWSTEMPLATE" ("ID")
--------------------------------------------------------
--  DDL for Index PRIMARY_76
--------------------------------------------------------

  CREATE UNIQUE INDEX "PRIMARY_76" ON "T_S_VERSION" ("ID")
--------------------------------------------------------
--  DDL for Index PRIMARY_28
--------------------------------------------------------

  CREATE UNIQUE INDEX "PRIMARY_28" ON "JEECG_ORDER_CUSTOM" ("ID")
--------------------------------------------------------
--  DDL for Index PRIMARY_20
--------------------------------------------------------

  CREATE UNIQUE INDEX "PRIMARY_20" ON "CK_FINDER" ("ID")
--------------------------------------------------------
--  DDL for Index PRIMARY_96
--------------------------------------------------------

  CREATE UNIQUE INDEX "PRIMARY_96" ON "WEIXIN_RECEIVETEXT" ("ID")
--------------------------------------------------------
--  DDL for Index PRIMARY_75
--------------------------------------------------------

  CREATE UNIQUE INDEX "PRIMARY_75" ON "T_S_USER" ("ID")
--------------------------------------------------------
--  DDL for Index PRIMARY_60
--------------------------------------------------------

  CREATE UNIQUE INDEX "PRIMARY_60" ON "T_S_DOCUMENT" ("ID")
--------------------------------------------------------
--  DDL for Index FK_M3Q8R50ROR4FL7FJKVD82TQGN
--------------------------------------------------------

  CREATE INDEX "FK_M3Q8R50ROR4FL7FJKVD82TQGN" ON "T_S_CONFIG" ("USERID")
--------------------------------------------------------
--  DDL for Index PRIMARY_88
--------------------------------------------------------

  CREATE UNIQUE INDEX "PRIMARY_88" ON "WEIXIN_LINKSUCAI" ("ID")
--------------------------------------------------------
--  DDL for Index FK_G3JN8MFOD69I7JFV5GNRCVGBX
--------------------------------------------------------

  CREATE INDEX "FK_G3JN8MFOD69I7JFV5GNRCVGBX" ON "JEECG_DEMO_COURSE" ("TEACHER_ID")
--------------------------------------------------------
--  DDL for Index PRIMARY_86
--------------------------------------------------------

  CREATE UNIQUE INDEX "PRIMARY_86" ON "WEIXIN_HDRECORD" ("ID")
--------------------------------------------------------
--  DDL for Index PRIMARY_90
--------------------------------------------------------

  CREATE UNIQUE INDEX "PRIMARY_90" ON "WEIXIN_NEWSITEM" ("ID")
--------------------------------------------------------
--  DDL for Index PRIMARY_59
--------------------------------------------------------

  CREATE UNIQUE INDEX "PRIMARY_59" ON "T_S_DEPART" ("ID")
--------------------------------------------------------
--  DDL for Index PK_WEIXIN_USER_TAG
--------------------------------------------------------

  CREATE UNIQUE INDEX "PK_WEIXIN_USER_TAG" ON "WEIXIN_USER_TAG" ("ACCOUNTID", "OPENID", "ID")
--------------------------------------------------------
--  DDL for Index PRIMARY_43
--------------------------------------------------------

  CREATE UNIQUE INDEX "PRIMARY_43" ON "QYWX_CONVERSATION" ("ID")
--------------------------------------------------------
--  DDL for Index FK_NY5DE7922L39TA2PKHYSPD5F
--------------------------------------------------------

  CREATE INDEX "FK_NY5DE7922L39TA2PKHYSPD5F" ON "T_S_OPERATION" ("ICONID")
--------------------------------------------------------
--  DDL for Index PRIMARY_56
--------------------------------------------------------

  CREATE UNIQUE INDEX "PRIMARY_56" ON "T_S_BASE_USER" ("ID")
--------------------------------------------------------
--  DDL for Index PRIMARY_40
--------------------------------------------------------

  CREATE UNIQUE INDEX "PRIMARY_40" ON "QYWX_AGENT" ("ID")
--------------------------------------------------------
--  DDL for Index PRIMARY_4
--------------------------------------------------------

  CREATE UNIQUE INDEX "PRIMARY_4" ON "ALIPAY_GZUSERINFO" ("ID")
--------------------------------------------------------
--  DDL for Index PRIMARY_52
--------------------------------------------------------

  CREATE UNIQUE INDEX "PRIMARY_52" ON "QYWX_TEXTTEMPLATE" ("ID")
--------------------------------------------------------
--  DDL for Index FK_ASTULWPSLA864AT9IGBAS3EIC
--------------------------------------------------------

  CREATE INDEX "FK_ASTULWPSLA864AT9IGBAS3EIC" ON "WEIXIN_MENUENTITY" ("FATHERID")
--------------------------------------------------------
--  DDL for Index PRIMARY_68
--------------------------------------------------------

  CREATE UNIQUE INDEX "PRIMARY_68" ON "T_S_ROLE_FUNCTION" ("ID")
--------------------------------------------------------
--  DDL for Index PRIMARY_67
--------------------------------------------------------

  CREATE UNIQUE INDEX "PRIMARY_67" ON "T_S_ROLE" ("ID")
--------------------------------------------------------
--  DDL for Index PRIMARY_97
--------------------------------------------------------

  CREATE UNIQUE INDEX "PRIMARY_97" ON "WEIXIN_SUBSCRIBE" ("ID")
--------------------------------------------------------
--  DDL for Index PRIMARY_47
--------------------------------------------------------

  CREATE UNIQUE INDEX "PRIMARY_47" ON "QYWX_MENU" ("ID")
--------------------------------------------------------
--  DDL for Index PRIMARY_94
--------------------------------------------------------

  CREATE UNIQUE INDEX "PRIMARY_94" ON "WEIXIN_PHOTO_ALBUM" ("ID")
--------------------------------------------------------
--  DDL for Index PRIMARY_66
--------------------------------------------------------

  CREATE UNIQUE INDEX "PRIMARY_66" ON "T_S_OPINTEMPLATE" ("ID")
--------------------------------------------------------
--  DDL for Index PRIMARY_5
--------------------------------------------------------

  CREATE UNIQUE INDEX "PRIMARY_5" ON "ALIPAY_MENU" ("ID")
--------------------------------------------------------
--  DDL for Index PRIMARY_36
--------------------------------------------------------

  CREATE UNIQUE INDEX "PRIMARY_36" ON "JP_DEMO_ACTIVITY" ("ID")
--------------------------------------------------------
--  DDL for Index FK_FVSILLJ2CXYK5THNUU625URAB
--------------------------------------------------------

  CREATE INDEX "FK_FVSILLJ2CXYK5THNUU625URAB" ON "T_S_ROLE_FUNCTION" ("FUNCTIONID")
--------------------------------------------------------
--  DDL for Index PRIMARY_16
--------------------------------------------------------

  CREATE UNIQUE INDEX "PRIMARY_16" ON "CGFORM_FTL" ("ID")
--------------------------------------------------------
--  DDL for Index PRIMARY_3
--------------------------------------------------------

  CREATE UNIQUE INDEX "PRIMARY_3" ON "ALIPAY_GZENTITY" ("ID")
--------------------------------------------------------
--  DDL for Index FK_MNQ23HLC835N4UFGJL7NKN3BD
--------------------------------------------------------

  CREATE INDEX "FK_MNQ23HLC835N4UFGJL7NKN3BD" ON "T_S_ATTACHMENT" ("USERID")
--------------------------------------------------------
--  DDL for Index PRIMARY_35
--------------------------------------------------------

  CREATE UNIQUE INDEX "PRIMARY_35" ON "JG_PERSON" ("ID")
--------------------------------------------------------
--  DDL for Index UNIQ_CORPID
--------------------------------------------------------

  CREATE UNIQUE INDEX "UNIQ_CORPID" ON "ALIPAY_ACCOUNT" ("APPID")
--------------------------------------------------------
--  DDL for Index PRIMARY_45
--------------------------------------------------------

  CREATE UNIQUE INDEX "PRIMARY_45" ON "QYWX_GZENTITY" ("ID")
--------------------------------------------------------
--  DDL for Index PRIMARY_91
--------------------------------------------------------

  CREATE UNIQUE INDEX "PRIMARY_91" ON "WEIXIN_NEWSTEMPLATE" ("ID")
--------------------------------------------------------
--  DDL for Index PRIMARY_78
--------------------------------------------------------

  CREATE UNIQUE INDEX "PRIMARY_78" ON "WEIXIN_ACCOUNT" ("ID")
--------------------------------------------------------
--  DDL for Index PRIMARY_64
--------------------------------------------------------

  CREATE UNIQUE INDEX "PRIMARY_64" ON "T_S_LOG" ("ID")
--------------------------------------------------------
--  DDL for Index PRIMARY_17
--------------------------------------------------------

  CREATE UNIQUE INDEX "PRIMARY_17" ON "CGFORM_HEAD" ("ID")
--------------------------------------------------------
--  DDL for Index ORDER_
--------------------------------------------------------

  CREATE UNIQUE INDEX "ORDER_" ON "ALIPAY_MENU" ("ORDERS")
--------------------------------------------------------
--  DDL for Index PRIMARY_62
--------------------------------------------------------

  CREATE UNIQUE INDEX "PRIMARY_62" ON "T_S_FUNCTION" ("ID")
--------------------------------------------------------
--  DDL for Index PRIMARY_54
--------------------------------------------------------

  CREATE UNIQUE INDEX "PRIMARY_54" ON "T_FINANCE_FILES" ("ID")
--------------------------------------------------------
--  DDL for Index MENU_KEY
--------------------------------------------------------

  CREATE UNIQUE INDEX "MENU_KEY" ON "ALIPAY_MENU" ("MENU_KEY")
--------------------------------------------------------
--  DDL for Index PRIMARY_27
--------------------------------------------------------

  CREATE UNIQUE INDEX "PRIMARY_27" ON "JEECG_MINIDAO" ("ID")
--------------------------------------------------------
--  DDL for Index FK_FNI8E3V88WCF2SAHHLV57U4NM
--------------------------------------------------------

  CREATE INDEX "FK_FNI8E3V88WCF2SAHHLV57U4NM" ON "T_S_DEMO" ("DEMOPID")
--------------------------------------------------------
--  DDL for Index PRIMARY_29
--------------------------------------------------------

  CREATE UNIQUE INDEX "PRIMARY_29" ON "JEECG_ORDER_MAIN" ("ID")
--------------------------------------------------------
--  DDL for Index PRIMARY_30
--------------------------------------------------------

  CREATE UNIQUE INDEX "PRIMARY_30" ON "JEECG_ORDER_PRODUCT" ("ID")
--------------------------------------------------------
--  DDL for Index PRIMARY_58
--------------------------------------------------------

  CREATE UNIQUE INDEX "PRIMARY_58" ON "T_S_DEMO" ("ID")
--------------------------------------------------------
--  DDL for Index PRIMARY_2
--------------------------------------------------------

  CREATE UNIQUE INDEX "PRIMARY_2" ON "ALIPAY_AUTORESPONSE_DEFAULT" ("ID")
--------------------------------------------------------
--  DDL for Index PRIMARY_80
--------------------------------------------------------

  CREATE UNIQUE INDEX "PRIMARY_80" ON "WEIXIN_CMS_AD" ("ID")
--------------------------------------------------------
--  DDL for Index PK_WEIXIN_USER_BLACKLIST
--------------------------------------------------------

  CREATE UNIQUE INDEX "PK_WEIXIN_USER_BLACKLIST" ON "WEIXIN_USER_BLACKLIST" ("ACCOUNTID", "OPENID")
--------------------------------------------------------
--  DDL for Index PRIMARY_95
--------------------------------------------------------

  CREATE UNIQUE INDEX "PRIMARY_95" ON "WEIXIN_PRIZERECORD" ("ID")
--------------------------------------------------------
--  DDL for Index PRIMARY_93
--------------------------------------------------------

  CREATE UNIQUE INDEX "PRIMARY_93" ON "WEIXIN_PHOTO" ("ID")
--------------------------------------------------------
--  DDL for Index PRIMARY_24
--------------------------------------------------------

  CREATE UNIQUE INDEX "PRIMARY_24" ON "JEECG_DEMO_STUDENT" ("ID")
--------------------------------------------------------
--  DDL for Index UNIQ_CORPID_98
--------------------------------------------------------

  CREATE UNIQUE INDEX "UNIQ_CORPID_98" ON "QYWX_ACCOUNT" ("CORPID")
--------------------------------------------------------
--  DDL for Index FK_FLDFYREVJ0LI4HEJ5B2GU2Q7W
--------------------------------------------------------

  CREATE INDEX "FK_FLDFYREVJ0LI4HEJ5B2GU2Q7W" ON "JEECG_MATTER_BOM" ("PARENT_ID")
--------------------------------------------------------
--  DDL for Index PRIMARY_46
--------------------------------------------------------

  CREATE UNIQUE INDEX "PRIMARY_46" ON "QYWX_GZUSERINFO" ("ID")
--------------------------------------------------------
--  DDL for Index PRIMARY_48
--------------------------------------------------------

  CREATE UNIQUE INDEX "PRIMARY_48" ON "QYWX_MESSAGELOG" ("ID")
--------------------------------------------------------
--  DDL for Index FK_BRD7B3KEORJ8PMXCV8BPAHNXP
--------------------------------------------------------

  CREATE INDEX "FK_BRD7B3KEORJ8PMXCV8BPAHNXP" ON "T_S_FUNCTION" ("PARENTFUNCTIONID")
--------------------------------------------------------
--  DDL for Index PRIMARY_34
--------------------------------------------------------

  CREATE UNIQUE INDEX "PRIMARY_34" ON "JFORM_ORDER_MAIN" ("ID")
--------------------------------------------------------
--  DDL for Index PRIMARY_71
--------------------------------------------------------

  CREATE UNIQUE INDEX "PRIMARY_71" ON "T_S_TERRITORY" ("ID")
--------------------------------------------------------
--  DDL for Index UNIQ_AUTHID
--------------------------------------------------------

  CREATE UNIQUE INDEX "UNIQ_AUTHID" ON "JP_DEMO_AUTH" ("AUTH_ID")
--------------------------------------------------------
--  DDL for Index FK_IWTKKE1OIGQ9UKAFLDROVSLX6
--------------------------------------------------------

  CREATE INDEX "FK_IWTKKE1OIGQ9UKAFLDROVSLX6" ON "CGFORM_FIELD" ("TABLE_ID")
--------------------------------------------------------
--  DDL for Index FK_NW2B22GY7PLH7PQOWS186ODMQ
--------------------------------------------------------

  CREATE INDEX "FK_NW2B22GY7PLH7PQOWS186ODMQ" ON "T_S_TYPE" ("TYPEPID")
--------------------------------------------------------
--  DDL for Index PRIMARY_84
--------------------------------------------------------

  CREATE UNIQUE INDEX "PRIMARY_84" ON "WEIXIN_CMS_STYLE" ("ID")
--------------------------------------------------------
--  DDL for Index PK_WEIXIN_TAG
--------------------------------------------------------

  CREATE UNIQUE INDEX "PK_WEIXIN_TAG" ON "WEIXIN_TAG" ("ACCOUNTID", "ID")
--------------------------------------------------------
--  DDL for Index PRIMARY_13
--------------------------------------------------------

  CREATE UNIQUE INDEX "PRIMARY_13" ON "CGFORM_BUTTON_SQL" ("ID")
--------------------------------------------------------
--  DDL for Index FK_PCEUY41WR2FJBCILYC7MK3M1F
--------------------------------------------------------

  CREATE INDEX "FK_PCEUY41WR2FJBCILYC7MK3M1F" ON "T_S_OPERATION" ("FUNCTIONID")
--------------------------------------------------------
--  DDL for Index UNIQ_ACCOUNTID_APPID
--------------------------------------------------------

  CREATE UNIQUE INDEX "UNIQ_ACCOUNTID_APPID" ON "QYWX_AGENT" ("ACCOUNT_ID", "WX_AGENTID")
--------------------------------------------------------
--  DDL for Index PRIMARY_87
--------------------------------------------------------

  CREATE UNIQUE INDEX "PRIMARY_87" ON "WEIXIN_HUODONG" ("ID")
--------------------------------------------------------
--  DDL for Index IDX_ACCOUNTID
--------------------------------------------------------

  CREATE INDEX "IDX_ACCOUNTID" ON "QYWX_AUTORESPONSE" ("ACCOUNTID")
--------------------------------------------------------
--  DDL for Index PK_WEIXIN_USER
--------------------------------------------------------

  CREATE UNIQUE INDEX "PK_WEIXIN_USER" ON "WEIXIN_USER" ("ACCOUNTID", "OPENID")
--------------------------------------------------------
--  DDL for Index PRIMARY_38
--------------------------------------------------------

  CREATE UNIQUE INDEX "PRIMARY_38" ON "OPTIMISTIC_LOCKING" ("ID")
--------------------------------------------------------
--  DDL for Index PRIMARY_22
--------------------------------------------------------

  CREATE UNIQUE INDEX "PRIMARY_22" ON "JEECG_DEMO" ("ID")
--------------------------------------------------------
--  DDL for Index IDX_ACCOUNTID_1
--------------------------------------------------------

  CREATE INDEX "IDX_ACCOUNTID_1" ON "ALIPAY_AUTORESPONSE" ("ACCOUNTID")
--------------------------------------------------------
--  DDL for Index PRIMARY_98
--------------------------------------------------------

  CREATE UNIQUE INDEX "PRIMARY_98" ON "WEIXIN_TEXTTEMPLATE" ("ID")
--------------------------------------------------------
--  DDL for Index PRIMARY_19
--------------------------------------------------------

  CREATE UNIQUE INDEX "PRIMARY_19" ON "CK_EDITOR" ("ID")
--------------------------------------------------------
--  DDL for Index PRIMARY_83
--------------------------------------------------------

  CREATE UNIQUE INDEX "PRIMARY_83" ON "WEIXIN_CMS_SITE" ("ID")
--------------------------------------------------------
--  DDL for Index FK_D4QB5XLD2PFB0BKJX9IWTOLDA
--------------------------------------------------------

  CREATE INDEX "FK_D4QB5XLD2PFB0BKJX9IWTOLDA" ON "T_S_ROLE_USER" ("USERID")
--------------------------------------------------------
--  DDL for Index PRIMARY_14
--------------------------------------------------------

  CREATE UNIQUE INDEX "PRIMARY_14" ON "CGFORM_ENHANCE_JS" ("ID")
--------------------------------------------------------
--  DDL for Index FK_KNNM3WB0BEMBWVM0IL7TF6686
--------------------------------------------------------

  CREATE INDEX "FK_KNNM3WB0BEMBWVM0IL7TF6686" ON "T_S_DEPART" ("PARENTDEPARTID")
--------------------------------------------------------
--  DDL for Index PRIMARY
--------------------------------------------------------

  CREATE UNIQUE INDEX "PRIMARY" ON "ALIPAY_ACCOUNT" ("ID")
--------------------------------------------------------
--  DDL for Index PRIMARY_50
--------------------------------------------------------

  CREATE UNIQUE INDEX "PRIMARY_50" ON "QYWX_NEWSTEMPLATE" ("ID")
--------------------------------------------------------
--  DDL for Index PRIMARY_89
--------------------------------------------------------

  CREATE UNIQUE INDEX "PRIMARY_89" ON "WEIXIN_MENUENTITY" ("ID")
--------------------------------------------------------
--  DDL for Index PRIMARY_57
--------------------------------------------------------

  CREATE UNIQUE INDEX "PRIMARY_57" ON "T_S_CONFIG" ("ID")
--------------------------------------------------------
--  DDL for Index PRIMARY_33
--------------------------------------------------------

  CREATE UNIQUE INDEX "PRIMARY_33" ON "JFORM_LEAVE" ("ID")
--------------------------------------------------------
--  DDL for Index PRIMARY_37
--------------------------------------------------------

  CREATE UNIQUE INDEX "PRIMARY_37" ON "JP_DEMO_AUTH" ("ID")
--------------------------------------------------------
--  DDL for Index PRIMARY_31
--------------------------------------------------------

  CREATE UNIQUE INDEX "PRIMARY_31" ON "JFORM_CGREPORT_HEAD" ("ID")
--------------------------------------------------------
--  DDL for Index PRIMARY_81
--------------------------------------------------------

  CREATE UNIQUE INDEX "PRIMARY_81" ON "WEIXIN_CMS_ARTICLE" ("ID")
--------------------------------------------------------
--  DDL for Index PRIMARY_11
--------------------------------------------------------

  CREATE UNIQUE INDEX "PRIMARY_11" ON "ALIPAY_TEXTTEMPLATE" ("ID")
--------------------------------------------------------
--  DDL for Index FK_N2UCXEORVPJY7QHNMUEM01KBX
--------------------------------------------------------

  CREATE INDEX "FK_N2UCXEORVPJY7QHNMUEM01KBX" ON "T_S_ROLE_USER" ("ROLEID")
--------------------------------------------------------
--  DDL for Index PRIMARY_61
--------------------------------------------------------

  CREATE UNIQUE INDEX "PRIMARY_61" ON "T_S_FILENO" ("ID")
--------------------------------------------------------
--  DDL for Index PRIMARY_6
--------------------------------------------------------

  CREATE UNIQUE INDEX "PRIMARY_6" ON "ALIPAY_MESSAGELOG" ("ID")
--------------------------------------------------------
--  DDL for Index PRIMARY_77
--------------------------------------------------------

  CREATE UNIQUE INDEX "PRIMARY_77" ON "WEIXIN_ACCESSTOKEN" ("ID")
--------------------------------------------------------
--  DDL for Index PK_WEIXIN_MESSAGE_TEMPLATE
--------------------------------------------------------

  CREATE UNIQUE INDEX "PK_WEIXIN_MESSAGE_TEMPLATE" ON "WEIXIN_MESSAGE_TEMPLATE" ("TEMPLATE_ID")
--------------------------------------------------------
--  DDL for Index FK_Q5TQO3V4LTSP1PEHDXD59RCCX
--------------------------------------------------------

  CREATE INDEX "FK_Q5TQO3V4LTSP1PEHDXD59RCCX" ON "T_S_FUNCTION" ("ICONID")
--------------------------------------------------------
--  DDL for Index PRIMARY_26
--------------------------------------------------------

  CREATE UNIQUE INDEX "PRIMARY_26" ON "JEECG_MATTER_BOM" ("ID")
--------------------------------------------------------
--  DDL for Index PRIMARY_72
--------------------------------------------------------

  CREATE UNIQUE INDEX "PRIMARY_72" ON "T_S_TIMETASK" ("ID")
--------------------------------------------------------
--  DDL for Index FK_15JH1G4IEM1857546GGOR42ET
--------------------------------------------------------

  CREATE INDEX "FK_15JH1G4IEM1857546GGOR42ET" ON "T_S_BASE_USER" ("DEPARTID")
--------------------------------------------------------
--  DDL for Index PRIMARY_53
--------------------------------------------------------

  CREATE UNIQUE INDEX "PRIMARY_53" ON "T_FINANCE" ("ID")
--------------------------------------------------------
--  DDL for Index FK_R86Q81KOYOCGOD3CX6529HBPW
--------------------------------------------------------

  CREATE INDEX "FK_R86Q81KOYOCGOD3CX6529HBPW" ON "JEECG_DEMO_STUDENT" ("COURSE_ID")
--------------------------------------------------------
--  DDL for Index PRIMARY_92
--------------------------------------------------------

  CREATE UNIQUE INDEX "PRIMARY_92" ON "WEIXIN_OPEN_ACCOUNT" ("ID")
--------------------------------------------------------
--  DDL for Index PRIMARY_12
--------------------------------------------------------

  CREATE UNIQUE INDEX "PRIMARY_12" ON "CGFORM_BUTTON" ("ID")
--------------------------------------------------------
--  DDL for Index PRIMARY_70
--------------------------------------------------------

  CREATE UNIQUE INDEX "PRIMARY_70" ON "T_S_STUDENT" ("ID")
--------------------------------------------------------
--  DDL for Index PRIMARY_74
--------------------------------------------------------

  CREATE UNIQUE INDEX "PRIMARY_74" ON "T_S_TYPEGROUP" ("ID")
--------------------------------------------------------
--  DDL for Index PRIMARY_32
--------------------------------------------------------

  CREATE UNIQUE INDEX "PRIMARY_32" ON "JFORM_CGREPORT_ITEM" ("ID")
--------------------------------------------------------
--  DDL for Index PRIMARY_23
--------------------------------------------------------

  CREATE UNIQUE INDEX "PRIMARY_23" ON "JEECG_DEMO_COURSE" ("ID")
--------------------------------------------------------
--  DDL for Index PRIMARY_65
--------------------------------------------------------

  CREATE UNIQUE INDEX "PRIMARY_65" ON "T_S_OPERATION" ("ID")
--------------------------------------------------------
--  DDL for Index PRIMARY_39
--------------------------------------------------------

  CREATE UNIQUE INDEX "PRIMARY_39" ON "QYWX_ACCOUNT" ("ID")
--------------------------------------------------------
--  DDL for Index PRIMARY_18
--------------------------------------------------------

  CREATE UNIQUE INDEX "PRIMARY_18" ON "CGFORM_UPLOADFILES" ("ID")
--------------------------------------------------------
--  DDL for Index PRIMARY_69
--------------------------------------------------------

  CREATE UNIQUE INDEX "PRIMARY_69" ON "T_S_ROLE_USER" ("ID")
--------------------------------------------------------
--  DDL for Index PRIMARY_49
--------------------------------------------------------

  CREATE UNIQUE INDEX "PRIMARY_49" ON "QYWX_NEWSITEM" ("ID")
--------------------------------------------------------
--  DDL for Index PRIMARY_44
--------------------------------------------------------

  CREATE UNIQUE INDEX "PRIMARY_44" ON "QYWX_GROUP" ("ID")
--------------------------------------------------------
--  Constraints for Table WEIXIN_SUBSCRIBE
--------------------------------------------------------

  ALTER TABLE "WEIXIN_SUBSCRIBE" ADD CONSTRAINT "PRIMARY_97" PRIMARY KEY ("ID") ENABLE
 
  ALTER TABLE "WEIXIN_SUBSCRIBE" MODIFY ("ID" NOT NULL ENABLE)
--------------------------------------------------------
--  Constraints for Table WEIXIN_SEND_TEMPLATE_MESSAGE
--------------------------------------------------------

  ALTER TABLE "WEIXIN_SEND_TEMPLATE_MESSAGE" ADD CONSTRAINT "PK_WX_SD_TEM_MSG" PRIMARY KEY ("ID") ENABLE
 
  ALTER TABLE "WEIXIN_SEND_TEMPLATE_MESSAGE" MODIFY ("ID" NOT NULL ENABLE)
 
  ALTER TABLE "WEIXIN_SEND_TEMPLATE_MESSAGE" MODIFY ("TEMPLATE_ID" NOT NULL ENABLE)
 
  ALTER TABLE "WEIXIN_SEND_TEMPLATE_MESSAGE" MODIFY ("OPEN_ID" NOT NULL ENABLE)
 
  ALTER TABLE "WEIXIN_SEND_TEMPLATE_MESSAGE" MODIFY ("CONTENT" NOT NULL ENABLE)
 
  ALTER TABLE "WEIXIN_SEND_TEMPLATE_MESSAGE" MODIFY ("CREATETIME" NOT NULL ENABLE)
 
  ALTER TABLE "WEIXIN_SEND_TEMPLATE_MESSAGE" MODIFY ("SEND_STATUS" NOT NULL ENABLE)
--------------------------------------------------------
--  Constraints for Table T_S_DEPART
--------------------------------------------------------

  ALTER TABLE "T_S_DEPART" ADD CONSTRAINT "PRIMARY_59" PRIMARY KEY ("ID") ENABLE
 
  ALTER TABLE "T_S_DEPART" MODIFY ("ID" NOT NULL ENABLE)
 
  ALTER TABLE "T_S_DEPART" MODIFY ("DEPARTNAME" NOT NULL ENABLE)
--------------------------------------------------------
--  Constraints for Table WEIXIN_LINKSUCAI
--------------------------------------------------------

  ALTER TABLE "WEIXIN_LINKSUCAI" ADD CONSTRAINT "PRIMARY_88" PRIMARY KEY ("ID") ENABLE
 
  ALTER TABLE "WEIXIN_LINKSUCAI" MODIFY ("ID" NOT NULL ENABLE)
--------------------------------------------------------
--  Constraints for Table JFORM_ORDER_MAIN
--------------------------------------------------------

  ALTER TABLE "JFORM_ORDER_MAIN" ADD CONSTRAINT "PRIMARY_34" PRIMARY KEY ("ID") ENABLE
 
  ALTER TABLE "JFORM_ORDER_MAIN" MODIFY ("ID" NOT NULL ENABLE)
--------------------------------------------------------
--  Constraints for Table WEIXIN_ACCOUNT
--------------------------------------------------------

  ALTER TABLE "WEIXIN_ACCOUNT" ADD CONSTRAINT "PRIMARY_78" PRIMARY KEY ("ID") ENABLE
 
  ALTER TABLE "WEIXIN_ACCOUNT" MODIFY ("ID" NOT NULL ENABLE)
--------------------------------------------------------
--  Constraints for Table WEIXIN_USER_TAG
--------------------------------------------------------

  ALTER TABLE "WEIXIN_USER_TAG" ADD CONSTRAINT "PK_WEIXIN_USER_TAG" PRIMARY KEY ("ACCOUNTID", "OPENID", "ID") ENABLE
 
  ALTER TABLE "WEIXIN_USER_TAG" MODIFY ("ACCOUNTID" NOT NULL ENABLE)
 
  ALTER TABLE "WEIXIN_USER_TAG" MODIFY ("OPENID" NOT NULL ENABLE)
 
  ALTER TABLE "WEIXIN_USER_TAG" MODIFY ("ID" NOT NULL ENABLE)
 
  ALTER TABLE "WEIXIN_USER_TAG" MODIFY ("STATUS" NOT NULL ENABLE)
 
  ALTER TABLE "WEIXIN_USER_TAG" MODIFY ("CREATE_NAME" NOT NULL ENABLE)
 
  ALTER TABLE "WEIXIN_USER_TAG" MODIFY ("CREATE_BY" NOT NULL ENABLE)
 
  ALTER TABLE "WEIXIN_USER_TAG" MODIFY ("CREATE_DATE" NOT NULL ENABLE)
 
  ALTER TABLE "WEIXIN_USER_TAG" MODIFY ("UPDATE_NAME" NOT NULL ENABLE)
 
  ALTER TABLE "WEIXIN_USER_TAG" MODIFY ("UPDATE_BY" NOT NULL ENABLE)
 
  ALTER TABLE "WEIXIN_USER_TAG" MODIFY ("UPDATE_DATE" NOT NULL ENABLE)
--------------------------------------------------------
--  Constraints for Table T_S_BASE_USER
--------------------------------------------------------

  ALTER TABLE "T_S_BASE_USER" ADD CONSTRAINT "PRIMARY_56" PRIMARY KEY ("ID") ENABLE
 
  ALTER TABLE "T_S_BASE_USER" MODIFY ("ID" NOT NULL ENABLE)
 
  ALTER TABLE "T_S_BASE_USER" MODIFY ("USERNAME" NOT NULL ENABLE)
--------------------------------------------------------
--  Constraints for Table QYWX_TEXTTEMPLATE
--------------------------------------------------------

  ALTER TABLE "QYWX_TEXTTEMPLATE" ADD CONSTRAINT "PRIMARY_52" PRIMARY KEY ("ID") ENABLE
 
  ALTER TABLE "QYWX_TEXTTEMPLATE" MODIFY ("ID" NOT NULL ENABLE)
 
  ALTER TABLE "QYWX_TEXTTEMPLATE" MODIFY ("TEMPLATE_NAME" NOT NULL ENABLE)
 
  ALTER TABLE "QYWX_TEXTTEMPLATE" MODIFY ("TEMPLATE_CONTENT" NOT NULL ENABLE)
--------------------------------------------------------
--  Constraints for Table JG_PERSON
--------------------------------------------------------

  ALTER TABLE "JG_PERSON" ADD CONSTRAINT "PRIMARY_35" PRIMARY KEY ("ID") ENABLE
 
  ALTER TABLE "JG_PERSON" MODIFY ("ID" NOT NULL ENABLE)
 
  ALTER TABLE "JG_PERSON" MODIFY ("NAME" NOT NULL ENABLE)
--------------------------------------------------------
--  Constraints for Table T_S_ROLE
--------------------------------------------------------

  ALTER TABLE "T_S_ROLE" ADD CONSTRAINT "PRIMARY_67" PRIMARY KEY ("ID") ENABLE
 
  ALTER TABLE "T_S_ROLE" MODIFY ("ID" NOT NULL ENABLE)
 
  ALTER TABLE "T_S_ROLE" MODIFY ("ROLENAME" NOT NULL ENABLE)
--------------------------------------------------------
--  Constraints for Table QYWX_AUTORESPONSE
--------------------------------------------------------

  ALTER TABLE "QYWX_AUTORESPONSE" ADD CONSTRAINT "PRIMARY_41" PRIMARY KEY ("ID") ENABLE
 
  ALTER TABLE "QYWX_AUTORESPONSE" MODIFY ("ID" NOT NULL ENABLE)
--------------------------------------------------------
--  Constraints for Table WEIXIN_MESSAGE_TEMPLATE
--------------------------------------------------------

  ALTER TABLE "WEIXIN_MESSAGE_TEMPLATE" ADD CONSTRAINT "PK_WEIXIN_MESSAGE_TEMPLATE" PRIMARY KEY ("TEMPLATE_ID") ENABLE
 
  ALTER TABLE "WEIXIN_MESSAGE_TEMPLATE" MODIFY ("TEMPLATE_ID" NOT NULL ENABLE)
 
  ALTER TABLE "WEIXIN_MESSAGE_TEMPLATE" MODIFY ("TITLE" NOT NULL ENABLE)
 
  ALTER TABLE "WEIXIN_MESSAGE_TEMPLATE" MODIFY ("PRIMARY_INDUSTRY_ID" NOT NULL ENABLE)
 
  ALTER TABLE "WEIXIN_MESSAGE_TEMPLATE" MODIFY ("PRIMARY_INDUSTRY_NAME" NOT NULL ENABLE)
 
  ALTER TABLE "WEIXIN_MESSAGE_TEMPLATE" MODIFY ("SECONDARY_INDUSTRY_ID" NOT NULL ENABLE)
 
  ALTER TABLE "WEIXIN_MESSAGE_TEMPLATE" MODIFY ("SECONDARY_INDUSTRY_NAME" NOT NULL ENABLE)
 
  ALTER TABLE "WEIXIN_MESSAGE_TEMPLATE" MODIFY ("CREATETIME" NOT NULL ENABLE)
 
  ALTER TABLE "WEIXIN_MESSAGE_TEMPLATE" MODIFY ("DETAIL_CONTENT" NOT NULL ENABLE)
 
  ALTER TABLE "WEIXIN_MESSAGE_TEMPLATE" MODIFY ("EX_CONTENT" NOT NULL ENABLE)
 
  ALTER TABLE "WEIXIN_MESSAGE_TEMPLATE" MODIFY ("STATUS" NOT NULL ENABLE)
--------------------------------------------------------
--  Constraints for Table WEIXIN_NEWSITEM
--------------------------------------------------------

  ALTER TABLE "WEIXIN_NEWSITEM" ADD CONSTRAINT "PRIMARY_90" PRIMARY KEY ("ID") ENABLE
 
  ALTER TABLE "WEIXIN_NEWSITEM" MODIFY ("ID" NOT NULL ENABLE)
--------------------------------------------------------
--  Constraints for Table WEIXIN_TEXTTEMPLATE
--------------------------------------------------------

  ALTER TABLE "WEIXIN_TEXTTEMPLATE" ADD CONSTRAINT "PRIMARY_98" PRIMARY KEY ("ID") ENABLE
 
  ALTER TABLE "WEIXIN_TEXTTEMPLATE" MODIFY ("ID" NOT NULL ENABLE)
--------------------------------------------------------
--  Constraints for Table ALIPAY_TEXTTEMPLATE
--------------------------------------------------------

  ALTER TABLE "ALIPAY_TEXTTEMPLATE" ADD CONSTRAINT "PRIMARY_11" PRIMARY KEY ("ID") ENABLE
 
  ALTER TABLE "ALIPAY_TEXTTEMPLATE" MODIFY ("ID" NOT NULL ENABLE)
 
  ALTER TABLE "ALIPAY_TEXTTEMPLATE" MODIFY ("TEMPLATE_NAME" NOT NULL ENABLE)
 
  ALTER TABLE "ALIPAY_TEXTTEMPLATE" MODIFY ("TEMPLATE_CONTENT" NOT NULL ENABLE)
--------------------------------------------------------
--  Constraints for Table T_S_ATTACHMENT
--------------------------------------------------------

  ALTER TABLE "T_S_ATTACHMENT" ADD CONSTRAINT "PRIMARY_55" PRIMARY KEY ("ID") ENABLE
 
  ALTER TABLE "T_S_ATTACHMENT" MODIFY ("ID" NOT NULL ENABLE)
--------------------------------------------------------
--  Constraints for Table JEECG_ORDER_MAIN
--------------------------------------------------------

  ALTER TABLE "JEECG_ORDER_MAIN" ADD CONSTRAINT "PRIMARY_29" PRIMARY KEY ("ID") ENABLE
 
  ALTER TABLE "JEECG_ORDER_MAIN" MODIFY ("ID" NOT NULL ENABLE)
 
  ALTER TABLE "JEECG_ORDER_MAIN" MODIFY ("GO_ORDER_CODE" NOT NULL ENABLE)
--------------------------------------------------------
--  Constraints for Table QYWX_AGENT
--------------------------------------------------------

  ALTER TABLE "QYWX_AGENT" ADD CONSTRAINT "PRIMARY_40" PRIMARY KEY ("ID") ENABLE
 
  ALTER TABLE "QYWX_AGENT" MODIFY ("ID" NOT NULL ENABLE)
 
  ALTER TABLE "QYWX_AGENT" MODIFY ("ACCOUNT_ID" NOT NULL ENABLE)
 
  ALTER TABLE "QYWX_AGENT" ADD CONSTRAINT "UNIQ_ACCOUNTID_APPID" UNIQUE ("ACCOUNT_ID", "WX_AGENTID") ENABLE
--------------------------------------------------------
--  Constraints for Table OPTIMISTIC_LOCKING
--------------------------------------------------------

  ALTER TABLE "OPTIMISTIC_LOCKING" ADD CONSTRAINT "PRIMARY_38" PRIMARY KEY ("ID") ENABLE
 
  ALTER TABLE "OPTIMISTIC_LOCKING" MODIFY ("ID" NOT NULL ENABLE)
--------------------------------------------------------
--  Constraints for Table JEECG_DEMO_STUDENT
--------------------------------------------------------

  ALTER TABLE "JEECG_DEMO_STUDENT" ADD CONSTRAINT "PRIMARY_24" PRIMARY KEY ("ID") ENABLE
 
  ALTER TABLE "JEECG_DEMO_STUDENT" MODIFY ("ID" NOT NULL ENABLE)
--------------------------------------------------------
--  Constraints for Table ALIPAY_AUTORESPONSE
--------------------------------------------------------

  ALTER TABLE "ALIPAY_AUTORESPONSE" ADD CONSTRAINT "PRIMARY_1" PRIMARY KEY ("ID") ENABLE
 
  ALTER TABLE "ALIPAY_AUTORESPONSE" MODIFY ("ID" NOT NULL ENABLE)
--------------------------------------------------------
--  Constraints for Table QYWX_GROUP
--------------------------------------------------------

  ALTER TABLE "QYWX_GROUP" ADD CONSTRAINT "PRIMARY_44" PRIMARY KEY ("ID") ENABLE
 
  ALTER TABLE "QYWX_GROUP" MODIFY ("ID" NOT NULL ENABLE)
--------------------------------------------------------
--  Constraints for Table T_S_ROLE_USER
--------------------------------------------------------

  ALTER TABLE "T_S_ROLE_USER" ADD CONSTRAINT "PRIMARY_69" PRIMARY KEY ("ID") ENABLE
 
  ALTER TABLE "T_S_ROLE_USER" MODIFY ("ID" NOT NULL ENABLE)
--------------------------------------------------------
--  Constraints for Table QYWX_NEWSTEMPLATE
--------------------------------------------------------

  ALTER TABLE "QYWX_NEWSTEMPLATE" ADD CONSTRAINT "PRIMARY_50" PRIMARY KEY ("ID") ENABLE
 
  ALTER TABLE "QYWX_NEWSTEMPLATE" MODIFY ("ID" NOT NULL ENABLE)
--------------------------------------------------------
--  Constraints for Table T_S_DEMO
--------------------------------------------------------

  ALTER TABLE "T_S_DEMO" ADD CONSTRAINT "PRIMARY_58" PRIMARY KEY ("ID") ENABLE
 
  ALTER TABLE "T_S_DEMO" MODIFY ("ID" NOT NULL ENABLE)
--------------------------------------------------------
--  Constraints for Table CGFORM_ENHANCE_JS
--------------------------------------------------------

  ALTER TABLE "CGFORM_ENHANCE_JS" ADD CONSTRAINT "PRIMARY_14" PRIMARY KEY ("ID") ENABLE
 
  ALTER TABLE "CGFORM_ENHANCE_JS" MODIFY ("ID" NOT NULL ENABLE)
--------------------------------------------------------
--  Constraints for Table WEIXIN_PHOTO_ALBUM
--------------------------------------------------------

  ALTER TABLE "WEIXIN_PHOTO_ALBUM" ADD CONSTRAINT "PRIMARY_94" PRIMARY KEY ("ID") ENABLE
 
  ALTER TABLE "WEIXIN_PHOTO_ALBUM" MODIFY ("ID" NOT NULL ENABLE)
--------------------------------------------------------
--  Constraints for Table WEIXIN_CMS_ARTICLE
--------------------------------------------------------

  ALTER TABLE "WEIXIN_CMS_ARTICLE" ADD CONSTRAINT "PRIMARY_81" PRIMARY KEY ("ID") ENABLE
 
  ALTER TABLE "WEIXIN_CMS_ARTICLE" MODIFY ("ID" NOT NULL ENABLE)
--------------------------------------------------------
--  Constraints for Table JFORM_LEAVE
--------------------------------------------------------

  ALTER TABLE "JFORM_LEAVE" ADD CONSTRAINT "PRIMARY_33" PRIMARY KEY ("ID") ENABLE
 
  ALTER TABLE "JFORM_LEAVE" MODIFY ("ID" NOT NULL ENABLE)
 
  ALTER TABLE "JFORM_LEAVE" MODIFY ("TITLE" NOT NULL ENABLE)
 
  ALTER TABLE "JFORM_LEAVE" MODIFY ("PEOPLE" NOT NULL ENABLE)
 
  ALTER TABLE "JFORM_LEAVE" MODIFY ("SEX" NOT NULL ENABLE)
 
  ALTER TABLE "JFORM_LEAVE" MODIFY ("BEGINDATE" NOT NULL ENABLE)
 
  ALTER TABLE "JFORM_LEAVE" MODIFY ("ENDDATE" NOT NULL ENABLE)
 
  ALTER TABLE "JFORM_LEAVE" MODIFY ("HOL_DEPT" NOT NULL ENABLE)
 
  ALTER TABLE "JFORM_LEAVE" MODIFY ("HOL_RESON" NOT NULL ENABLE)
 
  ALTER TABLE "JFORM_LEAVE" MODIFY ("DEP_LEADER" NOT NULL ENABLE)
 
  ALTER TABLE "JFORM_LEAVE" MODIFY ("CONTENT" NOT NULL ENABLE)
--------------------------------------------------------
--  Constraints for Table WEIXIN_EXPANDCONFIG
--------------------------------------------------------

  ALTER TABLE "WEIXIN_EXPANDCONFIG" ADD CONSTRAINT "PRIMARY_85" PRIMARY KEY ("ID") ENABLE
 
  ALTER TABLE "WEIXIN_EXPANDCONFIG" MODIFY ("ID" NOT NULL ENABLE)
 
  ALTER TABLE "WEIXIN_EXPANDCONFIG" MODIFY ("CLASSNAME" NOT NULL ENABLE)
 
  ALTER TABLE "WEIXIN_EXPANDCONFIG" MODIFY ("KEYWORD" NOT NULL ENABLE)
--------------------------------------------------------
--  Constraints for Table T_S_LOG
--------------------------------------------------------

  ALTER TABLE "T_S_LOG" ADD CONSTRAINT "PRIMARY_64" PRIMARY KEY ("ID") ENABLE
 
  ALTER TABLE "T_S_LOG" MODIFY ("ID" NOT NULL ENABLE)
 
  ALTER TABLE "T_S_LOG" MODIFY ("LOGCONTENT" NOT NULL ENABLE)
 
  ALTER TABLE "T_S_LOG" MODIFY ("OPERATETIME" NOT NULL ENABLE)
--------------------------------------------------------
--  Constraints for Table T_S_DOCUMENT
--------------------------------------------------------

  ALTER TABLE "T_S_DOCUMENT" ADD CONSTRAINT "PRIMARY_60" PRIMARY KEY ("ID") ENABLE
 
  ALTER TABLE "T_S_DOCUMENT" MODIFY ("ID" NOT NULL ENABLE)
--------------------------------------------------------
--  Constraints for Table CK_FINDER
--------------------------------------------------------

  ALTER TABLE "CK_FINDER" ADD CONSTRAINT "PRIMARY_20" PRIMARY KEY ("ID") ENABLE
 
  ALTER TABLE "CK_FINDER" MODIFY ("ID" NOT NULL ENABLE)
--------------------------------------------------------
--  Constraints for Table T_S_FILENO
--------------------------------------------------------

  ALTER TABLE "T_S_FILENO" ADD CONSTRAINT "PRIMARY_61" PRIMARY KEY ("ID") ENABLE
 
  ALTER TABLE "T_S_FILENO" MODIFY ("ID" NOT NULL ENABLE)
--------------------------------------------------------
--  Constraints for Table ALIPAY_RECEIVETEXT
--------------------------------------------------------

  ALTER TABLE "ALIPAY_RECEIVETEXT" ADD CONSTRAINT "PRIMARY_9" PRIMARY KEY ("ID") ENABLE
 
  ALTER TABLE "ALIPAY_RECEIVETEXT" MODIFY ("ID" NOT NULL ENABLE)
 
  ALTER TABLE "ALIPAY_RECEIVETEXT" MODIFY ("TOUSERNAME" NOT NULL ENABLE)
--------------------------------------------------------
--  Constraints for Table QYWX_CONVERSATION
--------------------------------------------------------

  ALTER TABLE "QYWX_CONVERSATION" ADD CONSTRAINT "PRIMARY_43" PRIMARY KEY ("ID") ENABLE
 
  ALTER TABLE "QYWX_CONVERSATION" MODIFY ("ID" NOT NULL ENABLE)
--------------------------------------------------------
--  Constraints for Table WEIXIN_HUODONG
--------------------------------------------------------

  ALTER TABLE "WEIXIN_HUODONG" ADD CONSTRAINT "PRIMARY_87" PRIMARY KEY ("ID") ENABLE
 
  ALTER TABLE "WEIXIN_HUODONG" MODIFY ("ID" NOT NULL ENABLE)
--------------------------------------------------------
--  Constraints for Table QYWX_RECEIVETEXT
--------------------------------------------------------

  ALTER TABLE "QYWX_RECEIVETEXT" ADD CONSTRAINT "PRIMARY_51" PRIMARY KEY ("ID") ENABLE
 
  ALTER TABLE "QYWX_RECEIVETEXT" MODIFY ("ID" NOT NULL ENABLE)
 
  ALTER TABLE "QYWX_RECEIVETEXT" MODIFY ("TOUSERNAME" NOT NULL ENABLE)
--------------------------------------------------------
--  Constraints for Table JEECG_DEMO
--------------------------------------------------------

  ALTER TABLE "JEECG_DEMO" ADD CONSTRAINT "PRIMARY_22" PRIMARY KEY ("ID") ENABLE
 
  ALTER TABLE "JEECG_DEMO" MODIFY ("ID" NOT NULL ENABLE)
 
  ALTER TABLE "JEECG_DEMO" MODIFY ("USER_NAME" NOT NULL ENABLE)
--------------------------------------------------------
--  Constraints for Table JP_DEMO_AUTH
--------------------------------------------------------

  ALTER TABLE "JP_DEMO_AUTH" ADD CONSTRAINT "PRIMARY_37" PRIMARY KEY ("ID") ENABLE
 
  ALTER TABLE "JP_DEMO_AUTH" MODIFY ("ID" NOT NULL ENABLE)
 
  ALTER TABLE "JP_DEMO_AUTH" MODIFY ("AUTH_ID" NOT NULL ENABLE)
 
  ALTER TABLE "JP_DEMO_AUTH" ADD CONSTRAINT "UNIQ_AUTHID" UNIQUE ("AUTH_ID") ENABLE
--------------------------------------------------------
--  Constraints for Table QYWX_ACCOUNT
--------------------------------------------------------

  ALTER TABLE "QYWX_ACCOUNT" ADD CONSTRAINT "PRIMARY_39" PRIMARY KEY ("ID") ENABLE
 
  ALTER TABLE "QYWX_ACCOUNT" MODIFY ("ID" NOT NULL ENABLE)
 
  ALTER TABLE "QYWX_ACCOUNT" ADD CONSTRAINT "UNIQ_CORPID_98" UNIQUE ("CORPID") ENABLE
--------------------------------------------------------
--  Constraints for Table JEECG_ORDER_CUSTOM
--------------------------------------------------------

  ALTER TABLE "JEECG_ORDER_CUSTOM" ADD CONSTRAINT "PRIMARY_28" PRIMARY KEY ("ID") ENABLE
 
  ALTER TABLE "JEECG_ORDER_CUSTOM" MODIFY ("ID" NOT NULL ENABLE)
 
  ALTER TABLE "JEECG_ORDER_CUSTOM" MODIFY ("GO_ORDER_CODE" NOT NULL ENABLE)
--------------------------------------------------------
--  Constraints for Table T_S_TIMETASK
--------------------------------------------------------

  ALTER TABLE "T_S_TIMETASK" ADD CONSTRAINT "PRIMARY_72" PRIMARY KEY ("ID") ENABLE
 
  ALTER TABLE "T_S_TIMETASK" MODIFY ("ID" NOT NULL ENABLE)
 
  ALTER TABLE "T_S_TIMETASK" MODIFY ("CRON_EXPRESSION" NOT NULL ENABLE)
 
  ALTER TABLE "T_S_TIMETASK" MODIFY ("IS_EFFECT" NOT NULL ENABLE)
 
  ALTER TABLE "T_S_TIMETASK" MODIFY ("IS_START" NOT NULL ENABLE)
 
  ALTER TABLE "T_S_TIMETASK" MODIFY ("TASK_DESCRIBE" NOT NULL ENABLE)
 
  ALTER TABLE "T_S_TIMETASK" MODIFY ("TASK_ID" NOT NULL ENABLE)
--------------------------------------------------------
--  Constraints for Table T_S_USER
--------------------------------------------------------

  ALTER TABLE "T_S_USER" ADD CONSTRAINT "PRIMARY_75" PRIMARY KEY ("ID") ENABLE
 
  ALTER TABLE "T_S_USER" MODIFY ("ID" NOT NULL ENABLE)
--------------------------------------------------------
--  Constraints for Table CGFORM_BUTTON_SQL
--------------------------------------------------------

  ALTER TABLE "CGFORM_BUTTON_SQL" ADD CONSTRAINT "PRIMARY_13" PRIMARY KEY ("ID") ENABLE
 
  ALTER TABLE "CGFORM_BUTTON_SQL" MODIFY ("ID" NOT NULL ENABLE)
--------------------------------------------------------
--  Constraints for Table QYWX_NEWSITEM
--------------------------------------------------------

  ALTER TABLE "QYWX_NEWSITEM" ADD CONSTRAINT "PRIMARY_49" PRIMARY KEY ("ID") ENABLE
 
  ALTER TABLE "QYWX_NEWSITEM" MODIFY ("ID" NOT NULL ENABLE)
--------------------------------------------------------
--  Constraints for Table CGFORM_FIELD
--------------------------------------------------------

  ALTER TABLE "CGFORM_FIELD" ADD CONSTRAINT "PRIMARY_15" PRIMARY KEY ("ID") ENABLE
 
  ALTER TABLE "CGFORM_FIELD" MODIFY ("ID" NOT NULL ENABLE)
 
  ALTER TABLE "CGFORM_FIELD" MODIFY ("CONTENT" NOT NULL ENABLE)
 
  ALTER TABLE "CGFORM_FIELD" MODIFY ("FIELD_NAME" NOT NULL ENABLE)
 
  ALTER TABLE "CGFORM_FIELD" MODIFY ("LENGTH" NOT NULL ENABLE)
 
  ALTER TABLE "CGFORM_FIELD" MODIFY ("TYPE" NOT NULL ENABLE)
 
  ALTER TABLE "CGFORM_FIELD" MODIFY ("TABLE_ID" NOT NULL ENABLE)
--------------------------------------------------------
--  Constraints for Table WEIXIN_MENUENTITY
--------------------------------------------------------

  ALTER TABLE "WEIXIN_MENUENTITY" ADD CONSTRAINT "PRIMARY_89" PRIMARY KEY ("ID") ENABLE
 
  ALTER TABLE "WEIXIN_MENUENTITY" MODIFY ("ID" NOT NULL ENABLE)
--------------------------------------------------------
--  Constraints for Table ALIPAY_NEWSTEMPLATE
--------------------------------------------------------

  ALTER TABLE "ALIPAY_NEWSTEMPLATE" ADD CONSTRAINT "PRIMARY_8" PRIMARY KEY ("ID") ENABLE
 
  ALTER TABLE "ALIPAY_NEWSTEMPLATE" MODIFY ("ID" NOT NULL ENABLE)
--------------------------------------------------------
--  Constraints for Table ALIPAY_MESSAGELOG
--------------------------------------------------------

  ALTER TABLE "ALIPAY_MESSAGELOG" ADD CONSTRAINT "PRIMARY_6" PRIMARY KEY ("ID") ENABLE
 
  ALTER TABLE "ALIPAY_MESSAGELOG" MODIFY ("ID" NOT NULL ENABLE)
--------------------------------------------------------
--  Constraints for Table CGFORM_FTL
--------------------------------------------------------

  ALTER TABLE "CGFORM_FTL" ADD CONSTRAINT "PRIMARY_16" PRIMARY KEY ("ID") ENABLE
 
  ALTER TABLE "CGFORM_FTL" MODIFY ("ID" NOT NULL ENABLE)
 
  ALTER TABLE "CGFORM_FTL" MODIFY ("CGFORM_ID" NOT NULL ENABLE)
 
  ALTER TABLE "CGFORM_FTL" MODIFY ("CGFORM_NAME" NOT NULL ENABLE)
 
  ALTER TABLE "CGFORM_FTL" MODIFY ("FTL_VERSION" NOT NULL ENABLE)
--------------------------------------------------------
--  Constraints for Table T_S_TYPE
--------------------------------------------------------

  ALTER TABLE "T_S_TYPE" ADD CONSTRAINT "PRIMARY_73" PRIMARY KEY ("ID") ENABLE
 
  ALTER TABLE "T_S_TYPE" MODIFY ("ID" NOT NULL ENABLE)
--------------------------------------------------------
--  Constraints for Table WEIXIN_CMS_MENU
--------------------------------------------------------

  ALTER TABLE "WEIXIN_CMS_MENU" ADD CONSTRAINT "PRIMARY_82" PRIMARY KEY ("ID") ENABLE
 
  ALTER TABLE "WEIXIN_CMS_MENU" MODIFY ("ID" NOT NULL ENABLE)
--------------------------------------------------------
--  Constraints for Table T_S_OPERATION
--------------------------------------------------------

  ALTER TABLE "T_S_OPERATION" ADD CONSTRAINT "PRIMARY_65" PRIMARY KEY ("ID") ENABLE
 
  ALTER TABLE "T_S_OPERATION" MODIFY ("ID" NOT NULL ENABLE)
--------------------------------------------------------
--  Constraints for Table QYWX_MENU
--------------------------------------------------------

  ALTER TABLE "QYWX_MENU" ADD CONSTRAINT "PRIMARY_47" PRIMARY KEY ("ID") ENABLE
 
  ALTER TABLE "QYWX_MENU" MODIFY ("ID" NOT NULL ENABLE)
--------------------------------------------------------
--  Constraints for Table T_S_CONFIG
--------------------------------------------------------

  ALTER TABLE "T_S_CONFIG" ADD CONSTRAINT "PRIMARY_57" PRIMARY KEY ("ID") ENABLE
 
  ALTER TABLE "T_S_CONFIG" MODIFY ("ID" NOT NULL ENABLE)
 
  ALTER TABLE "T_S_CONFIG" MODIFY ("NAME" NOT NULL ENABLE)
--------------------------------------------------------
--  Constraints for Table WEIXIN_ACCESSTOKEN
--------------------------------------------------------

  ALTER TABLE "WEIXIN_ACCESSTOKEN" ADD CONSTRAINT "PRIMARY_77" PRIMARY KEY ("ID") ENABLE
 
  ALTER TABLE "WEIXIN_ACCESSTOKEN" MODIFY ("ID" NOT NULL ENABLE)
--------------------------------------------------------
--  Constraints for Table ALIPAY_GZUSERINFO
--------------------------------------------------------

  ALTER TABLE "ALIPAY_GZUSERINFO" ADD CONSTRAINT "PRIMARY_4" PRIMARY KEY ("ID") ENABLE
 
  ALTER TABLE "ALIPAY_GZUSERINFO" MODIFY ("ID" NOT NULL ENABLE)
--------------------------------------------------------
--  Constraints for Table T_S_FUNCTION
--------------------------------------------------------

  ALTER TABLE "T_S_FUNCTION" ADD CONSTRAINT "PRIMARY_62" PRIMARY KEY ("ID") ENABLE
 
  ALTER TABLE "T_S_FUNCTION" MODIFY ("ID" NOT NULL ENABLE)
 
  ALTER TABLE "T_S_FUNCTION" MODIFY ("FUNCTIONNAME" NOT NULL ENABLE)
--------------------------------------------------------
--  Constraints for Table DOC
--------------------------------------------------------

  ALTER TABLE "DOC" ADD CONSTRAINT "PRIMARY_21" PRIMARY KEY ("ID") ENABLE
 
  ALTER TABLE "DOC" MODIFY ("ID" NOT NULL ENABLE)
--------------------------------------------------------
--  Constraints for Table JFORM_CGREPORT_HEAD
--------------------------------------------------------

  ALTER TABLE "JFORM_CGREPORT_HEAD" ADD CONSTRAINT "PRIMARY_31" PRIMARY KEY ("ID") ENABLE
 
  ALTER TABLE "JFORM_CGREPORT_HEAD" MODIFY ("ID" NOT NULL ENABLE)
 
  ALTER TABLE "JFORM_CGREPORT_HEAD" MODIFY ("CGR_SQL" NOT NULL ENABLE)
 
  ALTER TABLE "JFORM_CGREPORT_HEAD" MODIFY ("CODE" NOT NULL ENABLE)
 
  ALTER TABLE "JFORM_CGREPORT_HEAD" MODIFY ("CONTENT" NOT NULL ENABLE)
 
  ALTER TABLE "JFORM_CGREPORT_HEAD" MODIFY ("NAME" NOT NULL ENABLE)
--------------------------------------------------------
--  Constraints for Table T_S_OPINTEMPLATE
--------------------------------------------------------

  ALTER TABLE "T_S_OPINTEMPLATE" ADD CONSTRAINT "PRIMARY_66" PRIMARY KEY ("ID") ENABLE
 
  ALTER TABLE "T_S_OPINTEMPLATE" MODIFY ("ID" NOT NULL ENABLE)
--------------------------------------------------------
--  Constraints for Table T_S_ROLE_FUNCTION
--------------------------------------------------------

  ALTER TABLE "T_S_ROLE_FUNCTION" ADD CONSTRAINT "PRIMARY_68" PRIMARY KEY ("ID") ENABLE
 
  ALTER TABLE "T_S_ROLE_FUNCTION" MODIFY ("ID" NOT NULL ENABLE)
--------------------------------------------------------
--  Constraints for Table WEIXIN_PHOTO
--------------------------------------------------------

  ALTER TABLE "WEIXIN_PHOTO" ADD CONSTRAINT "PRIMARY_93" PRIMARY KEY ("ID") ENABLE
 
  ALTER TABLE "WEIXIN_PHOTO" MODIFY ("ID" NOT NULL ENABLE)
--------------------------------------------------------
--  Constraints for Table ALIPAY_NEWSITEM
--------------------------------------------------------

  ALTER TABLE "ALIPAY_NEWSITEM" ADD CONSTRAINT "PRIMARY_7" PRIMARY KEY ("ID") ENABLE
 
  ALTER TABLE "ALIPAY_NEWSITEM" MODIFY ("ID" NOT NULL ENABLE)
--------------------------------------------------------
--  Constraints for Table T_S_STUDENT
--------------------------------------------------------

  ALTER TABLE "T_S_STUDENT" ADD CONSTRAINT "PRIMARY_70" PRIMARY KEY ("ID") ENABLE
 
  ALTER TABLE "T_S_STUDENT" MODIFY ("ID" NOT NULL ENABLE)
--------------------------------------------------------
--  Constraints for Table CGFORM_HEAD
--------------------------------------------------------

  ALTER TABLE "CGFORM_HEAD" ADD CONSTRAINT "PRIMARY_17" PRIMARY KEY ("ID") ENABLE
 
  ALTER TABLE "CGFORM_HEAD" MODIFY ("ID" NOT NULL ENABLE)
 
  ALTER TABLE "CGFORM_HEAD" MODIFY ("CONTENT" NOT NULL ENABLE)
 
  ALTER TABLE "CGFORM_HEAD" MODIFY ("IS_CHECKBOX" NOT NULL ENABLE)
 
  ALTER TABLE "CGFORM_HEAD" MODIFY ("IS_DBSYNCH" NOT NULL ENABLE)
 
  ALTER TABLE "CGFORM_HEAD" MODIFY ("IS_PAGINATION" NOT NULL ENABLE)
 
  ALTER TABLE "CGFORM_HEAD" MODIFY ("IS_TREE" NOT NULL ENABLE)
 
  ALTER TABLE "CGFORM_HEAD" MODIFY ("JFORM_TYPE" NOT NULL ENABLE)
 
  ALTER TABLE "CGFORM_HEAD" MODIFY ("JFORM_VERSION" NOT NULL ENABLE)
 
  ALTER TABLE "CGFORM_HEAD" MODIFY ("QUERYMODE" NOT NULL ENABLE)
 
  ALTER TABLE "CGFORM_HEAD" MODIFY ("TABLE_NAME" NOT NULL ENABLE)
--------------------------------------------------------
--  Constraints for Table WEIXIN_TAG
--------------------------------------------------------

  ALTER TABLE "WEIXIN_TAG" ADD CONSTRAINT "PK_WEIXIN_TAG" PRIMARY KEY ("ACCOUNTID", "ID") ENABLE
 
  ALTER TABLE "WEIXIN_TAG" MODIFY ("ACCOUNTID" NOT NULL ENABLE)
 
  ALTER TABLE "WEIXIN_TAG" MODIFY ("ID" NOT NULL ENABLE)
 
  ALTER TABLE "WEIXIN_TAG" MODIFY ("NAME" NOT NULL ENABLE)
 
  ALTER TABLE "WEIXIN_TAG" MODIFY ("STATUS" NOT NULL ENABLE)
 
  ALTER TABLE "WEIXIN_TAG" MODIFY ("CREATE_NAME" NOT NULL ENABLE)
 
  ALTER TABLE "WEIXIN_TAG" MODIFY ("CREATE_BY" NOT NULL ENABLE)
 
  ALTER TABLE "WEIXIN_TAG" MODIFY ("CREATE_DATE" NOT NULL ENABLE)
 
  ALTER TABLE "WEIXIN_TAG" MODIFY ("UPDATE_NAME" NOT NULL ENABLE)
 
  ALTER TABLE "WEIXIN_TAG" MODIFY ("UPDATE_BY" NOT NULL ENABLE)
 
  ALTER TABLE "WEIXIN_TAG" MODIFY ("UPDATE_DATE" NOT NULL ENABLE)
--------------------------------------------------------
--  Constraints for Table JEECG_MINIDAO
--------------------------------------------------------

  ALTER TABLE "JEECG_MINIDAO" ADD CONSTRAINT "PRIMARY_27" PRIMARY KEY ("ID") ENABLE
 
  ALTER TABLE "JEECG_MINIDAO" MODIFY ("ID" NOT NULL ENABLE)
 
  ALTER TABLE "JEECG_MINIDAO" MODIFY ("USER_NAME" NOT NULL ENABLE)
--------------------------------------------------------
--  Constraints for Table WEIXIN_USER_BLACKLIST
--------------------------------------------------------

  ALTER TABLE "WEIXIN_USER_BLACKLIST" ADD CONSTRAINT "PK_WEIXIN_USER_BLACKLIST" PRIMARY KEY ("ACCOUNTID", "OPENID") ENABLE
 
  ALTER TABLE "WEIXIN_USER_BLACKLIST" MODIFY ("ACCOUNTID" NOT NULL ENABLE)
 
  ALTER TABLE "WEIXIN_USER_BLACKLIST" MODIFY ("OPENID" NOT NULL ENABLE)
 
  ALTER TABLE "WEIXIN_USER_BLACKLIST" MODIFY ("STATUS" NOT NULL ENABLE)
 
  ALTER TABLE "WEIXIN_USER_BLACKLIST" MODIFY ("CREATE_NAME" NOT NULL ENABLE)
 
  ALTER TABLE "WEIXIN_USER_BLACKLIST" MODIFY ("CREATE_BY" NOT NULL ENABLE)
 
  ALTER TABLE "WEIXIN_USER_BLACKLIST" MODIFY ("CREATE_DATE" NOT NULL ENABLE)
 
  ALTER TABLE "WEIXIN_USER_BLACKLIST" MODIFY ("UPDATE_NAME" NOT NULL ENABLE)
 
  ALTER TABLE "WEIXIN_USER_BLACKLIST" MODIFY ("UPDATE_BY" NOT NULL ENABLE)
 
  ALTER TABLE "WEIXIN_USER_BLACKLIST" MODIFY ("UPDATE_DATE" NOT NULL ENABLE)
--------------------------------------------------------
--  Constraints for Table CGFORM_BUTTON
--------------------------------------------------------

  ALTER TABLE "CGFORM_BUTTON" ADD CONSTRAINT "PRIMARY_12" PRIMARY KEY ("ID") ENABLE
 
  ALTER TABLE "CGFORM_BUTTON" MODIFY ("ID" NOT NULL ENABLE)
--------------------------------------------------------
--  Constraints for Table JEECG_MATTER_BOM
--------------------------------------------------------

  ALTER TABLE "JEECG_MATTER_BOM" ADD CONSTRAINT "PRIMARY_26" PRIMARY KEY ("ID") ENABLE
 
  ALTER TABLE "JEECG_MATTER_BOM" MODIFY ("ID" NOT NULL ENABLE)
 
  ALTER TABLE "JEECG_MATTER_BOM" MODIFY ("CODE" NOT NULL ENABLE)
 
  ALTER TABLE "JEECG_MATTER_BOM" MODIFY ("NAME" NOT NULL ENABLE)
 
  ALTER TABLE "JEECG_MATTER_BOM" MODIFY ("PRICE" NOT NULL ENABLE)
 
  ALTER TABLE "JEECG_MATTER_BOM" MODIFY ("QUANTITY" NOT NULL ENABLE)
 
  ALTER TABLE "JEECG_MATTER_BOM" MODIFY ("STOCK" NOT NULL ENABLE)
--------------------------------------------------------
--  Constraints for Table WEIXIN_CMS_SITE
--------------------------------------------------------

  ALTER TABLE "WEIXIN_CMS_SITE" ADD CONSTRAINT "PRIMARY_83" PRIMARY KEY ("ID") ENABLE
 
  ALTER TABLE "WEIXIN_CMS_SITE" MODIFY ("ID" NOT NULL ENABLE)
--------------------------------------------------------
--  Constraints for Table ALIPAY_MENU
--------------------------------------------------------

  ALTER TABLE "ALIPAY_MENU" ADD CONSTRAINT "MENU_KEY" UNIQUE ("MENU_KEY") ENABLE
 
  ALTER TABLE "ALIPAY_MENU" ADD CONSTRAINT "ORDER_" UNIQUE ("ORDERS") ENABLE
 
  ALTER TABLE "ALIPAY_MENU" ADD CONSTRAINT "PRIMARY_5" PRIMARY KEY ("ID") ENABLE
 
  ALTER TABLE "ALIPAY_MENU" MODIFY ("ID" NOT NULL ENABLE)
--------------------------------------------------------
--  Constraints for Table JEECG_DEMO_COURSE
--------------------------------------------------------

  ALTER TABLE "JEECG_DEMO_COURSE" ADD CONSTRAINT "PRIMARY_23" PRIMARY KEY ("ID") ENABLE
 
  ALTER TABLE "JEECG_DEMO_COURSE" MODIFY ("ID" NOT NULL ENABLE)
--------------------------------------------------------
--  Constraints for Table QYWX_GZUSERINFO
--------------------------------------------------------

  ALTER TABLE "QYWX_GZUSERINFO" ADD CONSTRAINT "PRIMARY_46" PRIMARY KEY ("ID") ENABLE
 
  ALTER TABLE "QYWX_GZUSERINFO" MODIFY ("ID" NOT NULL ENABLE)
--------------------------------------------------------
--  Constraints for Table WEIXIN_USER
--------------------------------------------------------

  ALTER TABLE "WEIXIN_USER" ADD CONSTRAINT "PK_WEIXIN_USER" PRIMARY KEY ("ACCOUNTID", "OPENID") ENABLE
 
  ALTER TABLE "WEIXIN_USER" MODIFY ("ACCOUNTID" NOT NULL ENABLE)
 
  ALTER TABLE "WEIXIN_USER" MODIFY ("SUBSCRIBE" NOT NULL ENABLE)
 
  ALTER TABLE "WEIXIN_USER" MODIFY ("OPENID" NOT NULL ENABLE)
 
  ALTER TABLE "WEIXIN_USER" MODIFY ("NICKNAME" NOT NULL ENABLE)
 
  ALTER TABLE "WEIXIN_USER" MODIFY ("SEX" NOT NULL ENABLE)
 
  ALTER TABLE "WEIXIN_USER" MODIFY ("LANGUAGE" NOT NULL ENABLE)
 
  ALTER TABLE "WEIXIN_USER" MODIFY ("SUBSCRIBE_TIME" NOT NULL ENABLE)
 
  ALTER TABLE "WEIXIN_USER" MODIFY ("UNIONID" NOT NULL ENABLE)
 
  ALTER TABLE "WEIXIN_USER" MODIFY ("REMARK" NOT NULL ENABLE)
 
  ALTER TABLE "WEIXIN_USER" MODIFY ("GROUPID" NOT NULL ENABLE)
--------------------------------------------------------
--  Constraints for Table WEIXIN_NEWSTEMPLATE
--------------------------------------------------------

  ALTER TABLE "WEIXIN_NEWSTEMPLATE" ADD CONSTRAINT "PRIMARY_91" PRIMARY KEY ("ID") ENABLE
 
  ALTER TABLE "WEIXIN_NEWSTEMPLATE" MODIFY ("ID" NOT NULL ENABLE)
--------------------------------------------------------
--  Constraints for Table QYWX_GZENTITY
--------------------------------------------------------

  ALTER TABLE "QYWX_GZENTITY" ADD CONSTRAINT "PRIMARY_45" PRIMARY KEY ("ID") ENABLE
 
  ALTER TABLE "QYWX_GZENTITY" MODIFY ("ID" NOT NULL ENABLE)
--------------------------------------------------------
--  Constraints for Table ALIPAY_ACCOUNT
--------------------------------------------------------

  ALTER TABLE "ALIPAY_ACCOUNT" ADD CONSTRAINT "PRIMARY" PRIMARY KEY ("ID") ENABLE
 
  ALTER TABLE "ALIPAY_ACCOUNT" MODIFY ("ID" NOT NULL ENABLE)
 
  ALTER TABLE "ALIPAY_ACCOUNT" ADD CONSTRAINT "UNIQ_CORPID" UNIQUE ("APPID") ENABLE
--------------------------------------------------------
--  Constraints for Table T_S_TERRITORY
--------------------------------------------------------

  ALTER TABLE "T_S_TERRITORY" ADD CONSTRAINT "PRIMARY_71" PRIMARY KEY ("ID") ENABLE
 
  ALTER TABLE "T_S_TERRITORY" MODIFY ("ID" NOT NULL ENABLE)
 
  ALTER TABLE "T_S_TERRITORY" MODIFY ("TERRITORYCODE" NOT NULL ENABLE)
 
  ALTER TABLE "T_S_TERRITORY" MODIFY ("TERRITORYLEVEL" NOT NULL ENABLE)
 
  ALTER TABLE "T_S_TERRITORY" MODIFY ("TERRITORYNAME" NOT NULL ENABLE)
 
  ALTER TABLE "T_S_TERRITORY" MODIFY ("TERRITORYSORT" NOT NULL ENABLE)
 
  ALTER TABLE "T_S_TERRITORY" MODIFY ("X_WGS84" NOT NULL ENABLE)
 
  ALTER TABLE "T_S_TERRITORY" MODIFY ("Y_WGS84" NOT NULL ENABLE)
--------------------------------------------------------
--  Constraints for Table CGFORM_UPLOADFILES
--------------------------------------------------------

  ALTER TABLE "CGFORM_UPLOADFILES" ADD CONSTRAINT "PRIMARY_18" PRIMARY KEY ("ID") ENABLE
 
  ALTER TABLE "CGFORM_UPLOADFILES" MODIFY ("CGFORM_FIELD" NOT NULL ENABLE)
 
  ALTER TABLE "CGFORM_UPLOADFILES" MODIFY ("CGFORM_ID" NOT NULL ENABLE)
 
  ALTER TABLE "CGFORM_UPLOADFILES" MODIFY ("CGFORM_NAME" NOT NULL ENABLE)
 
  ALTER TABLE "CGFORM_UPLOADFILES" MODIFY ("ID" NOT NULL ENABLE)
--------------------------------------------------------
--  Constraints for Table WEIXIN_RECEIVETEXT
--------------------------------------------------------

  ALTER TABLE "WEIXIN_RECEIVETEXT" ADD CONSTRAINT "PRIMARY_96" PRIMARY KEY ("ID") ENABLE
 
  ALTER TABLE "WEIXIN_RECEIVETEXT" MODIFY ("ID" NOT NULL ENABLE)
--------------------------------------------------------
--  Constraints for Table CK_EDITOR
--------------------------------------------------------

  ALTER TABLE "CK_EDITOR" ADD CONSTRAINT "PRIMARY_19" PRIMARY KEY ("ID") ENABLE
 
  ALTER TABLE "CK_EDITOR" MODIFY ("ID" NOT NULL ENABLE)
--------------------------------------------------------
--  Constraints for Table WEIXIN_HDRECORD
--------------------------------------------------------

  ALTER TABLE "WEIXIN_HDRECORD" ADD CONSTRAINT "PRIMARY_86" PRIMARY KEY ("ID") ENABLE
 
  ALTER TABLE "WEIXIN_HDRECORD" MODIFY ("ID" NOT NULL ENABLE)
--------------------------------------------------------
--  Constraints for Table T_FINANCE_FILES
--------------------------------------------------------

  ALTER TABLE "T_FINANCE_FILES" ADD CONSTRAINT "PRIMARY_54" PRIMARY KEY ("ID") ENABLE
 
  ALTER TABLE "T_FINANCE_FILES" MODIFY ("ID" NOT NULL ENABLE)
--------------------------------------------------------
--  Constraints for Table QYWX_AUTORESPONSE_DEFAULT
--------------------------------------------------------

  ALTER TABLE "QYWX_AUTORESPONSE_DEFAULT" ADD CONSTRAINT "PRIMARY_42" PRIMARY KEY ("ID") ENABLE
 
  ALTER TABLE "QYWX_AUTORESPONSE_DEFAULT" MODIFY ("ID" NOT NULL ENABLE)
 
  ALTER TABLE "QYWX_AUTORESPONSE_DEFAULT" MODIFY ("TEMPLATENAME" NOT NULL ENABLE)
 
  ALTER TABLE "QYWX_AUTORESPONSE_DEFAULT" MODIFY ("TEMPLATEID" NOT NULL ENABLE)
--------------------------------------------------------
--  Constraints for Table T_S_VERSION
--------------------------------------------------------

  ALTER TABLE "T_S_VERSION" ADD CONSTRAINT "PRIMARY_76" PRIMARY KEY ("ID") ENABLE
 
  ALTER TABLE "T_S_VERSION" MODIFY ("ID" NOT NULL ENABLE)
--------------------------------------------------------
--  Constraints for Table WEIXIN_PRIZERECORD
--------------------------------------------------------

  ALTER TABLE "WEIXIN_PRIZERECORD" ADD CONSTRAINT "PRIMARY_95" PRIMARY KEY ("ID") ENABLE
 
  ALTER TABLE "WEIXIN_PRIZERECORD" MODIFY ("ID" NOT NULL ENABLE)
--------------------------------------------------------
--  Constraints for Table T_FINANCE
--------------------------------------------------------

  ALTER TABLE "T_FINANCE" ADD CONSTRAINT "PRIMARY_53" PRIMARY KEY ("ID") ENABLE
 
  ALTER TABLE "T_FINANCE" MODIFY ("ID" NOT NULL ENABLE)
--------------------------------------------------------
--  Constraints for Table JP_DEMO_ACTIVITY
--------------------------------------------------------

  ALTER TABLE "JP_DEMO_ACTIVITY" ADD CONSTRAINT "PRIMARY_36" PRIMARY KEY ("ID") ENABLE
 
  ALTER TABLE "JP_DEMO_ACTIVITY" MODIFY ("ID" NOT NULL ENABLE)
 
  ALTER TABLE "JP_DEMO_ACTIVITY" MODIFY ("NAME" NOT NULL ENABLE)
--------------------------------------------------------
--  Constraints for Table ALIPAY_RECEIVETEXT_CONTENT
--------------------------------------------------------

  ALTER TABLE "ALIPAY_RECEIVETEXT_CONTENT" ADD CONSTRAINT "PRIMARY_10" PRIMARY KEY ("ID") ENABLE
 
  ALTER TABLE "ALIPAY_RECEIVETEXT_CONTENT" MODIFY ("ID" NOT NULL ENABLE)
 
  ALTER TABLE "ALIPAY_RECEIVETEXT_CONTENT" MODIFY ("RECEIVETEXT_ID" NOT NULL ENABLE)
--------------------------------------------------------
--  Constraints for Table WEIXIN_CMS_STYLE
--------------------------------------------------------

  ALTER TABLE "WEIXIN_CMS_STYLE" ADD CONSTRAINT "PRIMARY_84" PRIMARY KEY ("ID") ENABLE
 
  ALTER TABLE "WEIXIN_CMS_STYLE" MODIFY ("ID" NOT NULL ENABLE)
--------------------------------------------------------
--  Constraints for Table T_S_TYPEGROUP
--------------------------------------------------------

  ALTER TABLE "T_S_TYPEGROUP" ADD CONSTRAINT "PRIMARY_74" PRIMARY KEY ("ID") ENABLE
 
  ALTER TABLE "T_S_TYPEGROUP" MODIFY ("ID" NOT NULL ENABLE)
--------------------------------------------------------
--  Constraints for Table QYWX_LOCATION
--------------------------------------------------------

  ALTER TABLE "QYWX_LOCATION" MODIFY ("ID" NOT NULL ENABLE)
 
  ALTER TABLE "QYWX_LOCATION" MODIFY ("CORPID" NOT NULL ENABLE)
--------------------------------------------------------
--  Constraints for Table QYWX_MESSAGELOG
--------------------------------------------------------

  ALTER TABLE "QYWX_MESSAGELOG" ADD CONSTRAINT "PRIMARY_48" PRIMARY KEY ("ID") ENABLE
 
  ALTER TABLE "QYWX_MESSAGELOG" MODIFY ("ID" NOT NULL ENABLE)
--------------------------------------------------------
--  Constraints for Table WEIXIN_CMS_AD
--------------------------------------------------------

  ALTER TABLE "WEIXIN_CMS_AD" ADD CONSTRAINT "PRIMARY_80" PRIMARY KEY ("ID") ENABLE
 
  ALTER TABLE "WEIXIN_CMS_AD" MODIFY ("ID" NOT NULL ENABLE)
--------------------------------------------------------
--  Constraints for Table WEIXIN_OPEN_ACCOUNT
--------------------------------------------------------

  ALTER TABLE "WEIXIN_OPEN_ACCOUNT" ADD CONSTRAINT "PRIMARY_92" PRIMARY KEY ("ID") ENABLE
 
  ALTER TABLE "WEIXIN_OPEN_ACCOUNT" MODIFY ("ID" NOT NULL ENABLE)
--------------------------------------------------------
--  Constraints for Table JEECG_ORDER_PRODUCT
--------------------------------------------------------

  ALTER TABLE "JEECG_ORDER_PRODUCT" ADD CONSTRAINT "PRIMARY_30" PRIMARY KEY ("ID") ENABLE
 
  ALTER TABLE "JEECG_ORDER_PRODUCT" MODIFY ("ID" NOT NULL ENABLE)
 
  ALTER TABLE "JEECG_ORDER_PRODUCT" MODIFY ("GO_ORDER_CODE" NOT NULL ENABLE)
 
  ALTER TABLE "JEECG_ORDER_PRODUCT" MODIFY ("GOP_PRODUCT_TYPE" NOT NULL ENABLE)
--------------------------------------------------------
--  Constraints for Table ALIPAY_GZENTITY
--------------------------------------------------------

  ALTER TABLE "ALIPAY_GZENTITY" ADD CONSTRAINT "PRIMARY_3" PRIMARY KEY ("ID") ENABLE
 
  ALTER TABLE "ALIPAY_GZENTITY" MODIFY ("ID" NOT NULL ENABLE)
--------------------------------------------------------
--  Constraints for Table JEECG_DEMO_TEACHER
--------------------------------------------------------

  ALTER TABLE "JEECG_DEMO_TEACHER" ADD CONSTRAINT "PRIMARY_25" PRIMARY KEY ("ID") ENABLE
 
  ALTER TABLE "JEECG_DEMO_TEACHER" MODIFY ("ID" NOT NULL ENABLE)
--------------------------------------------------------
--  Constraints for Table T_S_ICON
--------------------------------------------------------

  ALTER TABLE "T_S_ICON" ADD CONSTRAINT "PRIMARY_63" PRIMARY KEY ("ID") ENABLE
 
  ALTER TABLE "T_S_ICON" MODIFY ("ID" NOT NULL ENABLE)
 
  ALTER TABLE "T_S_ICON" MODIFY ("NAME" NOT NULL ENABLE)
--------------------------------------------------------
--  Constraints for Table WEIXIN_AUTORESPONSE
--------------------------------------------------------

  ALTER TABLE "WEIXIN_AUTORESPONSE" ADD CONSTRAINT "PRIMARY_79" PRIMARY KEY ("ID") ENABLE
 
  ALTER TABLE "WEIXIN_AUTORESPONSE" MODIFY ("ID" NOT NULL ENABLE)
--------------------------------------------------------
--  Constraints for Table JFORM_CGREPORT_ITEM
--------------------------------------------------------

  ALTER TABLE "JFORM_CGREPORT_ITEM" ADD CONSTRAINT "PRIMARY_32" PRIMARY KEY ("ID") ENABLE
 
  ALTER TABLE "JFORM_CGREPORT_ITEM" MODIFY ("ID" NOT NULL ENABLE)
--------------------------------------------------------
--  Constraints for Table ALIPAY_AUTORESPONSE_DEFAULT
--------------------------------------------------------

  ALTER TABLE "ALIPAY_AUTORESPONSE_DEFAULT" ADD CONSTRAINT "PRIMARY_2" PRIMARY KEY ("ID") ENABLE
 
  ALTER TABLE "ALIPAY_AUTORESPONSE_DEFAULT" MODIFY ("ID" NOT NULL ENABLE)
 
  ALTER TABLE "ALIPAY_AUTORESPONSE_DEFAULT" MODIFY ("TEMPLATENAME" NOT NULL ENABLE)
 
  ALTER TABLE "ALIPAY_AUTORESPONSE_DEFAULT" MODIFY ("TEMPLATEID" NOT NULL ENABLE)
--------------------------------------------------------
--  Ref Constraints for Table CGFORM_FIELD
--------------------------------------------------------

  ALTER TABLE "CGFORM_FIELD" ADD CONSTRAINT "FK_IWTKKE1OIGQ9UKAFLDROVSLX6" FOREIGN KEY ("TABLE_ID")
	  REFERENCES "CGFORM_HEAD" ("ID") ENABLE
--------------------------------------------------------
--  Ref Constraints for Table CGFORM_UPLOADFILES
--------------------------------------------------------

  ALTER TABLE "CGFORM_UPLOADFILES" ADD CONSTRAINT "FK_QWIG8SN3OKHVH4WYE8NN8GDEG" FOREIGN KEY ("ID")
	  REFERENCES "T_S_ATTACHMENT" ("ID") ENABLE
--------------------------------------------------------
--  Ref Constraints for Table JEECG_DEMO_COURSE
--------------------------------------------------------

  ALTER TABLE "JEECG_DEMO_COURSE" ADD CONSTRAINT "FK_G3JN8MFOD69I7JFV5GNRCVGBX" FOREIGN KEY ("TEACHER_ID")
	  REFERENCES "JEECG_DEMO_TEACHER" ("ID") ENABLE
--------------------------------------------------------
--  Ref Constraints for Table JEECG_DEMO_STUDENT
--------------------------------------------------------

  ALTER TABLE "JEECG_DEMO_STUDENT" ADD CONSTRAINT "FK_R86Q81KOYOCGOD3CX6529HBPW" FOREIGN KEY ("COURSE_ID")
	  REFERENCES "JEECG_DEMO_COURSE" ("ID") ENABLE
--------------------------------------------------------
--  Ref Constraints for Table JEECG_MATTER_BOM
--------------------------------------------------------

  ALTER TABLE "JEECG_MATTER_BOM" ADD CONSTRAINT "FK_FLDFYREVJ0LI4HEJ5B2GU2Q7W" FOREIGN KEY ("PARENT_ID")
	  REFERENCES "JEECG_MATTER_BOM" ("ID") ENABLE
--------------------------------------------------------
--  Ref Constraints for Table T_FINANCE_FILES
--------------------------------------------------------

  ALTER TABLE "T_FINANCE_FILES" ADD CONSTRAINT "FK_28M7VVI0CY5R5KEKE68B6F7RT" FOREIGN KEY ("ID")
	  REFERENCES "T_S_ATTACHMENT" ("ID") ENABLE
 
  ALTER TABLE "T_FINANCE_FILES" ADD CONSTRAINT "FK_IJ2P74FEYPWCDA4N0N96PYD10" FOREIGN KEY ("FINANCEID")
	  REFERENCES "T_FINANCE" ("ID") ENABLE
--------------------------------------------------------
--  Ref Constraints for Table T_S_BASE_USER
--------------------------------------------------------

  ALTER TABLE "T_S_BASE_USER" ADD CONSTRAINT "FK_15JH1G4IEM1857546GGOR42ET" FOREIGN KEY ("DEPARTID")
	  REFERENCES "T_S_DEPART" ("ID") ENABLE
--------------------------------------------------------
--  Ref Constraints for Table T_S_CONFIG
--------------------------------------------------------

  ALTER TABLE "T_S_CONFIG" ADD CONSTRAINT "FK_M3Q8R50ROR4FL7FJKVD82TQGN" FOREIGN KEY ("USERID")
	  REFERENCES "T_S_USER" ("ID") ENABLE
--------------------------------------------------------
--  Ref Constraints for Table T_S_DEMO
--------------------------------------------------------

  ALTER TABLE "T_S_DEMO" ADD CONSTRAINT "FK_FNI8E3V88WCF2SAHHLV57U4NM" FOREIGN KEY ("DEMOPID")
	  REFERENCES "T_S_DEMO" ("ID") ENABLE
--------------------------------------------------------
--  Ref Constraints for Table T_S_DEPART
--------------------------------------------------------

  ALTER TABLE "T_S_DEPART" ADD CONSTRAINT "FK_KNNM3WB0BEMBWVM0IL7TF6686" FOREIGN KEY ("PARENTDEPARTID")
	  REFERENCES "T_S_DEPART" ("ID") ENABLE
--------------------------------------------------------
--  Ref Constraints for Table T_S_FUNCTION
--------------------------------------------------------

  ALTER TABLE "T_S_FUNCTION" ADD CONSTRAINT "FK_BRD7B3KEORJ8PMXCV8BPAHNXP" FOREIGN KEY ("PARENTFUNCTIONID")
	  REFERENCES "T_S_FUNCTION" ("ID") ENABLE
 
  ALTER TABLE "T_S_FUNCTION" ADD CONSTRAINT "FK_GBDACAOJU6D5U53RP4JO4RBS9" FOREIGN KEY ("DESK_ICONID")
	  REFERENCES "T_S_ICON" ("ID") ENABLE
--------------------------------------------------------
--  Ref Constraints for Table T_S_LOG
--------------------------------------------------------

  ALTER TABLE "T_S_LOG" ADD CONSTRAINT "FK_OE64K4852UYLHYC5A00RFWTAY" FOREIGN KEY ("USERID")
	  REFERENCES "T_S_USER" ("ID") ENABLE
--------------------------------------------------------
--  Ref Constraints for Table T_S_OPERATION
--------------------------------------------------------

  ALTER TABLE "T_S_OPERATION" ADD CONSTRAINT "FK_NY5DE7922L39TA2PKHYSPD5F" FOREIGN KEY ("ICONID")
	  REFERENCES "T_S_ICON" ("ID") ENABLE
 
  ALTER TABLE "T_S_OPERATION" ADD CONSTRAINT "FK_PCEUY41WR2FJBCILYC7MK3M1F" FOREIGN KEY ("FUNCTIONID")
	  REFERENCES "T_S_FUNCTION" ("ID") ENABLE
--------------------------------------------------------
--  Ref Constraints for Table T_S_ROLE_FUNCTION
--------------------------------------------------------

  ALTER TABLE "T_S_ROLE_FUNCTION" ADD CONSTRAINT "FK_9DWW3P4W8JWVLRGWHPITSBFIF" FOREIGN KEY ("ROLEID")
	  REFERENCES "T_S_ROLE" ("ID") ENABLE
 
  ALTER TABLE "T_S_ROLE_FUNCTION" ADD CONSTRAINT "FK_FVSILLJ2CXYK5THNUU625URAB" FOREIGN KEY ("FUNCTIONID")
	  REFERENCES "T_S_FUNCTION" ("ID") ENABLE
--------------------------------------------------------
--  Ref Constraints for Table T_S_ROLE_USER
--------------------------------------------------------

  ALTER TABLE "T_S_ROLE_USER" ADD CONSTRAINT "FK_D4QB5XLD2PFB0BKJX9IWTOLDA" FOREIGN KEY ("USERID")
	  REFERENCES "T_S_USER" ("ID") ENABLE
 
  ALTER TABLE "T_S_ROLE_USER" ADD CONSTRAINT "FK_N2UCXEORVPJY7QHNMUEM01KBX" FOREIGN KEY ("ROLEID")
	  REFERENCES "T_S_ROLE" ("ID") ENABLE
--------------------------------------------------------
--  Ref Constraints for Table T_S_TYPE
--------------------------------------------------------

  ALTER TABLE "T_S_TYPE" ADD CONSTRAINT "FK_3Q40MR4EBTD0CVX79MATL39X1" FOREIGN KEY ("TYPEGROUPID")
	  REFERENCES "T_S_TYPEGROUP" ("ID") ENABLE
 
  ALTER TABLE "T_S_TYPE" ADD CONSTRAINT "FK_NW2B22GY7PLH7PQOWS186ODMQ" FOREIGN KEY ("TYPEPID")
	  REFERENCES "T_S_TYPE" ("ID") ENABLE
--------------------------------------------------------
--  Ref Constraints for Table T_S_USER
--------------------------------------------------------

  ALTER TABLE "T_S_USER" ADD CONSTRAINT "FK_2CUJI5H6YORRXGSR8OJNDLMAL" FOREIGN KEY ("ID")
	  REFERENCES "T_S_BASE_USER" ("ID") ENABLE
--------------------------------------------------------
--  Ref Constraints for Table WEIXIN_NEWSITEM
--------------------------------------------------------

  ALTER TABLE "WEIXIN_NEWSITEM" ADD CONSTRAINT "FK_M8QS8UFEQKK5CX17BUDTO66R0" FOREIGN KEY ("TEMPLATEID")
	  REFERENCES "WEIXIN_NEWSTEMPLATE" ("ID") ENABLE
--------------------------------------------------------
--  DDL for Trigger DOC_ID_TRG
--------------------------------------------------------

  CREATE OR REPLACE TRIGGER "DOC_ID_TRG" BEFORE INSERT ON doc
FOR EACH ROW
DECLARE 
v_newVal NUMBER(12) := 0;
v_incval NUMBER(12) := 0;
BEGIN
  IF INSERTING AND :new.ID IS NULL THEN
    SELECT  doc_ID_SEQ.NEXTVAL INTO v_newVal FROM DUAL;
    -- If this is the first time this table have been inserted into (sequence == 1)
    IF v_newVal = 1 THEN 
      --get the max indentity value from the table
      SELECT NVL(max(ID),0) INTO v_newVal FROM doc;
      v_newVal := v_newVal + 1;
      --set the sequence to that value
      LOOP
           EXIT WHEN v_incval>=v_newVal;
           SELECT doc_ID_SEQ.nextval INTO v_incval FROM dual;
      END LOOP;
    END IF;
    --used to emulate LAST_INSERT_ID()
    --mysql_utilities.identity := v_newVal; 
   -- assign the value from the sequence to emulate the identity column
   :new.ID := v_newVal;
  END IF;
END;
ALTER TRIGGER "DOC_ID_TRG" ENABLE
--------------------------------------------------------
--  DDL for Trigger JP_DEMO_AUTH_ID_TRG
--------------------------------------------------------

  CREATE OR REPLACE TRIGGER "JP_DEMO_AUTH_ID_TRG" BEFORE INSERT ON jp_demo_auth
FOR EACH ROW
DECLARE 
v_newVal NUMBER(12) := 0;
v_incval NUMBER(12) := 0;
BEGIN
  IF INSERTING AND :new.id IS NULL THEN
    SELECT  jp_demo_auth_id_SEQ.NEXTVAL INTO v_newVal FROM DUAL;
    -- If this is the first time this table have been inserted into (sequence == 1)
    IF v_newVal = 1 THEN 
      --get the max indentity value from the table
      SELECT NVL(max(id),0) INTO v_newVal FROM jp_demo_auth;
      v_newVal := v_newVal + 1;
      --set the sequence to that value
      LOOP
           EXIT WHEN v_incval>=v_newVal;
           SELECT jp_demo_auth_id_SEQ.nextval INTO v_incval FROM dual;
      END LOOP;
    END IF;
    --used to emulate LAST_INSERT_ID()
    --mysql_utilities.identity := v_newVal; 
   -- assign the value from the sequence to emulate the identity column
   :new.id := v_newVal;
  END IF;
END;
ALTER TRIGGER "JP_DEMO_AUTH_ID_TRG" ENABLE
